user_id,item_id,rating,timestamp
103,248,3,2025-01-01 00:00:00
436,431,5,2025-01-01 01:00:00
861,103,5,2025-01-01 02:00:00
271,199,4,2025-01-01 03:00:00
107,200,3,2025-01-01 04:00:00
72,42,4,2025-01-01 05:00:00
701,435,5,2025-01-01 06:00:00
21,147,5,2025-01-01 07:00:00
615,66,3,2025-01-01 08:00:00
122,431,4,2025-01-01 09:00:00
467,193,2,2025-01-01 10:00:00
215,298,1,2025-01-01 11:00:00
331,38,4,2025-01-01 12:00:00
459,141,3,2025-01-01 13:00:00
88,106,1,2025-01-01 14:00:00
373,428,5,2025-01-01 15:00:00
100,152,4,2025-01-01 16:00:00
872,352,5,2025-01-01 17:00:00
664,414,4,2025-01-01 18:00:00
131,326,5,2025-01-01 19:00:00
662,38,3,2025-01-01 20:00:00
309,97,3,2025-01-01 21:00:00
770,108,4,2025-01-01 22:00:00
344,119,3,2025-01-01 23:00:00
492,151,5,2025-01-02 00:00:00
806,57,3,2025-01-02 02:00:00
386,366,4,2025-01-02 03:00:00
192,335,5,2025-01-02 04:00:00
956,252,2,2025-01-02 05:00:00
277,407,2,2025-01-02 06:00:00
161,292,5,2025-01-02 07:00:00
460,313,2,2025-01-02 08:00:00
314,255,1,2025-01-02 09:00:00
22,254,3,2025-01-02 10:00:00
253,385,4,2025-01-02 11:00:00
748,456,4,2025-01-02 12:00:00
857,259,4,2025-01-02 13:00:00
561,270,5,2025-01-02 14:00:00
475,465,5,2025-01-02 15:00:00
59,34,5,2025-01-02 16:00:00
511,495,4,2025-01-02 17:00:00
682,326,2,2025-01-02 18:00:00
476,325,5,2025-01-02 19:00:00
700,238,1,2025-01-02 20:00:00
976,179,5,2025-01-02 21:00:00
783,489,1,2025-01-02 22:00:00
190,104,5,2025-01-02 23:00:00
958,29,5,2025-01-03 00:00:00
958,466,3,2025-01-03 02:00:00
563,232,3,2025-01-03 03:00:00
876,304,4,2025-01-03 04:00:00
567,350,2,2025-01-03 05:00:00
244,335,4,2025-01-03 06:00:00
832,117,3,2025-01-03 07:00:00
505,207,3,2025-01-03 08:00:00
131,400,4,2025-01-03 09:00:00
485,185,4,2025-01-03 10:00:00
819,481,2,2025-01-03 11:00:00
647,138,5,2025-01-03 12:00:00
21,403,5,2025-01-03 13:00:00
841,485,3,2025-01-03 14:00:00
167,498,2,2025-01-03 15:00:00
274,323,5,2025-01-03 16:00:00
388,164,2,2025-01-03 17:00:00
601,388,1,2025-01-03 18:00:00
316,75,4,2025-01-03 19:00:00
14,233,3,2025-01-03 20:00:00
242,417,2,2025-01-03 21:00:00
777,284,5,2025-01-03 22:00:00
346,480,3,2025-01-03 23:00:00
898,255,2,2025-01-04 01:00:00
340,464,5,2025-01-04 02:00:00
92,9,4,2025-01-04 03:00:00
956,390,5,2025-01-04 05:00:00
428,305,2,2025-01-04 07:00:00
776,381,4,2025-01-04 09:00:00
943,332,5,2025-01-04 10:00:00
35,150,5,2025-01-04 11:00:00
81,176,2,2025-01-04 13:00:00
932,485,4,2025-01-04 14:00:00
562,405,5,2025-01-04 15:00:00
872,33,3,2025-01-04 16:00:00
388,465,4,2025-01-04 17:00:00
2,184,1,2025-01-04 18:00:00
390,157,5,2025-01-04 19:00:00
566,53,4,2025-01-04 20:00:00
106,296,5,2025-01-04 21:00:00
772,202,5,2025-01-04 22:00:00
822,274,2,2025-01-04 23:00:00
477,175,3,2025-01-05 00:00:00
703,244,5,2025-01-05 01:00:00
402,269,2,2025-01-05 02:00:00
730,411,5,2025-01-05 03:00:00
556,446,5,2025-01-05 04:00:00
162,74,4,2025-01-05 05:00:00
202,96,3,2025-01-05 06:00:00
958,361,3,2025-01-05 07:00:00
996,173,4,2025-01-05 08:00:00
270,387,2,2025-01-05 09:00:00
863,406,4,2025-01-05 10:00:00
816,155,4,2025-01-05 11:00:00
271,183,3,2025-01-05 12:00:00
456,323,3,2025-01-05 13:00:00
727,258,4,2025-01-05 15:00:00
252,75,4,2025-01-05 16:00:00
702,174,5,2025-01-05 17:00:00
296,330,4,2025-01-05 18:00:00
720,247,2,2025-01-05 20:00:00
749,161,5,2025-01-05 21:00:00
338,186,3,2025-01-05 22:00:00
879,391,5,2025-01-05 23:00:00
53,143,5,2025-01-06 00:00:00
792,282,3,2025-01-06 01:00:00
922,395,4,2025-01-06 02:00:00
217,128,5,2025-01-06 03:00:00
764,166,2,2025-01-06 04:00:00
188,27,5,2025-01-06 05:00:00
380,246,2,2025-01-06 06:00:00
493,487,5,2025-01-06 07:00:00
41,135,3,2025-01-06 08:00:00
157,385,4,2025-01-06 09:00:00
15,202,2,2025-01-06 10:00:00
813,21,3,2025-01-06 11:00:00
65,79,4,2025-01-06 12:00:00
857,158,4,2025-01-06 13:00:00
839,94,1,2025-01-06 14:00:00
521,8,5,2025-01-06 15:00:00
344,472,1,2025-01-06 16:00:00
129,339,5,2025-01-06 17:00:00
648,259,4,2025-01-06 18:00:00
472,55,4,2025-01-06 19:00:00
63,399,3,2025-01-06 20:00:00
139,36,4,2025-01-06 21:00:00
499,6,4,2025-01-06 22:00:00
593,377,2,2025-01-06 23:00:00
392,42,3,2025-01-07 00:00:00
675,50,1,2025-01-07 01:00:00
419,112,1,2025-01-07 02:00:00
379,230,3,2025-01-07 04:00:00
490,497,3,2025-01-07 06:00:00
231,306,3,2025-01-07 07:00:00
41,30,2,2025-01-07 08:00:00
28,461,4,2025-01-07 09:00:00
135,295,3,2025-01-07 10:00:00
201,116,4,2025-01-07 11:00:00
840,396,5,2025-01-07 12:00:00
780,226,4,2025-01-07 13:00:00
930,59,3,2025-01-07 14:00:00
33,76,4,2025-01-07 15:00:00
48,428,3,2025-01-07 16:00:00
503,216,5,2025-01-07 17:00:00
407,132,5,2025-01-07 18:00:00
574,420,4,2025-01-07 19:00:00
728,498,5,2025-01-07 20:00:00
805,304,4,2025-01-07 21:00:00
99,398,3,2025-01-07 22:00:00
684,81,2,2025-01-07 23:00:00
872,305,4,2025-01-08 00:00:00
726,67,5,2025-01-08 01:00:00
547,471,4,2025-01-08 03:00:00
961,333,3,2025-01-08 04:00:00
739,393,4,2025-01-08 05:00:00
613,277,5,2025-01-08 06:00:00
943,361,4,2025-01-08 07:00:00
462,72,4,2025-01-08 08:00:00
643,209,4,2025-01-08 09:00:00
769,272,5,2025-01-08 10:00:00
5,144,5,2025-01-08 11:00:00
218,251,1,2025-01-08 12:00:00
503,284,2,2025-01-08 13:00:00
767,179,5,2025-01-08 14:00:00
398,440,5,2025-01-08 15:00:00
871,80,3,2025-01-08 16:00:00
795,57,4,2025-01-08 17:00:00
393,366,5,2025-01-08 18:00:00
207,308,5,2025-01-08 19:00:00
15,174,5,2025-01-08 20:00:00
858,462,3,2025-01-08 21:00:00
554,238,5,2025-01-08 22:00:00
892,492,2,2025-01-08 23:00:00
461,166,5,2025-01-09 00:00:00
691,84,2,2025-01-09 01:00:00
575,493,4,2025-01-09 02:00:00
864,48,4,2025-01-09 03:00:00
743,127,5,2025-01-09 04:00:00
241,169,4,2025-01-09 05:00:00
564,354,1,2025-01-09 06:00:00
96,374,5,2025-01-09 07:00:00
900,443,3,2025-01-09 08:00:00
734,349,3,2025-01-09 09:00:00
485,67,5,2025-01-09 10:00:00
407,330,4,2025-01-09 11:00:00
749,194,4,2025-01-09 13:00:00
655,155,5,2025-01-09 14:00:00
171,160,5,2025-01-09 15:00:00
541,184,4,2025-01-09 16:00:00
36,266,5,2025-01-09 17:00:00
525,168,4,2025-01-09 18:00:00
160,145,5,2025-01-09 19:00:00
839,186,5,2025-01-09 20:00:00
699,374,3,2025-01-09 21:00:00
243,353,4,2025-01-09 22:00:00
86,262,5,2025-01-09 23:00:00
796,423,1,2025-01-10 00:00:00
682,274,4,2025-01-10 02:00:00
557,457,1,2025-01-10 03:00:00
574,328,5,2025-01-10 04:00:00
953,345,3,2025-01-10 05:00:00
646,223,3,2025-01-10 06:00:00
796,42,5,2025-01-10 07:00:00
28,4,3,2025-01-10 08:00:00
620,276,4,2025-01-10 09:00:00
556,284,5,2025-01-10 10:00:00
340,424,5,2025-01-10 11:00:00
798,193,5,2025-01-10 12:00:00
958,104,2,2025-01-10 13:00:00
331,247,1,2025-01-10 14:00:00
640,300,3,2025-01-10 15:00:00
506,23,1,2025-01-10 16:00:00
348,441,4,2025-01-10 17:00:00
473,303,3,2025-01-10 18:00:00
231,13,4,2025-01-10 19:00:00
190,144,3,2025-01-10 20:00:00
225,218,4,2025-01-10 21:00:00
385,183,3,2025-01-10 22:00:00
377,351,2,2025-01-10 23:00:00
283,242,4,2025-01-11 00:00:00
958,193,4,2025-01-11 01:00:00
633,465,5,2025-01-11 02:00:00
628,272,5,2025-01-11 03:00:00
973,375,5,2025-01-11 04:00:00
745,165,4,2025-01-11 05:00:00
259,180,1,2025-01-11 06:00:00
359,117,2,2025-01-11 07:00:00
710,266,5,2025-01-11 08:00:00
456,378,3,2025-01-11 09:00:00
411,38,3,2025-01-11 10:00:00
649,44,2,2025-01-11 11:00:00
318,351,2,2025-01-11 12:00:00
677,74,5,2025-01-11 13:00:00
225,438,3,2025-01-11 14:00:00
819,369,4,2025-01-11 15:00:00
234,226,2,2025-01-11 16:00:00
684,307,4,2025-01-11 17:00:00
664,308,5,2025-01-11 18:00:00
975,454,3,2025-01-11 19:00:00
827,348,5,2025-01-11 20:00:00
374,476,3,2025-01-11 21:00:00
672,315,4,2025-01-11 22:00:00
608,13,5,2025-01-11 23:00:00
472,425,5,2025-01-12 00:00:00
233,12,3,2025-01-12 01:00:00
692,50,2,2025-01-12 02:00:00
113,488,3,2025-01-12 03:00:00
830,313,2,2025-01-12 04:00:00
497,434,2,2025-01-12 05:00:00
442,249,3,2025-01-12 06:00:00
564,119,4,2025-01-12 07:00:00
268,57,5,2025-01-12 08:00:00
510,182,2,2025-01-12 09:00:00
386,264,5,2025-01-12 11:00:00
387,106,5,2025-01-12 12:00:00
113,191,5,2025-01-12 13:00:00
613,137,5,2025-01-12 14:00:00
625,188,5,2025-01-12 15:00:00
952,120,4,2025-01-12 16:00:00
81,242,4,2025-01-12 17:00:00
699,319,5,2025-01-12 18:00:00
113,72,3,2025-01-12 19:00:00
2,243,1,2025-01-12 20:00:00
642,131,5,2025-01-12 21:00:00
220,457,4,2025-01-12 22:00:00
566,269,5,2025-01-12 23:00:00
855,393,1,2025-01-13 00:00:00
997,479,4,2025-01-13 01:00:00
736,473,3,2025-01-13 02:00:00
225,52,5,2025-01-13 03:00:00
385,492,2,2025-01-13 04:00:00
403,62,5,2025-01-13 05:00:00
638,119,2,2025-01-13 06:00:00
53,264,3,2025-01-13 08:00:00
684,239,3,2025-01-13 09:00:00
672,381,2,2025-01-13 11:00:00
710,255,4,2025-01-13 12:00:00
416,173,3,2025-01-13 13:00:00
247,309,5,2025-01-13 14:00:00
836,237,1,2025-01-13 15:00:00
439,319,3,2025-01-13 16:00:00
203,95,4,2025-01-13 17:00:00
184,337,5,2025-01-13 18:00:00
123,495,5,2025-01-13 19:00:00
767,438,1,2025-01-13 21:00:00
294,403,5,2025-01-13 22:00:00
280,67,5,2025-01-13 23:00:00
884,94,3,2025-01-14 01:00:00
610,138,5,2025-01-14 02:00:00
198,369,4,2025-01-14 03:00:00
982,93,4,2025-01-14 04:00:00
907,232,4,2025-01-14 05:00:00
511,402,4,2025-01-14 06:00:00
752,396,4,2025-01-14 07:00:00
609,23,5,2025-01-14 09:00:00
201,62,4,2025-01-14 10:00:00
124,267,4,2025-01-14 11:00:00
187,329,3,2025-01-14 12:00:00
326,118,5,2025-01-14 13:00:00
464,440,4,2025-01-14 14:00:00
349,88,2,2025-01-14 15:00:00
771,89,5,2025-01-14 16:00:00
660,55,2,2025-01-14 17:00:00
764,153,1,2025-01-14 18:00:00
955,239,4,2025-01-14 19:00:00
932,265,4,2025-01-14 20:00:00
403,268,2,2025-01-14 21:00:00
346,395,3,2025-01-14 22:00:00
963,113,5,2025-01-14 23:00:00
511,166,3,2025-01-15 00:00:00
147,156,2,2025-01-15 01:00:00
148,8,5,2025-01-15 02:00:00
864,202,3,2025-01-15 03:00:00
711,217,4,2025-01-15 04:00:00
820,431,3,2025-01-15 05:00:00
489,292,4,2025-01-15 06:00:00
929,381,3,2025-01-15 07:00:00
936,50,5,2025-01-15 08:00:00
640,107,4,2025-01-15 09:00:00
551,9,4,2025-01-15 10:00:00
338,233,5,2025-01-15 11:00:00
872,188,5,2025-01-15 12:00:00
641,456,2,2025-01-15 13:00:00
779,323,5,2025-01-15 14:00:00
988,309,3,2025-01-15 15:00:00
953,338,4,2025-01-15 16:00:00
473,110,3,2025-01-15 17:00:00
946,483,4,2025-01-15 18:00:00
151,145,2,2025-01-15 19:00:00
415,228,4,2025-01-15 20:00:00
990,309,4,2025-01-15 21:00:00
298,412,2,2025-01-15 22:00:00
611,114,4,2025-01-15 23:00:00
263,63,5,2025-01-16 00:00:00
764,399,5,2025-01-16 01:00:00
144,275,4,2025-01-16 02:00:00
346,124,5,2025-01-16 03:00:00
624,86,4,2025-01-16 04:00:00
572,70,2,2025-01-16 05:00:00
881,47,4,2025-01-16 06:00:00
2,199,2,2025-01-16 07:00:00
897,364,5,2025-01-16 08:00:00
254,201,3,2025-01-16 10:00:00
652,276,4,2025-01-16 11:00:00
453,37,4,2025-01-16 12:00:00
37,203,3,2025-01-16 13:00:00
160,130,5,2025-01-16 14:00:00
9,448,4,2025-01-16 15:00:00
233,470,1,2025-01-16 16:00:00
99,496,5,2025-01-16 17:00:00
659,292,2,2025-01-16 18:00:00
816,389,5,2025-01-16 19:00:00
208,64,3,2025-01-16 20:00:00
131,263,4,2025-01-16 21:00:00
404,454,1,2025-01-16 22:00:00
152,120,3,2025-01-16 23:00:00
120,202,4,2025-01-17 01:00:00
673,46,5,2025-01-17 02:00:00
920,168,4,2025-01-17 03:00:00
628,445,5,2025-01-17 04:00:00
587,110,5,2025-01-17 05:00:00
625,46,4,2025-01-17 06:00:00
968,212,4,2025-01-17 07:00:00
420,28,5,2025-01-17 08:00:00
422,87,3,2025-01-17 09:00:00
852,385,4,2025-01-17 11:00:00
254,157,5,2025-01-17 12:00:00
227,265,1,2025-01-17 13:00:00
112,265,5,2025-01-17 14:00:00
510,22,3,2025-01-17 15:00:00
99,191,4,2025-01-17 17:00:00
153,450,3,2025-01-17 18:00:00
861,464,5,2025-01-17 19:00:00
914,232,5,2025-01-17 20:00:00
896,186,5,2025-01-17 21:00:00
878,326,3,2025-01-17 22:00:00
338,183,4,2025-01-17 23:00:00
822,481,4,2025-01-18 01:00:00
163,403,1,2025-01-18 02:00:00
720,463,3,2025-01-18 03:00:00
681,202,4,2025-01-18 05:00:00
996,65,5,2025-01-18 06:00:00
161,444,3,2025-01-18 07:00:00
580,396,5,2025-01-18 08:00:00
801,43,4,2025-01-18 09:00:00
398,221,5,2025-01-18 10:00:00
277,17,3,2025-01-18 11:00:00
816,324,5,2025-01-18 12:00:00
916,285,4,2025-01-18 13:00:00
504,183,4,2025-01-18 14:00:00
896,391,2,2025-01-18 15:00:00
392,44,4,2025-01-18 16:00:00
135,461,5,2025-01-18 17:00:00
195,389,2,2025-01-18 18:00:00
401,188,5,2025-01-18 19:00:00
640,390,1,2025-01-18 20:00:00
33,482,5,2025-01-18 21:00:00
688,263,5,2025-01-18 22:00:00
955,441,2,2025-01-19 00:00:00
883,54,4,2025-01-19 01:00:00
470,220,1,2025-01-19 02:00:00
375,46,4,2025-01-19 03:00:00
22,394,3,2025-01-19 04:00:00
750,260,4,2025-01-19 05:00:00
670,195,1,2025-01-19 06:00:00
38,409,1,2025-01-19 07:00:00
230,471,1,2025-01-19 08:00:00
365,347,4,2025-01-19 09:00:00
563,462,4,2025-01-19 10:00:00
776,166,4,2025-01-19 12:00:00
283,160,5,2025-01-19 13:00:00
27,151,3,2025-01-19 14:00:00
226,111,5,2025-01-19 15:00:00
798,37,1,2025-01-19 17:00:00
609,3,3,2025-01-19 18:00:00
284,483,4,2025-01-19 19:00:00
879,13,5,2025-01-19 20:00:00
960,162,3,2025-01-19 21:00:00
481,344,5,2025-01-19 22:00:00
453,449,4,2025-01-19 23:00:00
829,332,3,2025-01-20 00:00:00
816,264,2,2025-01-20 01:00:00
659,83,2,2025-01-20 02:00:00
516,265,4,2025-01-20 03:00:00
547,412,4,2025-01-20 04:00:00
49,380,5,2025-01-20 06:00:00
512,219,3,2025-01-20 07:00:00
17,146,4,2025-01-20 08:00:00
172,298,1,2025-01-20 09:00:00
220,297,3,2025-01-20 10:00:00
158,454,5,2025-01-20 11:00:00
477,161,3,2025-01-20 12:00:00
518,89,4,2025-01-20 15:00:00
99,333,2,2025-01-20 16:00:00
892,310,3,2025-01-20 17:00:00
745,215,1,2025-01-20 18:00:00
37,420,4,2025-01-20 19:00:00
280,97,5,2025-01-20 20:00:00
349,213,4,2025-01-20 21:00:00
497,354,5,2025-01-20 22:00:00
302,312,5,2025-01-20 23:00:00
181,100,5,2025-01-21 00:00:00
99,10,5,2025-01-21 02:00:00
700,471,4,2025-01-21 03:00:00
993,44,3,2025-01-21 04:00:00
116,251,5,2025-01-21 05:00:00
191,386,5,2025-01-21 06:00:00
253,227,4,2025-01-21 07:00:00
981,398,5,2025-01-21 08:00:00
983,495,4,2025-01-21 10:00:00
161,493,2,2025-01-21 11:00:00
256,169,4,2025-01-21 12:00:00
128,19,3,2025-01-21 14:00:00
18,336,4,2025-01-21 15:00:00
793,235,2,2025-01-21 16:00:00
735,492,1,2025-01-21 17:00:00
566,345,3,2025-01-21 18:00:00
570,1,4,2025-01-21 19:00:00
323,130,3,2025-01-21 20:00:00
872,496,3,2025-01-21 21:00:00
686,27,3,2025-01-21 22:00:00
792,2,2,2025-01-21 23:00:00
626,250,4,2025-01-22 00:00:00
288,222,5,2025-01-22 01:00:00
943,435,3,2025-01-22 02:00:00
854,138,4,2025-01-22 03:00:00
663,275,2,2025-01-22 04:00:00
962,490,3,2025-01-22 05:00:00
639,464,3,2025-01-22 06:00:00
155,141,5,2025-01-22 07:00:00
490,432,4,2025-01-22 08:00:00
386,256,4,2025-01-22 09:00:00
986,370,4,2025-01-22 10:00:00
785,312,2,2025-01-22 11:00:00
104,456,5,2025-01-22 12:00:00
929,440,3,2025-01-22 13:00:00
393,434,1,2025-01-22 14:00:00
811,95,3,2025-01-22 15:00:00
246,173,3,2025-01-22 16:00:00
176,473,2,2025-01-22 17:00:00
39,443,4,2025-01-22 18:00:00
477,423,3,2025-01-22 19:00:00
682,405,4,2025-01-22 20:00:00
759,439,1,2025-01-22 21:00:00
538,57,5,2025-01-22 22:00:00
867,498,2,2025-01-22 23:00:00
818,102,4,2025-01-23 00:00:00
921,169,5,2025-01-23 01:00:00
408,477,2,2025-01-23 02:00:00
525,70,2,2025-01-23 03:00:00
828,338,2,2025-01-23 04:00:00
506,49,3,2025-01-23 05:00:00
903,428,2,2025-01-23 06:00:00
36,347,4,2025-01-23 08:00:00
685,5,4,2025-01-23 09:00:00
20,455,1,2025-01-23 10:00:00
321,202,5,2025-01-23 11:00:00
776,202,2,2025-01-23 12:00:00
512,179,3,2025-01-23 13:00:00
400,57,1,2025-01-23 14:00:00
654,186,2,2025-01-23 15:00:00
972,92,4,2025-01-23 16:00:00
883,292,4,2025-01-23 17:00:00
471,394,4,2025-01-23 18:00:00
143,434,4,2025-01-23 19:00:00
92,483,5,2025-01-23 20:00:00
354,227,4,2025-01-23 21:00:00
834,421,4,2025-01-23 22:00:00
800,112,3,2025-01-23 23:00:00
727,148,2,2025-01-24 00:00:00
959,269,4,2025-01-24 01:00:00
854,203,3,2025-01-24 02:00:00
51,378,4,2025-01-24 03:00:00
665,365,3,2025-01-24 04:00:00
698,403,5,2025-01-24 05:00:00
575,348,5,2025-01-24 06:00:00
190,358,3,2025-01-24 07:00:00
125,56,5,2025-01-24 08:00:00
150,301,5,2025-01-24 09:00:00
314,316,5,2025-01-24 10:00:00
570,452,3,2025-01-24 11:00:00
342,185,5,2025-01-24 12:00:00
305,54,3,2025-01-24 13:00:00
692,37,4,2025-01-24 14:00:00
682,211,5,2025-01-24 15:00:00
838,293,5,2025-01-24 16:00:00
783,270,3,2025-01-24 17:00:00
444,220,4,2025-01-24 19:00:00
613,228,3,2025-01-24 20:00:00
993,428,4,2025-01-24 21:00:00
264,358,5,2025-01-24 22:00:00
53,211,5,2025-01-24 23:00:00
572,298,5,2025-01-25 00:00:00
620,1,1,2025-01-25 01:00:00
5,23,2,2025-01-25 02:00:00
103,448,1,2025-01-25 03:00:00
196,284,2,2025-01-25 04:00:00
774,496,3,2025-01-25 05:00:00
877,388,3,2025-01-25 06:00:00
884,188,5,2025-01-25 08:00:00
47,447,5,2025-01-25 10:00:00
867,445,3,2025-01-25 11:00:00
823,49,4,2025-01-25 12:00:00
656,39,4,2025-01-25 15:00:00
269,217,4,2025-01-25 16:00:00
370,210,5,2025-01-25 17:00:00
636,262,5,2025-01-25 18:00:00
106,211,4,2025-01-25 19:00:00
670,53,3,2025-01-25 20:00:00
659,460,5,2025-01-25 21:00:00
657,281,5,2025-01-25 22:00:00
120,355,4,2025-01-25 23:00:00
831,321,5,2025-01-26 00:00:00
787,133,1,2025-01-26 01:00:00
604,449,1,2025-01-26 02:00:00
58,264,2,2025-01-26 03:00:00
951,295,2,2025-01-26 04:00:00
346,111,4,2025-01-26 05:00:00
741,43,2,2025-01-26 06:00:00
474,338,5,2025-01-26 07:00:00
117,238,4,2025-01-26 08:00:00
830,379,3,2025-01-26 09:00:00
791,457,1,2025-01-26 10:00:00
127,389,4,2025-01-26 11:00:00
393,247,2,2025-01-26 12:00:00
908,4,5,2025-01-26 13:00:00
641,364,5,2025-01-26 14:00:00
58,349,4,2025-01-26 15:00:00
634,385,2,2025-01-26 16:00:00
513,350,5,2025-01-26 17:00:00
751,312,3,2025-01-26 18:00:00
802,173,3,2025-01-26 19:00:00
96,193,4,2025-01-26 20:00:00
638,3,5,2025-01-26 21:00:00
118,278,3,2025-01-26 22:00:00
560,456,5,2025-01-26 23:00:00
601,56,1,2025-01-27 00:00:00
488,274,2,2025-01-27 01:00:00
237,409,4,2025-01-27 02:00:00
885,176,2,2025-01-27 03:00:00
897,116,3,2025-01-27 04:00:00
272,84,2,2025-01-27 05:00:00
189,159,3,2025-01-27 06:00:00
999,286,3,2025-01-27 07:00:00
704,80,5,2025-01-27 08:00:00
447,66,5,2025-01-27 09:00:00
581,209,5,2025-01-27 10:00:00
790,10,5,2025-01-27 11:00:00
861,199,4,2025-01-27 12:00:00
247,59,4,2025-01-27 13:00:00
963,234,5,2025-01-27 14:00:00
76,307,3,2025-01-27 15:00:00
154,244,3,2025-01-27 16:00:00
656,379,5,2025-01-27 17:00:00
435,393,3,2025-01-27 18:00:00
997,54,5,2025-01-27 19:00:00
86,446,4,2025-01-27 20:00:00
697,337,3,2025-01-27 21:00:00
285,393,5,2025-01-27 22:00:00
974,9,3,2025-01-27 23:00:00
220,101,5,2025-01-28 00:00:00
47,295,4,2025-01-28 02:00:00
94,203,2,2025-01-28 03:00:00
750,392,3,2025-01-28 04:00:00
958,153,4,2025-01-28 05:00:00
453,110,5,2025-01-28 06:00:00
218,373,1,2025-01-28 09:00:00
474,152,4,2025-01-28 10:00:00
341,464,1,2025-01-28 12:00:00
551,83,3,2025-01-28 13:00:00
612,443,4,2025-01-28 14:00:00
289,415,5,2025-01-28 15:00:00
254,395,5,2025-01-28 16:00:00
734,134,5,2025-01-28 17:00:00
357,326,2,2025-01-28 18:00:00
23,160,3,2025-01-28 19:00:00
762,39,5,2025-01-28 20:00:00
522,176,5,2025-01-28 21:00:00
758,13,4,2025-01-28 22:00:00
837,315,5,2025-01-28 23:00:00
100,67,5,2025-01-29 00:00:00
802,440,4,2025-01-29 01:00:00
180,248,2,2025-01-29 02:00:00
223,41,4,2025-01-29 03:00:00
906,184,5,2025-01-29 04:00:00
762,35,4,2025-01-29 05:00:00
659,422,5,2025-01-29 06:00:00
442,337,4,2025-01-29 07:00:00
608,451,2,2025-01-29 08:00:00
769,290,2,2025-01-29 09:00:00
325,76,5,2025-01-29 10:00:00
516,472,4,2025-01-29 11:00:00
16,70,1,2025-01-29 12:00:00
792,234,5,2025-01-29 13:00:00
336,11,4,2025-01-29 14:00:00
759,368,5,2025-01-29 15:00:00
258,283,4,2025-01-29 16:00:00
497,304,2,2025-01-29 17:00:00
988,24,4,2025-01-29 18:00:00
896,274,5,2025-01-29 19:00:00
160,27,1,2025-01-29 20:00:00
475,54,5,2025-01-29 21:00:00
852,55,3,2025-01-29 22:00:00
664,376,3,2025-01-29 23:00:00
908,233,3,2025-01-30 00:00:00
690,277,5,2025-01-30 01:00:00
675,443,4,2025-01-30 02:00:00
380,371,4,2025-01-30 03:00:00
545,418,5,2025-01-30 04:00:00
929,120,1,2025-01-30 05:00:00
957,225,2,2025-01-30 06:00:00
691,58,1,2025-01-30 07:00:00
427,255,4,2025-01-30 08:00:00
613,176,4,2025-01-30 09:00:00
268,54,5,2025-01-30 10:00:00
835,146,4,2025-01-30 11:00:00
577,259,3,2025-01-30 12:00:00
417,152,5,2025-01-30 13:00:00
168,385,3,2025-01-30 14:00:00
842,262,5,2025-01-30 15:00:00
43,19,3,2025-01-30 16:00:00
556,342,2,2025-01-30 17:00:00
285,371,4,2025-01-30 18:00:00
397,171,1,2025-01-30 19:00:00
12,379,1,2025-01-30 20:00:00
607,392,4,2025-01-30 21:00:00
302,197,3,2025-01-30 22:00:00
898,436,1,2025-01-30 23:00:00
253,73,3,2025-01-31 00:00:00
499,303,4,2025-01-31 01:00:00
754,85,3,2025-01-31 02:00:00
35,284,2,2025-01-31 03:00:00
727,302,4,2025-01-31 04:00:00
849,132,5,2025-01-31 05:00:00
90,120,4,2025-01-31 06:00:00
776,216,3,2025-01-31 07:00:00
605,136,2,2025-01-31 08:00:00
922,116,4,2025-01-31 09:00:00
970,61,5,2025-01-31 10:00:00
602,17,4,2025-01-31 11:00:00
418,34,2,2025-01-31 12:00:00
115,20,2,2025-01-31 13:00:00
617,208,5,2025-01-31 14:00:00
903,458,5,2025-01-31 15:00:00
196,162,3,2025-01-31 16:00:00
826,299,3,2025-01-31 17:00:00
501,10,5,2025-01-31 18:00:00
626,94,2,2025-01-31 19:00:00
493,414,4,2025-01-31 20:00:00
75,371,5,2025-01-31 21:00:00
413,409,3,2025-01-31 22:00:00
376,383,1,2025-01-31 23:00:00
420,441,3,2025-02-01 00:00:00
729,366,5,2025-02-01 01:00:00
277,447,4,2025-02-01 02:00:00
761,107,5,2025-02-01 03:00:00
676,105,4,2025-02-01 04:00:00
394,71,5,2025-02-01 05:00:00
869,431,5,2025-02-01 06:00:00
457,84,4,2025-02-01 07:00:00
920,209,3,2025-02-01 08:00:00
192,259,4,2025-02-01 09:00:00
739,239,4,2025-02-01 10:00:00
689,302,4,2025-02-01 11:00:00
99,232,5,2025-02-01 12:00:00
548,420,2,2025-02-01 13:00:00
978,282,3,2025-02-01 14:00:00
999,394,4,2025-02-01 15:00:00
96,418,3,2025-02-01 16:00:00
664,206,4,2025-02-01 17:00:00
663,264,5,2025-02-01 18:00:00
190,311,4,2025-02-01 19:00:00
736,347,5,2025-02-01 20:00:00
37,394,5,2025-02-01 21:00:00
780,185,5,2025-02-01 22:00:00
369,114,4,2025-02-01 23:00:00
695,79,2,2025-02-02 00:00:00
525,357,4,2025-02-02 01:00:00
279,342,3,2025-02-02 02:00:00
217,301,5,2025-02-02 03:00:00
867,50,3,2025-02-02 04:00:00
873,320,3,2025-02-02 05:00:00
798,95,4,2025-02-02 06:00:00
881,429,1,2025-02-02 08:00:00
62,351,2,2025-02-02 09:00:00
596,62,5,2025-02-02 10:00:00
880,142,4,2025-02-02 11:00:00
729,330,2,2025-02-02 12:00:00
342,222,4,2025-02-02 13:00:00
397,356,3,2025-02-02 14:00:00
699,111,3,2025-02-02 15:00:00
19,104,5,2025-02-02 16:00:00
177,15,3,2025-02-02 17:00:00
612,270,1,2025-02-02 18:00:00
445,157,5,2025-02-02 20:00:00
233,27,3,2025-02-02 21:00:00
915,85,4,2025-02-02 22:00:00
76,9,5,2025-02-02 23:00:00
265,276,3,2025-02-03 00:00:00
455,227,4,2025-02-03 01:00:00
796,186,4,2025-02-03 02:00:00
718,79,4,2025-02-03 03:00:00
735,216,4,2025-02-03 04:00:00
384,433,4,2025-02-03 05:00:00
851,144,5,2025-02-03 07:00:00
506,356,2,2025-02-03 08:00:00
367,331,4,2025-02-03 09:00:00
144,392,4,2025-02-03 10:00:00
885,67,5,2025-02-03 11:00:00
69,275,4,2025-02-03 12:00:00
99,494,5,2025-02-03 13:00:00
396,105,2,2025-02-03 14:00:00
25,451,4,2025-02-03 15:00:00
469,188,4,2025-02-03 18:00:00
484,164,3,2025-02-03 19:00:00
151,51,3,2025-02-03 21:00:00
144,126,4,2025-02-03 22:00:00
569,80,2,2025-02-03 23:00:00
109,310,5,2025-02-04 01:00:00
693,17,1,2025-02-04 02:00:00
42,446,4,2025-02-04 03:00:00
186,170,5,2025-02-04 04:00:00
935,280,3,2025-02-04 05:00:00
398,401,4,2025-02-04 06:00:00
223,304,4,2025-02-04 07:00:00
634,340,2,2025-02-04 08:00:00
133,214,4,2025-02-04 09:00:00
163,198,5,2025-02-04 10:00:00
215,7,3,2025-02-04 11:00:00
733,398,4,2025-02-04 12:00:00
235,11,3,2025-02-04 13:00:00
843,12,5,2025-02-04 14:00:00
658,110,5,2025-02-04 15:00:00
751,133,2,2025-02-04 16:00:00
588,389,5,2025-02-04 17:00:00
9,128,2,2025-02-04 18:00:00
74,148,2,2025-02-04 19:00:00
954,54,4,2025-02-04 20:00:00
492,311,3,2025-02-04 21:00:00
913,442,4,2025-02-04 22:00:00
253,79,4,2025-02-04 23:00:00
230,346,1,2025-02-05 00:00:00
519,97,3,2025-02-05 01:00:00
174,249,4,2025-02-05 02:00:00
653,127,3,2025-02-05 03:00:00
168,30,1,2025-02-05 04:00:00
170,24,2,2025-02-05 05:00:00
393,471,5,2025-02-05 06:00:00
946,201,5,2025-02-05 07:00:00
795,131,2,2025-02-05 08:00:00
194,356,4,2025-02-05 10:00:00
517,432,5,2025-02-05 11:00:00
165,150,5,2025-02-05 13:00:00
422,14,4,2025-02-05 14:00:00
339,304,5,2025-02-05 15:00:00
648,29,2,2025-02-05 16:00:00
496,50,5,2025-02-05 17:00:00
365,464,4,2025-02-05 18:00:00
833,240,5,2025-02-05 19:00:00
342,482,4,2025-02-05 20:00:00
500,394,4,2025-02-05 21:00:00
657,455,5,2025-02-05 22:00:00
511,473,5,2025-02-05 23:00:00
327,283,4,2025-02-06 00:00:00
217,335,4,2025-02-06 01:00:00
301,352,5,2025-02-06 02:00:00
132,156,5,2025-02-06 03:00:00
70,327,4,2025-02-06 05:00:00
252,336,5,2025-02-06 06:00:00
415,154,4,2025-02-06 07:00:00
787,483,5,2025-02-06 08:00:00
876,87,5,2025-02-06 10:00:00
182,264,5,2025-02-06 11:00:00
167,258,5,2025-02-06 12:00:00
91,479,5,2025-02-06 13:00:00
714,185,5,2025-02-06 14:00:00
858,180,2,2025-02-06 15:00:00
531,186,3,2025-02-06 16:00:00
39,123,4,2025-02-06 17:00:00
126,377,5,2025-02-06 18:00:00
451,96,3,2025-02-06 19:00:00
173,93,2,2025-02-06 20:00:00
653,3,3,2025-02-06 21:00:00
754,392,5,2025-02-06 22:00:00
220,443,5,2025-02-06 23:00:00
638,2,5,2025-02-07 00:00:00
58,479,3,2025-02-07 01:00:00
660,446,3,2025-02-07 02:00:00
476,371,4,2025-02-07 03:00:00
456,305,3,2025-02-07 04:00:00
829,357,4,2025-02-07 05:00:00
895,148,3,2025-02-07 06:00:00
361,285,1,2025-02-07 07:00:00
935,145,4,2025-02-07 08:00:00
1,330,3,2025-02-07 09:00:00
387,361,1,2025-02-07 10:00:00
973,406,4,2025-02-07 11:00:00
348,262,3,2025-02-07 12:00:00
190,62,4,2025-02-07 13:00:00
505,491,3,2025-02-07 14:00:00
191,226,4,2025-02-07 15:00:00
508,31,5,2025-02-07 16:00:00
369,190,4,2025-02-07 17:00:00
409,375,4,2025-02-07 18:00:00
824,268,5,2025-02-07 19:00:00
929,12,3,2025-02-07 20:00:00
117,400,3,2025-02-07 22:00:00
134,25,4,2025-02-07 23:00:00
58,406,4,2025-02-08 00:00:00
556,91,1,2025-02-08 01:00:00
685,88,5,2025-02-08 02:00:00
672,332,1,2025-02-08 03:00:00
829,301,5,2025-02-08 05:00:00
815,111,5,2025-02-08 06:00:00
80,324,2,2025-02-08 08:00:00
886,140,5,2025-02-08 09:00:00
213,433,3,2025-02-08 10:00:00
203,417,5,2025-02-08 11:00:00
764,214,3,2025-02-08 12:00:00
229,447,3,2025-02-08 13:00:00
676,18,5,2025-02-08 14:00:00
227,54,1,2025-02-08 15:00:00
659,368,2,2025-02-08 16:00:00
532,97,4,2025-02-08 17:00:00
402,234,4,2025-02-08 19:00:00
47,467,4,2025-02-08 20:00:00
233,240,5,2025-02-08 21:00:00
305,334,2,2025-02-08 22:00:00
526,409,4,2025-02-08 23:00:00
143,418,5,2025-02-09 00:00:00
415,344,4,2025-02-09 01:00:00
513,486,4,2025-02-09 02:00:00
373,444,1,2025-02-09 03:00:00
566,54,1,2025-02-09 04:00:00
886,87,2,2025-02-09 05:00:00
259,261,3,2025-02-09 06:00:00
656,236,2,2025-02-09 07:00:00
471,123,4,2025-02-09 08:00:00
953,420,2,2025-02-09 09:00:00
971,54,5,2025-02-09 10:00:00
12,216,5,2025-02-09 11:00:00
736,197,4,2025-02-09 13:00:00
784,39,5,2025-02-09 14:00:00
358,365,5,2025-02-09 16:00:00
972,228,2,2025-02-09 17:00:00
668,132,4,2025-02-09 19:00:00
373,330,1,2025-02-09 20:00:00
8,500,5,2025-02-09 21:00:00
122,321,5,2025-02-09 22:00:00
348,469,3,2025-02-09 23:00:00
676,168,5,2025-02-10 00:00:00
648,37,4,2025-02-10 02:00:00
698,67,2,2025-02-10 03:00:00
316,111,3,2025-02-10 04:00:00
178,415,5,2025-02-10 05:00:00
540,219,3,2025-02-10 06:00:00
732,209,1,2025-02-10 07:00:00
869,381,4,2025-02-10 08:00:00
41,87,3,2025-02-10 09:00:00
740,461,4,2025-02-10 10:00:00
704,303,2,2025-02-10 11:00:00
923,411,5,2025-02-10 12:00:00
502,179,3,2025-02-10 13:00:00
959,404,3,2025-02-10 14:00:00
145,494,3,2025-02-10 15:00:00
201,13,4,2025-02-10 16:00:00
929,447,2,2025-02-10 17:00:00
724,300,4,2025-02-10 18:00:00
461,408,3,2025-02-10 19:00:00
732,125,5,2025-02-10 20:00:00
752,375,1,2025-02-10 21:00:00
925,233,5,2025-02-10 22:00:00
909,251,2,2025-02-10 23:00:00
558,387,2,2025-02-11 00:00:00
547,126,3,2025-02-11 01:00:00
253,235,2,2025-02-11 02:00:00
390,138,4,2025-02-11 03:00:00
594,449,5,2025-02-11 04:00:00
883,49,1,2025-02-11 05:00:00
709,186,3,2025-02-11 07:00:00
815,205,3,2025-02-11 08:00:00
921,78,3,2025-02-11 09:00:00
450,481,5,2025-02-11 10:00:00
10,386,1,2025-02-11 11:00:00
824,194,5,2025-02-11 12:00:00
798,103,3,2025-02-11 13:00:00
242,105,3,2025-02-11 14:00:00
251,376,4,2025-02-11 15:00:00
877,287,3,2025-02-11 16:00:00
5,324,2,2025-02-11 17:00:00
119,482,2,2025-02-11 18:00:00
801,211,3,2025-02-11 19:00:00
374,250,5,2025-02-11 20:00:00
65,293,2,2025-02-11 21:00:00
146,201,5,2025-02-11 22:00:00
224,24,3,2025-02-11 23:00:00
239,461,5,2025-02-12 00:00:00
177,300,4,2025-02-12 01:00:00
779,478,2,2025-02-12 02:00:00
853,83,5,2025-02-12 03:00:00
282,297,2,2025-02-12 04:00:00
63,458,4,2025-02-12 05:00:00
217,179,4,2025-02-12 06:00:00
854,298,3,2025-02-12 07:00:00
795,206,5,2025-02-12 09:00:00
689,40,5,2025-02-12 10:00:00
461,304,5,2025-02-12 11:00:00
929,113,4,2025-02-12 12:00:00
610,340,2,2025-02-12 13:00:00
99,486,3,2025-02-12 15:00:00
511,108,2,2025-02-12 16:00:00
385,316,4,2025-02-12 17:00:00
518,261,5,2025-02-12 20:00:00
977,224,2,2025-02-12 22:00:00
709,262,5,2025-02-12 23:00:00
863,251,5,2025-02-13 00:00:00
645,14,3,2025-02-13 01:00:00
870,198,3,2025-02-13 02:00:00
771,126,3,2025-02-13 03:00:00
23,140,1,2025-02-13 05:00:00
997,62,3,2025-02-13 06:00:00
565,283,5,2025-02-13 07:00:00
677,54,4,2025-02-13 08:00:00
714,346,3,2025-02-13 09:00:00
458,12,5,2025-02-13 10:00:00
83,136,5,2025-02-13 11:00:00
145,330,5,2025-02-13 12:00:00
85,144,3,2025-02-13 13:00:00
78,436,5,2025-02-13 14:00:00
457,282,5,2025-02-13 15:00:00
878,136,2,2025-02-13 16:00:00
51,301,1,2025-02-13 18:00:00
685,221,5,2025-02-13 19:00:00
717,340,5,2025-02-13 20:00:00
772,209,5,2025-02-13 21:00:00
446,403,2,2025-02-13 22:00:00
449,401,4,2025-02-13 23:00:00
881,359,2,2025-02-14 00:00:00
488,380,5,2025-02-14 01:00:00
800,449,4,2025-02-14 02:00:00
34,123,2,2025-02-14 03:00:00
348,116,2,2025-02-14 04:00:00
95,157,4,2025-02-14 05:00:00
72,270,4,2025-02-14 06:00:00
551,17,5,2025-02-14 07:00:00
154,269,3,2025-02-14 08:00:00
250,349,4,2025-02-14 09:00:00
674,482,2,2025-02-14 10:00:00
438,219,4,2025-02-14 11:00:00
118,319,5,2025-02-14 12:00:00
771,238,4,2025-02-14 13:00:00
891,33,1,2025-02-14 14:00:00
306,285,5,2025-02-14 15:00:00
268,37,2,2025-02-14 16:00:00
961,103,5,2025-02-14 17:00:00
54,211,4,2025-02-14 18:00:00
236,430,3,2025-02-14 19:00:00
389,280,2,2025-02-14 20:00:00
990,142,2,2025-02-14 21:00:00
734,239,5,2025-02-14 22:00:00
763,229,5,2025-02-14 23:00:00
825,133,4,2025-02-15 00:00:00
401,125,2,2025-02-15 01:00:00
624,53,5,2025-02-15 02:00:00
767,88,4,2025-02-15 03:00:00
303,98,4,2025-02-15 04:00:00
919,370,4,2025-02-15 05:00:00
207,95,3,2025-02-15 06:00:00
229,414,4,2025-02-15 07:00:00
853,188,4,2025-02-15 08:00:00
910,376,4,2025-02-15 09:00:00
578,256,5,2025-02-15 10:00:00
75,73,3,2025-02-15 11:00:00
435,475,4,2025-02-15 12:00:00
103,412,3,2025-02-15 13:00:00
422,362,5,2025-02-15 14:00:00
704,282,2,2025-02-15 15:00:00
764,18,2,2025-02-15 16:00:00
738,164,5,2025-02-15 17:00:00
806,392,2,2025-02-15 18:00:00
306,146,4,2025-02-15 19:00:00
98,468,5,2025-02-15 20:00:00
850,314,4,2025-02-15 21:00:00
798,253,2,2025-02-15 22:00:00
335,160,3,2025-02-15 23:00:00
859,349,5,2025-02-16 00:00:00
435,49,3,2025-02-16 01:00:00
447,176,5,2025-02-16 02:00:00
308,327,4,2025-02-16 04:00:00
249,65,5,2025-02-16 05:00:00
166,476,3,2025-02-16 06:00:00
481,289,4,2025-02-16 07:00:00
335,4,2,2025-02-16 09:00:00
542,119,3,2025-02-16 10:00:00
759,340,4,2025-02-16 11:00:00
106,373,4,2025-02-16 12:00:00
563,500,4,2025-02-16 13:00:00
81,164,5,2025-02-16 14:00:00
133,223,4,2025-02-16 15:00:00
797,358,5,2025-02-16 16:00:00
900,156,5,2025-02-16 17:00:00
138,387,3,2025-02-16 18:00:00
330,23,5,2025-02-16 21:00:00
785,391,2,2025-02-16 22:00:00
852,61,2,2025-02-17 00:00:00
984,356,3,2025-02-17 01:00:00
69,321,4,2025-02-17 02:00:00
546,134,1,2025-02-17 03:00:00
774,24,4,2025-02-17 04:00:00
53,293,5,2025-02-17 05:00:00
450,45,5,2025-02-17 06:00:00
205,179,3,2025-02-17 07:00:00
126,356,5,2025-02-17 08:00:00
747,472,5,2025-02-17 09:00:00
43,358,2,2025-02-17 10:00:00
752,429,4,2025-02-17 11:00:00
971,63,5,2025-02-17 12:00:00
883,29,3,2025-02-17 13:00:00
111,357,5,2025-02-17 14:00:00
761,365,4,2025-02-17 15:00:00
663,96,2,2025-02-17 16:00:00
183,409,4,2025-02-17 17:00:00
848,266,3,2025-02-17 18:00:00
95,291,3,2025-02-17 19:00:00
971,55,4,2025-02-17 20:00:00
374,153,4,2025-02-17 21:00:00
912,219,4,2025-02-17 22:00:00
900,96,5,2025-02-18 00:00:00
900,12,5,2025-02-18 02:00:00
281,362,3,2025-02-18 04:00:00
195,346,1,2025-02-18 05:00:00
864,67,5,2025-02-18 06:00:00
195,145,5,2025-02-18 07:00:00
667,457,2,2025-02-18 08:00:00
93,477,5,2025-02-18 09:00:00
672,65,1,2025-02-18 10:00:00
946,82,1,2025-02-18 11:00:00
61,105,4,2025-02-18 12:00:00
634,181,2,2025-02-18 13:00:00
51,340,5,2025-02-18 14:00:00
403,441,5,2025-02-18 15:00:00
789,105,4,2025-02-18 16:00:00
5,226,1,2025-02-18 17:00:00
466,371,3,2025-02-18 18:00:00
604,28,3,2025-02-18 19:00:00
682,496,4,2025-02-18 20:00:00
829,483,2,2025-02-18 21:00:00
534,16,4,2025-02-18 22:00:00
405,277,4,2025-02-18 23:00:00
838,333,5,2025-02-19 00:00:00
513,483,5,2025-02-19 01:00:00
645,298,4,2025-02-19 02:00:00
233,54,4,2025-02-19 03:00:00
524,288,2,2025-02-19 04:00:00
346,114,3,2025-02-19 05:00:00
46,38,5,2025-02-19 06:00:00
546,454,4,2025-02-19 07:00:00
945,370,2,2025-02-19 08:00:00
78,230,4,2025-02-19 09:00:00
730,166,5,2025-02-19 10:00:00
813,182,3,2025-02-19 11:00:00
923,444,2,2025-02-19 12:00:00
73,205,5,2025-02-19 13:00:00
794,366,4,2025-02-19 14:00:00
249,245,4,2025-02-19 15:00:00
47,359,3,2025-02-19 16:00:00
121,333,5,2025-02-19 17:00:00
214,431,5,2025-02-19 18:00:00
239,396,4,2025-02-19 19:00:00
56,309,1,2025-02-19 20:00:00
350,417,4,2025-02-19 21:00:00
107,412,2,2025-02-19 22:00:00
831,121,2,2025-02-19 23:00:00
48,259,3,2025-02-20 00:00:00
573,210,2,2025-02-20 01:00:00
337,410,5,2025-02-20 02:00:00
26,310,1,2025-02-20 03:00:00
804,296,4,2025-02-20 04:00:00
257,194,2,2025-02-20 05:00:00
8,68,4,2025-02-20 06:00:00
625,114,1,2025-02-20 07:00:00
867,220,4,2025-02-20 08:00:00
253,220,5,2025-02-20 09:00:00
692,473,5,2025-02-20 10:00:00
719,218,4,2025-02-20 11:00:00
303,237,2,2025-02-20 12:00:00
639,431,2,2025-02-20 13:00:00
56,386,5,2025-02-20 14:00:00
726,298,3,2025-02-20 15:00:00
526,418,4,2025-02-20 16:00:00
28,253,5,2025-02-20 18:00:00
983,405,5,2025-02-20 19:00:00
78,492,5,2025-02-20 20:00:00
216,357,4,2025-02-20 21:00:00
386,428,5,2025-02-20 22:00:00
365,215,3,2025-02-20 23:00:00
666,481,5,2025-02-21 00:00:00
526,380,3,2025-02-21 01:00:00
699,258,4,2025-02-21 02:00:00
312,347,3,2025-02-21 03:00:00
883,240,2,2025-02-21 04:00:00
7,315,4,2025-02-21 05:00:00
3,214,3,2025-02-21 06:00:00
623,98,4,2025-02-21 07:00:00
750,404,4,2025-02-21 09:00:00
363,154,2,2025-02-21 10:00:00
751,16,4,2025-02-21 11:00:00
508,198,5,2025-02-21 12:00:00
274,493,3,2025-02-21 13:00:00
506,108,4,2025-02-21 14:00:00
806,23,4,2025-02-21 15:00:00
739,42,5,2025-02-21 16:00:00
883,37,4,2025-02-21 17:00:00
15,328,2,2025-02-21 18:00:00
192,390,5,2025-02-21 19:00:00
985,165,5,2025-02-21 20:00:00
631,116,5,2025-02-21 21:00:00
485,150,4,2025-02-21 22:00:00
28,6,5,2025-02-21 23:00:00
714,32,4,2025-02-22 00:00:00
39,145,5,2025-02-22 01:00:00
953,294,5,2025-02-22 02:00:00
273,401,5,2025-02-22 03:00:00
231,293,4,2025-02-22 04:00:00
86,407,5,2025-02-22 05:00:00
474,177,2,2025-02-22 06:00:00
126,445,2,2025-02-22 07:00:00
812,177,4,2025-02-22 08:00:00
537,61,4,2025-02-22 09:00:00
145,77,2,2025-02-22 10:00:00
525,416,4,2025-02-22 11:00:00
212,383,2,2025-02-22 12:00:00
25,86,4,2025-02-22 13:00:00
580,191,5,2025-02-22 14:00:00
394,7,5,2025-02-22 15:00:00
67,406,3,2025-02-22 16:00:00
233,85,5,2025-02-22 17:00:00
109,262,4,2025-02-22 18:00:00
146,445,5,2025-02-22 19:00:00
111,398,4,2025-02-22 20:00:00
228,400,5,2025-02-22 21:00:00
111,259,5,2025-02-22 22:00:00
470,393,4,2025-02-22 23:00:00
34,47,3,2025-02-23 00:00:00
623,341,4,2025-02-23 01:00:00
776,498,4,2025-02-23 02:00:00
936,94,4,2025-02-23 03:00:00
369,478,3,2025-02-23 04:00:00
748,426,4,2025-02-23 05:00:00
595,426,4,2025-02-23 06:00:00
554,224,5,2025-02-23 07:00:00
425,279,5,2025-02-23 08:00:00
613,3,2,2025-02-23 09:00:00
518,129,3,2025-02-23 10:00:00
692,323,1,2025-02-23 11:00:00
282,249,1,2025-02-23 12:00:00
320,229,3,2025-02-23 13:00:00
738,327,5,2025-02-23 14:00:00
443,131,5,2025-02-23 15:00:00
952,228,3,2025-02-23 16:00:00
315,177,4,2025-02-23 17:00:00
877,323,5,2025-02-23 18:00:00
966,311,5,2025-02-23 19:00:00
741,388,5,2025-02-23 20:00:00
377,31,1,2025-02-23 21:00:00
289,66,3,2025-02-23 22:00:00
437,206,1,2025-02-23 23:00:00
662,101,4,2025-02-24 00:00:00
277,320,5,2025-02-24 01:00:00
710,31,3,2025-02-24 02:00:00
582,373,5,2025-02-24 03:00:00
624,66,5,2025-02-24 05:00:00
516,415,1,2025-02-24 06:00:00
350,303,2,2025-02-24 07:00:00
843,235,3,2025-02-24 08:00:00
446,278,1,2025-02-24 09:00:00
830,202,5,2025-02-24 10:00:00
350,500,1,2025-02-24 11:00:00
607,350,5,2025-02-24 12:00:00
664,225,1,2025-02-24 13:00:00
823,83,3,2025-02-24 14:00:00
137,46,5,2025-02-24 15:00:00
759,89,5,2025-02-24 16:00:00
899,186,4,2025-02-24 17:00:00
243,375,5,2025-02-24 18:00:00
543,189,4,2025-02-24 19:00:00
40,246,4,2025-02-24 20:00:00
229,46,5,2025-02-24 21:00:00
548,257,3,2025-02-24 22:00:00
920,352,3,2025-02-24 23:00:00
223,409,4,2025-02-25 00:00:00
6,61,3,2025-02-25 01:00:00
322,105,2,2025-02-25 02:00:00
468,337,1,2025-02-25 03:00:00
732,14,5,2025-02-25 04:00:00
4,77,4,2025-02-25 06:00:00
646,167,4,2025-02-25 08:00:00
118,66,5,2025-02-25 09:00:00
881,32,5,2025-02-25 10:00:00
606,96,5,2025-02-25 11:00:00
504,58,4,2025-02-25 12:00:00
998,104,4,2025-02-25 13:00:00
947,312,4,2025-02-25 14:00:00
574,134,4,2025-02-25 15:00:00
194,67,4,2025-02-25 17:00:00
847,466,3,2025-02-25 18:00:00
715,178,1,2025-02-25 19:00:00
392,374,4,2025-02-25 20:00:00
26,247,5,2025-02-25 21:00:00
435,294,1,2025-02-25 22:00:00
173,235,2,2025-02-25 23:00:00
300,131,4,2025-02-26 00:00:00
645,112,4,2025-02-26 01:00:00
326,389,2,2025-02-26 02:00:00
410,408,1,2025-02-26 03:00:00
118,54,4,2025-02-26 04:00:00
836,290,5,2025-02-26 05:00:00
787,239,1,2025-02-26 06:00:00
724,240,3,2025-02-26 07:00:00
225,295,4,2025-02-26 08:00:00
532,112,2,2025-02-26 09:00:00
113,88,3,2025-02-26 10:00:00
140,228,4,2025-02-26 11:00:00
1,304,3,2025-02-26 13:00:00
90,305,4,2025-02-26 14:00:00
654,290,3,2025-02-26 15:00:00
320,208,5,2025-02-26 16:00:00
550,356,1,2025-02-26 17:00:00
805,391,4,2025-02-26 18:00:00
894,274,5,2025-02-26 19:00:00
139,70,5,2025-02-26 20:00:00
511,370,4,2025-02-26 21:00:00
845,231,4,2025-02-26 23:00:00
259,290,3,2025-02-27 00:00:00
673,307,4,2025-02-27 01:00:00
10,255,4,2025-02-27 04:00:00
261,452,5,2025-02-27 05:00:00
919,142,5,2025-02-27 06:00:00
650,69,5,2025-02-27 07:00:00
13,136,4,2025-02-27 10:00:00
168,143,2,2025-02-27 11:00:00
642,339,2,2025-02-27 12:00:00
596,187,4,2025-02-27 13:00:00
321,11,2,2025-02-27 14:00:00
319,148,4,2025-02-27 15:00:00
613,439,4,2025-02-27 16:00:00
329,292,4,2025-02-27 17:00:00
785,338,1,2025-02-27 18:00:00
777,398,1,2025-02-27 19:00:00
971,442,2,2025-02-27 20:00:00
911,38,2,2025-02-27 21:00:00
920,345,5,2025-02-27 22:00:00
550,208,3,2025-02-27 23:00:00
419,210,3,2025-02-28 00:00:00
606,1,1,2025-02-28 01:00:00
95,360,4,2025-02-28 02:00:00
817,65,4,2025-02-28 03:00:00
581,1,2,2025-02-28 04:00:00
318,243,5,2025-02-28 05:00:00
956,469,5,2025-02-28 06:00:00
236,381,3,2025-02-28 07:00:00
946,316,4,2025-02-28 08:00:00
334,25,4,2025-02-28 09:00:00
885,347,3,2025-02-28 10:00:00
376,394,5,2025-02-28 11:00:00
459,50,2,2025-02-28 12:00:00
137,396,4,2025-02-28 13:00:00
930,348,4,2025-02-28 14:00:00
588,241,4,2025-02-28 15:00:00
995,32,5,2025-02-28 16:00:00
547,33,3,2025-02-28 17:00:00
513,200,2,2025-02-28 18:00:00
296,234,4,2025-02-28 19:00:00
320,26,2,2025-02-28 20:00:00
918,42,1,2025-02-28 21:00:00
572,434,4,2025-02-28 22:00:00
832,61,3,2025-02-28 23:00:00
349,41,3,2025-03-01 00:00:00
840,441,3,2025-03-01 01:00:00
779,130,2,2025-03-01 02:00:00
873,355,4,2025-03-01 03:00:00
229,354,1,2025-03-01 04:00:00
270,198,5,2025-03-01 05:00:00
828,287,3,2025-03-01 06:00:00
798,151,4,2025-03-01 07:00:00
291,204,5,2025-03-01 08:00:00
725,182,3,2025-03-01 09:00:00
165,371,5,2025-03-01 10:00:00
5,412,5,2025-03-01 11:00:00
851,207,3,2025-03-01 12:00:00
379,147,5,2025-03-01 13:00:00
78,204,1,2025-03-01 14:00:00
410,498,3,2025-03-01 15:00:00
574,48,5,2025-03-01 16:00:00
132,258,2,2025-03-01 17:00:00
601,139,4,2025-03-01 18:00:00
749,172,5,2025-03-01 19:00:00
42,101,5,2025-03-01 20:00:00
89,187,4,2025-03-01 21:00:00
402,384,5,2025-03-01 22:00:00
296,315,4,2025-03-01 23:00:00
840,376,3,2025-03-02 00:00:00
295,294,4,2025-03-02 01:00:00
526,363,4,2025-03-02 03:00:00
800,21,4,2025-03-02 04:00:00
691,298,4,2025-03-02 05:00:00
637,420,4,2025-03-02 06:00:00
422,393,5,2025-03-02 07:00:00
865,396,4,2025-03-02 08:00:00
23,10,3,2025-03-02 09:00:00
575,187,5,2025-03-02 10:00:00
143,494,3,2025-03-02 11:00:00
993,133,5,2025-03-02 12:00:00
665,33,1,2025-03-02 13:00:00
145,69,3,2025-03-02 14:00:00
225,80,2,2025-03-02 15:00:00
503,191,2,2025-03-02 16:00:00
962,101,4,2025-03-02 17:00:00
974,485,3,2025-03-02 18:00:00
821,285,5,2025-03-02 19:00:00
616,402,4,2025-03-02 20:00:00
104,221,3,2025-03-02 21:00:00
947,390,5,2025-03-02 22:00:00
39,53,4,2025-03-02 23:00:00
947,466,5,2025-03-03 00:00:00
198,160,4,2025-03-03 01:00:00
646,380,2,2025-03-03 02:00:00
579,42,4,2025-03-03 03:00:00
391,47,3,2025-03-03 04:00:00
179,159,4,2025-03-03 05:00:00
968,446,5,2025-03-03 06:00:00
554,184,3,2025-03-03 07:00:00
448,246,4,2025-03-03 08:00:00
500,11,3,2025-03-03 09:00:00
623,220,4,2025-03-03 11:00:00
669,155,4,2025-03-03 12:00:00
289,339,4,2025-03-03 13:00:00
478,441,3,2025-03-03 14:00:00
231,365,5,2025-03-03 15:00:00
923,283,1,2025-03-03 16:00:00
420,187,3,2025-03-03 17:00:00
157,62,5,2025-03-03 18:00:00
550,148,5,2025-03-03 19:00:00
97,144,5,2025-03-03 21:00:00
997,103,2,2025-03-03 22:00:00
411,300,3,2025-03-03 23:00:00
951,93,5,2025-03-04 00:00:00
289,463,5,2025-03-04 01:00:00
254,286,3,2025-03-04 02:00:00
196,424,1,2025-03-04 03:00:00
598,119,2,2025-03-04 04:00:00
834,497,3,2025-03-04 05:00:00
522,449,5,2025-03-04 06:00:00
517,29,4,2025-03-04 07:00:00
635,30,4,2025-03-04 08:00:00
842,360,4,2025-03-04 09:00:00
865,366,5,2025-03-04 10:00:00
118,288,2,2025-03-04 11:00:00
806,138,4,2025-03-04 12:00:00
909,475,5,2025-03-04 13:00:00
159,51,3,2025-03-04 14:00:00
228,435,4,2025-03-04 16:00:00
877,292,1,2025-03-04 17:00:00
216,234,3,2025-03-04 18:00:00
948,55,4,2025-03-04 19:00:00
696,419,4,2025-03-04 20:00:00
15,292,4,2025-03-04 21:00:00
157,240,3,2025-03-04 22:00:00
648,312,4,2025-03-04 23:00:00
261,36,3,2025-03-05 00:00:00
157,89,3,2025-03-05 01:00:00
47,212,3,2025-03-05 02:00:00
324,445,4,2025-03-05 03:00:00
844,318,2,2025-03-05 04:00:00
685,500,3,2025-03-05 05:00:00
130,365,3,2025-03-05 06:00:00
411,245,2,2025-03-05 07:00:00
95,465,3,2025-03-05 08:00:00
627,87,4,2025-03-05 09:00:00
932,240,4,2025-03-05 11:00:00
292,320,4,2025-03-05 12:00:00
794,188,1,2025-03-05 13:00:00
811,57,5,2025-03-05 14:00:00
283,113,2,2025-03-05 15:00:00
69,223,4,2025-03-05 16:00:00
660,70,5,2025-03-05 17:00:00
11,227,4,2025-03-05 18:00:00
254,256,3,2025-03-05 19:00:00
842,180,3,2025-03-05 20:00:00
872,184,1,2025-03-05 21:00:00
550,191,4,2025-03-05 22:00:00
712,232,5,2025-03-06 00:00:00
23,276,1,2025-03-06 01:00:00
815,233,5,2025-03-06 02:00:00
346,54,5,2025-03-06 03:00:00
302,257,2,2025-03-06 04:00:00
363,493,3,2025-03-06 05:00:00
396,90,4,2025-03-06 06:00:00
218,226,4,2025-03-06 07:00:00
141,247,2,2025-03-06 08:00:00
616,394,2,2025-03-06 09:00:00
210,435,2,2025-03-06 11:00:00
993,408,5,2025-03-06 13:00:00
623,269,4,2025-03-06 14:00:00
616,157,4,2025-03-06 15:00:00
683,366,4,2025-03-06 17:00:00
460,347,4,2025-03-06 18:00:00
356,351,5,2025-03-06 19:00:00
324,299,3,2025-03-06 20:00:00
133,394,3,2025-03-06 21:00:00
888,159,1,2025-03-06 22:00:00
805,487,4,2025-03-06 23:00:00
840,330,4,2025-03-07 00:00:00
127,472,2,2025-03-07 01:00:00
106,225,3,2025-03-07 02:00:00
799,355,3,2025-03-07 04:00:00
378,109,5,2025-03-07 05:00:00
51,401,1,2025-03-07 07:00:00
29,405,3,2025-03-07 08:00:00
462,96,1,2025-03-07 09:00:00
296,195,5,2025-03-07 10:00:00
297,58,4,2025-03-07 11:00:00
726,463,5,2025-03-07 12:00:00
779,392,5,2025-03-07 13:00:00
769,294,5,2025-03-07 15:00:00
814,154,5,2025-03-07 16:00:00
613,64,3,2025-03-07 17:00:00
346,265,4,2025-03-07 19:00:00
622,121,4,2025-03-07 20:00:00
420,288,2,2025-03-07 21:00:00
182,11,3,2025-03-07 22:00:00
825,162,1,2025-03-08 00:00:00
1,105,5,2025-03-08 01:00:00
831,402,4,2025-03-08 02:00:00
950,147,4,2025-03-08 03:00:00
567,182,4,2025-03-08 04:00:00
371,338,4,2025-03-08 05:00:00
936,37,5,2025-03-08 06:00:00
911,82,3,2025-03-08 07:00:00
661,12,5,2025-03-08 08:00:00
431,4,3,2025-03-08 09:00:00
969,495,5,2025-03-08 10:00:00
309,43,5,2025-03-08 11:00:00
137,411,5,2025-03-08 12:00:00
202,51,1,2025-03-08 13:00:00
436,261,3,2025-03-08 14:00:00
313,134,2,2025-03-08 15:00:00
937,362,3,2025-03-08 18:00:00
803,56,5,2025-03-08 19:00:00
575,217,3,2025-03-08 20:00:00
244,366,5,2025-03-08 21:00:00
602,500,3,2025-03-08 23:00:00
75,352,4,2025-03-09 00:00:00
806,44,4,2025-03-09 01:00:00
386,143,1,2025-03-09 02:00:00
903,346,5,2025-03-09 03:00:00
210,42,4,2025-03-09 04:00:00
475,139,5,2025-03-09 05:00:00
418,73,5,2025-03-09 06:00:00
347,267,4,2025-03-09 07:00:00
529,194,5,2025-03-09 08:00:00
640,493,5,2025-03-09 09:00:00
939,155,5,2025-03-09 10:00:00
955,246,5,2025-03-09 11:00:00
876,314,5,2025-03-09 12:00:00
763,218,4,2025-03-09 13:00:00
179,456,3,2025-03-09 14:00:00
182,384,5,2025-03-09 15:00:00
664,253,5,2025-03-09 16:00:00
967,277,3,2025-03-09 18:00:00
180,72,4,2025-03-09 19:00:00
501,358,2,2025-03-09 21:00:00
856,186,2,2025-03-09 22:00:00
161,13,5,2025-03-09 23:00:00
177,329,3,2025-03-10 00:00:00
285,220,4,2025-03-10 01:00:00
63,6,5,2025-03-10 02:00:00
662,239,5,2025-03-10 03:00:00
666,471,2,2025-03-10 04:00:00
156,112,2,2025-03-10 05:00:00
882,228,4,2025-03-10 06:00:00
469,442,5,2025-03-10 07:00:00
49,17,2,2025-03-10 08:00:00
967,73,3,2025-03-10 09:00:00
849,12,5,2025-03-10 10:00:00
84,86,5,2025-03-10 11:00:00
361,499,4,2025-03-10 12:00:00
689,180,1,2025-03-10 13:00:00
148,122,3,2025-03-10 14:00:00
630,204,3,2025-03-10 15:00:00
342,70,3,2025-03-10 16:00:00
476,108,4,2025-03-10 17:00:00
63,201,4,2025-03-10 18:00:00
701,52,2,2025-03-10 19:00:00
360,37,5,2025-03-10 20:00:00
561,117,4,2025-03-10 21:00:00
327,259,4,2025-03-10 22:00:00
769,482,5,2025-03-10 23:00:00
736,264,4,2025-03-11 00:00:00
141,394,5,2025-03-11 01:00:00
215,425,3,2025-03-11 03:00:00
435,64,4,2025-03-11 04:00:00
891,42,4,2025-03-11 05:00:00
952,43,3,2025-03-11 06:00:00
723,125,4,2025-03-11 07:00:00
318,393,1,2025-03-11 08:00:00
32,270,4,2025-03-11 09:00:00
670,485,4,2025-03-11 10:00:00
285,347,4,2025-03-11 11:00:00
305,233,4,2025-03-11 12:00:00
429,480,5,2025-03-11 13:00:00
477,132,3,2025-03-11 14:00:00
286,2,5,2025-03-11 15:00:00
144,115,1,2025-03-11 16:00:00
424,481,4,2025-03-11 17:00:00
18,1,5,2025-03-11 19:00:00
769,492,5,2025-03-11 20:00:00
590,331,5,2025-03-11 21:00:00
371,65,2,2025-03-11 22:00:00
175,430,5,2025-03-11 23:00:00
194,443,3,2025-03-12 00:00:00
502,459,1,2025-03-12 01:00:00
988,125,3,2025-03-12 02:00:00
113,256,4,2025-03-12 03:00:00
114,391,5,2025-03-12 04:00:00
222,322,3,2025-03-12 05:00:00
678,143,2,2025-03-12 06:00:00
947,328,4,2025-03-12 07:00:00
831,246,5,2025-03-12 08:00:00
644,116,4,2025-03-12 09:00:00
897,377,4,2025-03-12 10:00:00
264,303,4,2025-03-12 11:00:00
55,296,5,2025-03-12 13:00:00
871,42,4,2025-03-12 14:00:00
643,435,4,2025-03-12 15:00:00
800,35,5,2025-03-12 16:00:00
778,500,5,2025-03-12 17:00:00
458,494,2,2025-03-12 18:00:00
979,489,4,2025-03-12 19:00:00
878,41,5,2025-03-12 20:00:00
162,341,4,2025-03-12 21:00:00
380,124,4,2025-03-12 22:00:00
993,57,4,2025-03-12 23:00:00
87,294,3,2025-03-13 00:00:00
55,456,3,2025-03-13 01:00:00
476,235,5,2025-03-13 02:00:00
800,96,4,2025-03-13 03:00:00
391,492,5,2025-03-13 05:00:00
349,458,4,2025-03-13 06:00:00
8,319,5,2025-03-13 07:00:00
313,132,4,2025-03-13 09:00:00
759,176,4,2025-03-13 10:00:00
835,52,4,2025-03-13 11:00:00
984,38,2,2025-03-13 12:00:00
983,478,3,2025-03-13 13:00:00
443,489,3,2025-03-13 14:00:00
767,343,4,2025-03-13 15:00:00
328,5,5,2025-03-13 16:00:00
54,213,5,2025-03-13 17:00:00
761,120,3,2025-03-13 18:00:00
239,326,3,2025-03-13 19:00:00
229,369,1,2025-03-13 20:00:00
579,209,3,2025-03-13 21:00:00
51,217,5,2025-03-13 22:00:00
609,24,5,2025-03-13 23:00:00
604,342,3,2025-03-14 00:00:00
264,205,3,2025-03-14 01:00:00
418,401,3,2025-03-14 02:00:00
803,462,3,2025-03-14 03:00:00
96,226,5,2025-03-14 04:00:00
88,218,4,2025-03-14 05:00:00
78,211,5,2025-03-14 06:00:00
288,26,4,2025-03-14 07:00:00
120,252,3,2025-03-14 08:00:00
814,3,3,2025-03-14 09:00:00
491,2,1,2025-03-14 10:00:00
912,92,5,2025-03-14 11:00:00
452,2,5,2025-03-14 12:00:00
500,150,5,2025-03-14 13:00:00
165,71,1,2025-03-14 14:00:00
182,4,5,2025-03-14 15:00:00
469,497,1,2025-03-14 16:00:00
910,38,2,2025-03-14 17:00:00
735,359,4,2025-03-14 18:00:00
823,468,4,2025-03-14 19:00:00
944,70,5,2025-03-14 20:00:00
7,308,2,2025-03-14 22:00:00
330,252,3,2025-03-14 23:00:00
775,287,3,2025-03-15 00:00:00
673,410,2,2025-03-15 01:00:00
151,292,3,2025-03-15 02:00:00
147,412,3,2025-03-15 04:00:00
624,133,5,2025-03-15 05:00:00
381,371,4,2025-03-15 06:00:00
915,74,3,2025-03-15 07:00:00
548,274,4,2025-03-15 08:00:00
285,271,5,2025-03-15 09:00:00
700,185,4,2025-03-15 10:00:00
82,353,1,2025-03-15 11:00:00
514,5,5,2025-03-15 12:00:00
897,293,1,2025-03-15 13:00:00
815,360,5,2025-03-15 14:00:00
709,86,1,2025-03-15 15:00:00
916,214,5,2025-03-15 16:00:00
523,406,4,2025-03-15 17:00:00
386,15,1,2025-03-15 19:00:00
707,273,3,2025-03-15 20:00:00
471,51,5,2025-03-15 21:00:00
119,253,5,2025-03-15 22:00:00
396,45,4,2025-03-15 23:00:00
532,191,3,2025-03-16 00:00:00
261,122,1,2025-03-16 01:00:00
805,412,4,2025-03-16 02:00:00
256,214,1,2025-03-16 04:00:00
734,149,4,2025-03-16 05:00:00
905,170,4,2025-03-16 06:00:00
226,209,1,2025-03-16 07:00:00
53,453,2,2025-03-16 08:00:00
940,82,4,2025-03-16 09:00:00
867,401,1,2025-03-16 10:00:00
500,196,5,2025-03-16 11:00:00
506,246,3,2025-03-16 12:00:00
854,391,2,2025-03-16 13:00:00
364,345,5,2025-03-16 14:00:00
280,357,4,2025-03-16 15:00:00
593,40,3,2025-03-16 16:00:00
714,168,4,2025-03-16 17:00:00
158,43,1,2025-03-16 18:00:00
632,329,4,2025-03-16 19:00:00
727,179,5,2025-03-16 21:00:00
128,457,4,2025-03-16 22:00:00
736,23,4,2025-03-16 23:00:00
721,95,5,2025-03-17 00:00:00
882,160,4,2025-03-17 01:00:00
115,244,4,2025-03-17 02:00:00
209,415,3,2025-03-17 03:00:00
526,17,2,2025-03-17 04:00:00
552,103,5,2025-03-17 06:00:00
962,314,3,2025-03-17 07:00:00
237,86,5,2025-03-17 08:00:00
281,35,4,2025-03-17 09:00:00
359,30,4,2025-03-17 10:00:00
201,192,1,2025-03-17 11:00:00
758,437,3,2025-03-17 12:00:00
278,179,4,2025-03-17 13:00:00
235,104,2,2025-03-17 14:00:00
494,165,4,2025-03-17 15:00:00
4,474,5,2025-03-17 16:00:00
666,122,5,2025-03-17 17:00:00
442,134,4,2025-03-17 18:00:00
29,290,4,2025-03-17 19:00:00
109,312,1,2025-03-17 20:00:00
610,224,5,2025-03-17 21:00:00
727,25,5,2025-03-17 22:00:00
75,13,2,2025-03-18 00:00:00
838,319,3,2025-03-18 01:00:00
146,230,2,2025-03-18 02:00:00
128,102,4,2025-03-18 03:00:00
853,450,3,2025-03-18 04:00:00
42,378,4,2025-03-18 05:00:00
356,376,4,2025-03-18 06:00:00
41,389,1,2025-03-18 07:00:00
934,203,5,2025-03-18 08:00:00
34,267,2,2025-03-18 09:00:00
17,472,5,2025-03-18 10:00:00
677,462,3,2025-03-18 11:00:00
153,365,3,2025-03-18 12:00:00
998,222,1,2025-03-18 13:00:00
378,104,5,2025-03-18 14:00:00
588,111,4,2025-03-18 15:00:00
599,428,4,2025-03-18 16:00:00
629,483,2,2025-03-18 17:00:00
874,469,4,2025-03-18 18:00:00
342,69,3,2025-03-18 19:00:00
981,358,5,2025-03-18 20:00:00
27,258,5,2025-03-18 21:00:00
825,168,5,2025-03-18 22:00:00
287,293,5,2025-03-18 23:00:00
646,374,2,2025-03-19 00:00:00
731,49,3,2025-03-19 01:00:00
168,250,3,2025-03-19 02:00:00
610,482,1,2025-03-19 03:00:00
268,331,5,2025-03-19 04:00:00
749,420,1,2025-03-19 05:00:00
821,75,5,2025-03-19 06:00:00
455,201,5,2025-03-19 07:00:00
906,454,3,2025-03-19 08:00:00
685,34,1,2025-03-19 09:00:00
401,314,1,2025-03-19 10:00:00
922,111,3,2025-03-19 11:00:00
981,421,4,2025-03-19 12:00:00
476,352,4,2025-03-19 13:00:00
702,316,4,2025-03-19 14:00:00
634,396,5,2025-03-19 15:00:00
558,237,3,2025-03-19 16:00:00
130,209,5,2025-03-19 18:00:00
822,132,3,2025-03-19 19:00:00
363,106,3,2025-03-19 20:00:00
705,33,5,2025-03-19 21:00:00
819,43,5,2025-03-19 22:00:00
693,368,5,2025-03-19 23:00:00
292,107,2,2025-03-20 00:00:00
371,265,4,2025-03-20 01:00:00
794,226,2,2025-03-20 02:00:00
29,487,5,2025-03-20 03:00:00
149,179,3,2025-03-20 04:00:00
296,370,5,2025-03-20 06:00:00
11,125,5,2025-03-20 07:00:00
512,276,4,2025-03-20 08:00:00
676,167,2,2025-03-20 09:00:00
113,151,4,2025-03-20 10:00:00
187,41,5,2025-03-20 11:00:00
807,300,4,2025-03-20 12:00:00
744,381,2,2025-03-20 13:00:00
227,35,2,2025-03-20 14:00:00
310,407,5,2025-03-20 15:00:00
98,314,4,2025-03-20 16:00:00
55,304,5,2025-03-20 17:00:00
623,231,3,2025-03-20 18:00:00
664,215,4,2025-03-20 19:00:00
758,314,5,2025-03-20 20:00:00
406,101,3,2025-03-20 21:00:00
69,57,4,2025-03-20 22:00:00
312,215,2,2025-03-20 23:00:00
762,156,5,2025-03-21 01:00:00
548,64,5,2025-03-21 02:00:00
751,62,4,2025-03-21 03:00:00
148,339,2,2025-03-21 04:00:00
467,369,3,2025-03-21 05:00:00
739,368,5,2025-03-21 06:00:00
244,62,3,2025-03-21 07:00:00
491,94,5,2025-03-21 08:00:00
849,469,3,2025-03-21 09:00:00
958,472,5,2025-03-21 10:00:00
507,341,5,2025-03-21 11:00:00
365,26,1,2025-03-21 12:00:00
482,435,5,2025-03-21 13:00:00
201,121,2,2025-03-21 14:00:00
154,50,3,2025-03-21 15:00:00
450,371,4,2025-03-21 16:00:00
501,252,4,2025-03-21 17:00:00
73,36,3,2025-03-21 18:00:00
713,410,4,2025-03-21 19:00:00
296,289,2,2025-03-21 20:00:00
17,379,1,2025-03-21 21:00:00
641,100,4,2025-03-21 22:00:00
217,324,4,2025-03-21 23:00:00
61,329,4,2025-03-22 00:00:00
939,136,4,2025-03-22 01:00:00
616,194,5,2025-03-22 02:00:00
42,221,4,2025-03-22 03:00:00
25,279,1,2025-03-22 04:00:00
39,326,4,2025-03-22 05:00:00
803,55,4,2025-03-22 06:00:00
131,427,4,2025-03-22 07:00:00
498,484,4,2025-03-22 08:00:00
229,110,3,2025-03-22 09:00:00
108,149,2,2025-03-22 10:00:00
172,406,4,2025-03-22 11:00:00
435,265,3,2025-03-22 12:00:00
478,162,4,2025-03-22 13:00:00
102,187,4,2025-03-22 14:00:00
866,410,4,2025-03-22 15:00:00
524,129,4,2025-03-22 16:00:00
275,484,1,2025-03-22 17:00:00
613,108,5,2025-03-22 18:00:00
44,389,5,2025-03-22 19:00:00
955,425,4,2025-03-22 20:00:00
817,447,2,2025-03-22 21:00:00
957,406,2,2025-03-22 22:00:00
17,68,4,2025-03-22 23:00:00
330,432,3,2025-03-23 00:00:00
569,66,3,2025-03-23 01:00:00
823,144,3,2025-03-23 02:00:00
497,464,4,2025-03-23 03:00:00
815,53,4,2025-03-23 04:00:00
12,128,4,2025-03-23 05:00:00
318,470,5,2025-03-23 06:00:00
592,491,3,2025-03-23 07:00:00
216,321,4,2025-03-23 08:00:00
339,207,2,2025-03-23 09:00:00
776,320,4,2025-03-23 10:00:00
991,216,4,2025-03-23 11:00:00
661,68,3,2025-03-23 12:00:00
81,447,3,2025-03-23 13:00:00
727,62,5,2025-03-23 14:00:00
374,337,4,2025-03-23 16:00:00
976,327,5,2025-03-23 17:00:00
710,370,4,2025-03-23 18:00:00
200,429,5,2025-03-23 19:00:00
537,52,5,2025-03-23 20:00:00
466,116,3,2025-03-23 21:00:00
89,381,3,2025-03-23 22:00:00
268,458,5,2025-03-23 23:00:00
655,383,5,2025-03-24 00:00:00
571,65,1,2025-03-24 01:00:00
922,130,3,2025-03-24 02:00:00
489,177,3,2025-03-24 03:00:00
877,278,5,2025-03-24 04:00:00
538,480,4,2025-03-24 05:00:00
47,413,5,2025-03-24 06:00:00
288,163,5,2025-03-24 07:00:00
778,465,5,2025-03-24 08:00:00
16,332,4,2025-03-24 09:00:00
711,152,3,2025-03-24 10:00:00
401,350,1,2025-03-24 11:00:00
794,158,3,2025-03-24 13:00:00
981,468,3,2025-03-24 14:00:00
86,426,4,2025-03-24 15:00:00
250,327,4,2025-03-24 16:00:00
391,106,5,2025-03-24 17:00:00
782,306,3,2025-03-24 18:00:00
335,255,2,2025-03-24 19:00:00
629,358,4,2025-03-24 20:00:00
519,455,5,2025-03-24 21:00:00
137,444,5,2025-03-24 22:00:00
883,113,3,2025-03-24 23:00:00
688,30,3,2025-03-25 00:00:00
840,12,5,2025-03-25 01:00:00
498,177,2,2025-03-25 02:00:00
827,479,3,2025-03-25 03:00:00
727,338,3,2025-03-25 04:00:00
477,46,4,2025-03-25 05:00:00
594,171,4,2025-03-25 06:00:00
223,130,1,2025-03-25 07:00:00
990,245,4,2025-03-25 08:00:00
935,203,4,2025-03-25 10:00:00
995,226,4,2025-03-25 11:00:00
402,80,4,2025-03-25 12:00:00
443,310,1,2025-03-25 13:00:00
490,35,4,2025-03-25 14:00:00
615,52,4,2025-03-25 15:00:00
273,161,4,2025-03-25 16:00:00
526,469,4,2025-03-25 17:00:00
159,84,4,2025-03-25 18:00:00
152,328,1,2025-03-25 19:00:00
995,435,2,2025-03-25 20:00:00
188,225,4,2025-03-25 22:00:00
813,446,4,2025-03-25 23:00:00
98,317,5,2025-03-26 00:00:00
131,154,5,2025-03-26 01:00:00
805,293,5,2025-03-26 02:00:00
171,414,3,2025-03-26 03:00:00
936,95,3,2025-03-26 04:00:00
986,225,5,2025-03-26 05:00:00
183,267,3,2025-03-26 06:00:00
364,41,2,2025-03-26 08:00:00
39,133,5,2025-03-26 09:00:00
888,397,3,2025-03-26 11:00:00
497,447,4,2025-03-26 12:00:00
516,210,3,2025-03-26 13:00:00
349,474,5,2025-03-26 14:00:00
982,153,3,2025-03-26 15:00:00
921,172,4,2025-03-26 16:00:00
397,398,3,2025-03-26 17:00:00
722,325,5,2025-03-26 18:00:00
161,59,5,2025-03-26 19:00:00
16,184,5,2025-03-26 20:00:00
493,490,5,2025-03-26 21:00:00
426,180,2,2025-03-26 22:00:00
108,322,5,2025-03-26 23:00:00
894,324,4,2025-03-27 00:00:00
450,12,5,2025-03-27 01:00:00
311,459,4,2025-03-27 02:00:00
739,68,3,2025-03-27 03:00:00
170,427,4,2025-03-27 04:00:00
414,202,4,2025-03-27 06:00:00
251,475,4,2025-03-27 07:00:00
759,6,2,2025-03-27 08:00:00
781,15,5,2025-03-27 09:00:00
141,42,5,2025-03-27 10:00:00
274,31,5,2025-03-27 11:00:00
416,470,5,2025-03-27 12:00:00
608,181,4,2025-03-27 13:00:00
739,262,4,2025-03-27 14:00:00
891,289,2,2025-03-27 15:00:00
39,413,5,2025-03-27 16:00:00
814,21,5,2025-03-27 17:00:00
29,380,5,2025-03-27 18:00:00
958,182,5,2025-03-27 19:00:00
477,184,4,2025-03-27 20:00:00
318,244,4,2025-03-27 21:00:00
748,149,4,2025-03-27 23:00:00
697,256,4,2025-03-28 00:00:00
272,100,3,2025-03-28 01:00:00
440,55,4,2025-03-28 02:00:00
748,186,5,2025-03-28 03:00:00
239,320,4,2025-03-28 04:00:00
377,86,4,2025-03-28 05:00:00
926,468,4,2025-03-28 07:00:00
921,22,5,2025-03-28 08:00:00
359,244,1,2025-03-28 09:00:00
340,60,2,2025-03-28 10:00:00
389,104,2,2025-03-28 11:00:00
577,139,5,2025-03-28 12:00:00
990,303,4,2025-03-28 13:00:00
689,159,5,2025-03-28 14:00:00
3,499,4,2025-03-28 15:00:00
429,232,4,2025-03-28 16:00:00
142,77,5,2025-03-28 17:00:00
376,18,2,2025-03-28 18:00:00
670,22,3,2025-03-28 19:00:00
324,184,4,2025-03-28 20:00:00
146,145,3,2025-03-28 21:00:00
958,38,3,2025-03-28 22:00:00
293,281,1,2025-03-28 23:00:00
665,288,2,2025-03-29 00:00:00
432,143,3,2025-03-29 01:00:00
705,13,5,2025-03-29 02:00:00
949,186,2,2025-03-29 03:00:00
975,474,3,2025-03-29 04:00:00
399,267,4,2025-03-29 06:00:00
817,269,4,2025-03-29 07:00:00
889,97,5,2025-03-29 08:00:00
344,434,5,2025-03-29 09:00:00
964,357,3,2025-03-29 10:00:00
140,294,2,2025-03-29 11:00:00
187,1,2,2025-03-29 12:00:00
805,295,5,2025-03-29 13:00:00
61,27,4,2025-03-29 14:00:00
997,36,1,2025-03-29 15:00:00
939,160,2,2025-03-29 16:00:00
380,425,4,2025-03-29 17:00:00
710,399,3,2025-03-29 18:00:00
807,31,5,2025-03-29 19:00:00
440,127,4,2025-03-29 20:00:00
319,262,4,2025-03-29 21:00:00
302,345,4,2025-03-29 22:00:00
344,497,3,2025-03-29 23:00:00
11,436,4,2025-03-30 00:00:00
62,210,5,2025-03-30 01:00:00
845,150,3,2025-03-30 02:00:00
226,31,4,2025-03-30 03:00:00
153,100,5,2025-03-30 04:00:00
564,302,4,2025-03-30 06:00:00
772,451,3,2025-03-30 07:00:00
571,353,5,2025-03-30 08:00:00
584,219,1,2025-03-30 09:00:00
660,253,4,2025-03-30 10:00:00
861,171,2,2025-03-30 11:00:00
575,257,1,2025-03-30 12:00:00
310,428,5,2025-03-30 13:00:00
885,57,4,2025-03-30 14:00:00
243,9,5,2025-03-30 15:00:00
366,335,4,2025-03-30 17:00:00
330,114,5,2025-03-30 18:00:00
107,265,3,2025-03-30 19:00:00
226,173,1,2025-03-30 20:00:00
825,220,3,2025-03-30 21:00:00
218,205,3,2025-03-30 22:00:00
937,24,3,2025-03-30 23:00:00
753,493,5,2025-03-31 00:00:00
506,458,5,2025-03-31 01:00:00
259,170,5,2025-03-31 02:00:00
888,406,5,2025-03-31 03:00:00
774,103,4,2025-03-31 04:00:00
517,60,3,2025-03-31 05:00:00
773,86,4,2025-03-31 06:00:00
54,255,5,2025-03-31 07:00:00
47,165,4,2025-03-31 08:00:00
727,372,4,2025-03-31 09:00:00
689,167,2,2025-03-31 10:00:00
521,84,4,2025-03-31 11:00:00
99,458,3,2025-03-31 12:00:00
20,202,3,2025-03-31 13:00:00
890,90,5,2025-03-31 14:00:00
753,89,1,2025-03-31 15:00:00
573,437,5,2025-03-31 16:00:00
891,120,1,2025-03-31 17:00:00
490,156,5,2025-03-31 18:00:00
419,461,4,2025-03-31 19:00:00
690,399,5,2025-03-31 20:00:00
850,188,2,2025-03-31 21:00:00
62,188,4,2025-03-31 22:00:00
145,262,5,2025-03-31 23:00:00
216,52,2,2025-04-01 00:00:00
3,140,2,2025-04-01 01:00:00
160,19,3,2025-04-01 02:00:00
739,480,2,2025-04-01 03:00:00
998,75,2,2025-04-01 04:00:00
781,230,4,2025-04-01 05:00:00
120,481,3,2025-04-01 06:00:00
893,130,4,2025-04-01 07:00:00
89,55,5,2025-04-01 08:00:00
329,271,4,2025-04-01 09:00:00
580,448,2,2025-04-01 10:00:00
910,100,4,2025-04-01 11:00:00
357,69,3,2025-04-01 12:00:00
610,399,3,2025-04-01 13:00:00
267,299,3,2025-04-01 14:00:00
617,458,5,2025-04-01 15:00:00
952,17,5,2025-04-01 16:00:00
323,354,2,2025-04-01 17:00:00
635,116,4,2025-04-01 18:00:00
988,152,3,2025-04-01 19:00:00
541,330,5,2025-04-01 20:00:00
649,116,5,2025-04-01 21:00:00
195,30,3,2025-04-01 22:00:00
921,323,3,2025-04-01 23:00:00
738,51,4,2025-04-02 00:00:00
332,60,4,2025-04-02 01:00:00
170,229,3,2025-04-02 02:00:00
521,259,4,2025-04-02 03:00:00
463,360,3,2025-04-02 04:00:00
40,5,4,2025-04-02 05:00:00
537,28,3,2025-04-02 06:00:00
261,254,5,2025-04-02 07:00:00
395,364,4,2025-04-02 08:00:00
955,462,4,2025-04-02 09:00:00
226,231,5,2025-04-02 10:00:00
984,395,4,2025-04-02 11:00:00
124,456,2,2025-04-02 12:00:00
38,200,3,2025-04-02 14:00:00
328,332,1,2025-04-02 15:00:00
251,271,5,2025-04-02 16:00:00
901,339,3,2025-04-02 17:00:00
176,304,2,2025-04-02 18:00:00
602,383,5,2025-04-02 19:00:00
914,46,4,2025-04-02 20:00:00
454,28,4,2025-04-02 21:00:00
37,7,3,2025-04-02 22:00:00
316,232,2,2025-04-02 23:00:00
688,199,4,2025-04-03 00:00:00
796,82,2,2025-04-03 02:00:00
965,88,4,2025-04-03 03:00:00
973,390,5,2025-04-03 04:00:00
593,186,4,2025-04-03 05:00:00
114,243,4,2025-04-03 06:00:00
301,311,5,2025-04-03 08:00:00
224,451,4,2025-04-03 09:00:00
318,433,5,2025-04-03 10:00:00
349,374,4,2025-04-03 11:00:00
115,435,5,2025-04-03 12:00:00
323,239,4,2025-04-03 14:00:00
40,218,4,2025-04-03 16:00:00
866,108,5,2025-04-03 17:00:00
40,307,5,2025-04-03 18:00:00
859,38,1,2025-04-03 19:00:00
973,395,5,2025-04-03 20:00:00
749,436,5,2025-04-03 21:00:00
289,349,5,2025-04-03 22:00:00
147,26,4,2025-04-04 01:00:00
336,48,5,2025-04-04 02:00:00
168,347,5,2025-04-04 03:00:00
92,370,3,2025-04-04 04:00:00
353,14,4,2025-04-04 05:00:00
571,100,5,2025-04-04 06:00:00
571,187,5,2025-04-04 07:00:00
816,12,4,2025-04-04 08:00:00
681,372,1,2025-04-04 09:00:00
781,379,5,2025-04-04 10:00:00
363,279,5,2025-04-04 11:00:00
557,341,5,2025-04-04 12:00:00
345,328,5,2025-04-04 13:00:00
693,167,4,2025-04-04 14:00:00
170,122,5,2025-04-04 15:00:00
356,393,5,2025-04-04 16:00:00
667,95,5,2025-04-04 18:00:00
422,25,5,2025-04-04 19:00:00
700,17,5,2025-04-04 20:00:00
7,426,4,2025-04-04 21:00:00
133,29,4,2025-04-04 22:00:00
747,444,3,2025-04-04 23:00:00
557,323,3,2025-04-05 00:00:00
826,341,4,2025-04-05 01:00:00
761,313,4,2025-04-05 02:00:00
31,72,3,2025-04-05 03:00:00
535,270,5,2025-04-05 04:00:00
426,250,4,2025-04-05 05:00:00
394,295,4,2025-04-05 06:00:00
672,144,4,2025-04-05 07:00:00
363,274,1,2025-04-05 08:00:00
437,223,5,2025-04-05 09:00:00
670,75,3,2025-04-05 10:00:00
551,102,4,2025-04-05 11:00:00
927,20,4,2025-04-05 12:00:00
82,117,4,2025-04-05 13:00:00
356,174,4,2025-04-05 14:00:00
258,373,2,2025-04-05 15:00:00
718,173,3,2025-04-05 16:00:00
989,340,5,2025-04-05 18:00:00
295,148,3,2025-04-05 20:00:00
962,395,2,2025-04-05 21:00:00
224,114,4,2025-04-05 22:00:00
525,321,4,2025-04-05 23:00:00
46,492,2,2025-04-06 00:00:00
667,402,4,2025-04-06 01:00:00
113,167,3,2025-04-06 02:00:00
233,300,4,2025-04-06 03:00:00
17,481,3,2025-04-06 04:00:00
360,118,5,2025-04-06 05:00:00
223,100,3,2025-04-06 06:00:00
866,274,4,2025-04-06 07:00:00
700,175,5,2025-04-06 08:00:00
448,159,3,2025-04-06 09:00:00
856,384,4,2025-04-06 10:00:00
365,227,3,2025-04-06 11:00:00
326,38,4,2025-04-06 13:00:00
467,463,5,2025-04-06 14:00:00
414,431,4,2025-04-06 15:00:00
455,198,4,2025-04-06 16:00:00
586,136,4,2025-04-06 17:00:00
233,104,4,2025-04-06 18:00:00
224,470,4,2025-04-06 19:00:00
994,193,3,2025-04-06 20:00:00
831,250,3,2025-04-06 21:00:00
412,13,4,2025-04-06 22:00:00
572,55,5,2025-04-06 23:00:00
335,344,3,2025-04-07 00:00:00
222,85,4,2025-04-07 01:00:00
37,109,3,2025-04-07 02:00:00
989,43,3,2025-04-07 03:00:00
278,388,4,2025-04-07 04:00:00
196,71,5,2025-04-07 05:00:00
916,444,4,2025-04-07 06:00:00
864,268,3,2025-04-07 07:00:00
484,59,5,2025-04-07 08:00:00
242,461,2,2025-04-07 09:00:00
324,438,5,2025-04-07 10:00:00
731,44,4,2025-04-07 11:00:00
192,272,4,2025-04-07 12:00:00
17,390,5,2025-04-07 13:00:00
524,14,5,2025-04-07 14:00:00
918,371,3,2025-04-07 15:00:00
401,112,3,2025-04-07 16:00:00
906,379,3,2025-04-07 17:00:00
886,314,1,2025-04-07 18:00:00
705,415,5,2025-04-07 19:00:00
22,228,1,2025-04-07 20:00:00
474,485,4,2025-04-07 21:00:00
120,169,5,2025-04-07 22:00:00
210,376,5,2025-04-07 23:00:00
306,291,4,2025-04-08 00:00:00
270,246,5,2025-04-08 01:00:00
704,266,3,2025-04-08 02:00:00
687,337,5,2025-04-08 03:00:00
285,243,3,2025-04-08 04:00:00
716,490,5,2025-04-08 05:00:00
676,158,2,2025-04-08 06:00:00
763,300,3,2025-04-08 07:00:00
948,327,5,2025-04-08 09:00:00
381,18,5,2025-04-08 10:00:00
460,83,3,2025-04-08 11:00:00
7,335,2,2025-04-08 12:00:00
29,231,3,2025-04-08 13:00:00
907,492,4,2025-04-08 14:00:00
33,342,4,2025-04-08 15:00:00
646,253,4,2025-04-08 16:00:00
879,167,4,2025-04-08 17:00:00
79,42,4,2025-04-08 18:00:00
928,249,5,2025-04-08 19:00:00
947,248,3,2025-04-08 20:00:00
459,438,4,2025-04-08 21:00:00
570,380,4,2025-04-08 22:00:00
983,286,3,2025-04-08 23:00:00
538,20,4,2025-04-09 00:00:00
430,352,2,2025-04-09 02:00:00
738,381,4,2025-04-09 03:00:00
285,42,3,2025-04-09 04:00:00
516,345,2,2025-04-09 05:00:00
99,261,4,2025-04-09 07:00:00
397,306,2,2025-04-09 08:00:00
489,297,2,2025-04-09 09:00:00
39,350,4,2025-04-09 10:00:00
271,240,5,2025-04-09 11:00:00
887,167,5,2025-04-09 12:00:00
797,313,2,2025-04-09 13:00:00
157,219,2,2025-04-09 14:00:00
75,441,1,2025-04-09 15:00:00
884,490,4,2025-04-09 16:00:00
800,421,4,2025-04-09 17:00:00
130,391,4,2025-04-09 18:00:00
687,133,5,2025-04-09 19:00:00
974,207,4,2025-04-09 20:00:00
84,51,5,2025-04-09 21:00:00
22,106,2,2025-04-09 22:00:00
459,392,1,2025-04-09 23:00:00
539,184,3,2025-04-10 00:00:00
707,201,1,2025-04-10 01:00:00
382,254,3,2025-04-10 03:00:00
748,150,4,2025-04-10 04:00:00
440,354,3,2025-04-10 05:00:00
604,355,3,2025-04-10 06:00:00
21,395,3,2025-04-10 08:00:00
303,444,4,2025-04-10 09:00:00
976,96,5,2025-04-10 10:00:00
869,106,4,2025-04-10 11:00:00
955,143,4,2025-04-10 12:00:00
84,166,1,2025-04-10 13:00:00
774,1,5,2025-04-10 14:00:00
659,46,1,2025-04-10 15:00:00
953,242,5,2025-04-10 16:00:00
453,344,4,2025-04-10 17:00:00
387,427,2,2025-04-10 18:00:00
507,488,4,2025-04-10 19:00:00
570,3,3,2025-04-10 21:00:00
892,142,3,2025-04-10 22:00:00
934,386,2,2025-04-10 23:00:00
527,61,4,2025-04-11 00:00:00
162,416,2,2025-04-11 01:00:00
957,496,5,2025-04-11 02:00:00
163,294,5,2025-04-11 03:00:00
832,225,5,2025-04-11 04:00:00
793,302,2,2025-04-11 05:00:00
792,170,4,2025-04-11 06:00:00
524,134,2,2025-04-11 07:00:00
786,41,4,2025-04-11 08:00:00
271,231,5,2025-04-11 09:00:00
492,409,4,2025-04-11 10:00:00
208,226,5,2025-04-11 11:00:00
539,139,5,2025-04-11 12:00:00
584,110,3,2025-04-11 13:00:00
60,485,4,2025-04-11 14:00:00
430,297,1,2025-04-11 15:00:00
985,455,3,2025-04-11 16:00:00
657,57,3,2025-04-11 17:00:00
605,430,5,2025-04-11 18:00:00
309,123,4,2025-04-11 19:00:00
520,240,4,2025-04-11 20:00:00
591,86,5,2025-04-11 21:00:00
27,176,5,2025-04-11 22:00:00
686,63,5,2025-04-11 23:00:00
562,39,3,2025-04-12 00:00:00
199,138,4,2025-04-12 01:00:00
387,469,4,2025-04-12 02:00:00
349,454,4,2025-04-12 03:00:00
960,241,1,2025-04-12 04:00:00
940,449,3,2025-04-12 05:00:00
693,226,5,2025-04-12 06:00:00
536,443,3,2025-04-12 07:00:00
828,206,4,2025-04-12 08:00:00
378,164,2,2025-04-12 09:00:00
899,27,2,2025-04-12 10:00:00
916,457,3,2025-04-12 11:00:00
558,183,4,2025-04-12 12:00:00
527,198,5,2025-04-12 13:00:00
734,337,3,2025-04-12 15:00:00
206,437,4,2025-04-12 16:00:00
455,107,3,2025-04-12 17:00:00
273,444,5,2025-04-12 18:00:00
894,189,3,2025-04-12 19:00:00
236,36,4,2025-04-12 20:00:00
852,85,4,2025-04-12 21:00:00
740,155,5,2025-04-12 22:00:00
521,169,4,2025-04-12 23:00:00
678,284,3,2025-04-13 00:00:00
944,272,2,2025-04-13 01:00:00
956,35,5,2025-04-13 02:00:00
831,420,5,2025-04-13 03:00:00
726,184,1,2025-04-13 04:00:00
501,99,5,2025-04-13 05:00:00
117,237,4,2025-04-13 06:00:00
386,403,4,2025-04-13 07:00:00
344,441,1,2025-04-13 08:00:00
584,469,5,2025-04-13 09:00:00
395,122,2,2025-04-13 10:00:00
64,417,5,2025-04-13 11:00:00
717,23,1,2025-04-13 12:00:00
721,375,5,2025-04-13 13:00:00
72,63,1,2025-04-13 14:00:00
789,326,3,2025-04-13 15:00:00
274,480,3,2025-04-13 16:00:00
990,150,2,2025-04-13 17:00:00
320,195,4,2025-04-13 18:00:00
338,483,3,2025-04-13 19:00:00
366,80,5,2025-04-13 20:00:00
495,490,4,2025-04-13 21:00:00
607,315,4,2025-04-13 22:00:00
166,153,3,2025-04-13 23:00:00
544,17,4,2025-04-14 00:00:00
11,39,2,2025-04-14 01:00:00
301,333,5,2025-04-14 02:00:00
729,348,3,2025-04-14 03:00:00
801,459,5,2025-04-14 04:00:00
102,202,3,2025-04-14 05:00:00
425,423,5,2025-04-14 06:00:00
392,280,2,2025-04-14 07:00:00
779,422,1,2025-04-14 08:00:00
214,88,4,2025-04-14 09:00:00
691,481,5,2025-04-14 10:00:00
88,465,4,2025-04-14 11:00:00
553,441,2,2025-04-14 12:00:00
401,300,4,2025-04-14 13:00:00
588,292,5,2025-04-14 14:00:00
889,355,1,2025-04-14 15:00:00
46,70,2,2025-04-14 16:00:00
672,378,5,2025-04-14 17:00:00
463,124,5,2025-04-14 18:00:00
592,80,5,2025-04-14 19:00:00
310,45,5,2025-04-14 20:00:00
86,476,2,2025-04-14 21:00:00
92,233,4,2025-04-14 22:00:00
660,480,4,2025-04-14 23:00:00
673,154,5,2025-04-15 00:00:00
714,395,5,2025-04-15 01:00:00
936,180,5,2025-04-15 02:00:00
928,409,3,2025-04-15 03:00:00
242,31,1,2025-04-15 04:00:00
865,85,3,2025-04-15 05:00:00
2,45,4,2025-04-15 06:00:00
225,371,3,2025-04-15 07:00:00
801,323,5,2025-04-15 08:00:00
745,332,3,2025-04-15 09:00:00
973,243,1,2025-04-15 10:00:00
926,40,4,2025-04-15 11:00:00
929,430,5,2025-04-15 12:00:00
589,182,3,2025-04-15 13:00:00
116,297,5,2025-04-15 14:00:00
666,473,4,2025-04-15 15:00:00
918,376,2,2025-04-15 16:00:00
103,81,2,2025-04-15 17:00:00
194,38,5,2025-04-15 18:00:00
166,356,3,2025-04-15 19:00:00
871,420,5,2025-04-15 20:00:00
90,467,4,2025-04-15 21:00:00
686,428,3,2025-04-15 22:00:00
122,57,3,2025-04-15 23:00:00
143,322,2,2025-04-16 00:00:00
994,465,4,2025-04-16 01:00:00
106,30,4,2025-04-16 02:00:00
887,495,5,2025-04-16 03:00:00
428,266,3,2025-04-16 04:00:00
872,317,2,2025-04-16 06:00:00
971,447,3,2025-04-16 07:00:00
317,500,4,2025-04-16 08:00:00
963,292,5,2025-04-16 09:00:00
635,54,4,2025-04-16 10:00:00
902,97,5,2025-04-16 11:00:00
9,449,3,2025-04-16 12:00:00
774,466,2,2025-04-16 13:00:00
73,4,3,2025-04-16 14:00:00
359,439,3,2025-04-16 15:00:00
223,310,4,2025-04-16 16:00:00
553,91,5,2025-04-16 18:00:00
370,89,5,2025-04-16 19:00:00
716,320,3,2025-04-16 20:00:00
264,375,5,2025-04-16 21:00:00
840,92,4,2025-04-16 22:00:00
690,150,2,2025-04-16 23:00:00
860,234,5,2025-04-17 00:00:00
318,409,2,2025-04-17 01:00:00
84,337,5,2025-04-17 02:00:00
318,59,3,2025-04-17 03:00:00
251,438,4,2025-04-17 05:00:00
383,44,5,2025-04-17 06:00:00
7,180,2,2025-04-17 07:00:00
459,76,1,2025-04-17 08:00:00
84,144,4,2025-04-17 09:00:00
208,101,1,2025-04-17 10:00:00
900,381,4,2025-04-17 11:00:00
390,272,5,2025-04-17 12:00:00
410,189,5,2025-04-17 15:00:00
895,351,5,2025-04-17 16:00:00
515,335,5,2025-04-17 17:00:00
127,77,2,2025-04-17 18:00:00
809,296,4,2025-04-17 19:00:00
700,219,5,2025-04-17 20:00:00
874,277,4,2025-04-17 21:00:00
971,136,1,2025-04-17 23:00:00
978,234,5,2025-04-18 00:00:00
12,199,4,2025-04-18 01:00:00
87,266,2,2025-04-18 02:00:00
524,441,1,2025-04-18 03:00:00
537,43,5,2025-04-18 05:00:00
301,361,4,2025-04-18 06:00:00
243,228,5,2025-04-18 07:00:00
122,227,4,2025-04-18 08:00:00
147,63,5,2025-04-18 09:00:00
567,171,4,2025-04-18 10:00:00
750,451,3,2025-04-18 11:00:00
356,250,2,2025-04-18 12:00:00
685,338,5,2025-04-18 13:00:00
904,250,3,2025-04-18 14:00:00
733,307,2,2025-04-18 15:00:00
631,238,1,2025-04-18 16:00:00
695,171,5,2025-04-18 18:00:00
288,408,4,2025-04-18 19:00:00
307,480,4,2025-04-18 20:00:00
812,34,5,2025-04-18 21:00:00
594,315,4,2025-04-18 22:00:00
966,130,5,2025-04-18 23:00:00
914,130,3,2025-04-19 00:00:00
723,394,5,2025-04-19 01:00:00
662,151,1,2025-04-19 02:00:00
549,143,5,2025-04-19 03:00:00
352,118,4,2025-04-19 04:00:00
312,204,2,2025-04-19 05:00:00
873,384,3,2025-04-19 06:00:00
59,235,3,2025-04-19 07:00:00
643,17,2,2025-04-19 08:00:00
924,82,4,2025-04-19 09:00:00
714,14,5,2025-04-19 10:00:00
755,81,4,2025-04-19 11:00:00
35,207,4,2025-04-19 12:00:00
445,204,1,2025-04-19 13:00:00
93,379,2,2025-04-19 14:00:00
950,272,4,2025-04-19 15:00:00
959,32,5,2025-04-19 16:00:00
207,23,5,2025-04-19 17:00:00
353,102,3,2025-04-19 18:00:00
903,162,4,2025-04-19 19:00:00
332,98,4,2025-04-19 20:00:00
817,144,4,2025-04-19 21:00:00
862,418,4,2025-04-19 22:00:00
725,104,5,2025-04-19 23:00:00
159,382,1,2025-04-20 00:00:00
954,455,5,2025-04-20 01:00:00
957,417,1,2025-04-20 02:00:00
24,324,4,2025-04-20 03:00:00
404,171,5,2025-04-20 04:00:00
805,64,4,2025-04-20 05:00:00
516,244,1,2025-04-20 06:00:00
732,71,3,2025-04-20 07:00:00
382,452,2,2025-04-20 09:00:00
532,369,4,2025-04-20 10:00:00
956,125,3,2025-04-20 11:00:00
152,383,5,2025-04-20 12:00:00
562,317,2,2025-04-20 13:00:00
689,331,4,2025-04-20 14:00:00
947,107,4,2025-04-20 15:00:00
608,148,4,2025-04-20 16:00:00
617,395,3,2025-04-20 17:00:00
420,463,4,2025-04-20 18:00:00
250,430,4,2025-04-20 19:00:00
117,192,1,2025-04-20 20:00:00
866,337,5,2025-04-20 21:00:00
512,226,5,2025-04-20 22:00:00
740,242,1,2025-04-20 23:00:00
578,496,4,2025-04-21 00:00:00
335,460,4,2025-04-21 01:00:00
418,362,1,2025-04-21 02:00:00
932,284,3,2025-04-21 03:00:00
774,432,5,2025-04-21 04:00:00
295,163,4,2025-04-21 05:00:00
938,8,5,2025-04-21 06:00:00
755,347,4,2025-04-21 07:00:00
371,406,1,2025-04-21 08:00:00
186,377,1,2025-04-21 09:00:00
246,152,5,2025-04-21 10:00:00
637,322,4,2025-04-21 11:00:00
268,95,2,2025-04-21 12:00:00
643,214,4,2025-04-21 13:00:00
237,64,5,2025-04-21 14:00:00
530,65,5,2025-04-21 15:00:00
552,381,3,2025-04-21 16:00:00
21,270,3,2025-04-21 17:00:00
911,25,5,2025-04-21 18:00:00
737,484,5,2025-04-21 19:00:00
867,100,3,2025-04-21 20:00:00
794,105,5,2025-04-21 21:00:00
520,131,2,2025-04-21 22:00:00
100,389,2,2025-04-21 23:00:00
752,321,2,2025-04-22 00:00:00
478,438,2,2025-04-22 01:00:00
599,19,5,2025-04-22 02:00:00
298,225,4,2025-04-22 03:00:00
940,106,3,2025-04-22 04:00:00
526,54,5,2025-04-22 05:00:00
2,460,2,2025-04-22 07:00:00
375,394,4,2025-04-22 08:00:00
293,226,5,2025-04-22 09:00:00
837,400,5,2025-04-22 10:00:00
934,360,5,2025-04-22 11:00:00
553,430,2,2025-04-22 12:00:00
318,413,3,2025-04-22 13:00:00
502,15,5,2025-04-22 14:00:00
828,48,5,2025-04-22 15:00:00
381,139,3,2025-04-22 16:00:00
14,34,5,2025-04-22 18:00:00
504,420,3,2025-04-22 19:00:00
231,414,3,2025-04-22 20:00:00
84,457,4,2025-04-22 22:00:00
130,210,3,2025-04-22 23:00:00
743,19,4,2025-04-23 00:00:00
838,487,1,2025-04-23 01:00:00
145,196,5,2025-04-23 02:00:00
891,326,5,2025-04-23 03:00:00
857,115,5,2025-04-23 04:00:00
28,417,5,2025-04-23 05:00:00
66,352,4,2025-04-23 06:00:00
163,464,3,2025-04-23 07:00:00
229,75,1,2025-04-23 08:00:00
261,150,2,2025-04-23 09:00:00
449,36,3,2025-04-23 10:00:00
424,242,4,2025-04-23 11:00:00
460,151,5,2025-04-23 12:00:00
952,63,4,2025-04-23 13:00:00
676,154,4,2025-04-23 14:00:00
919,223,2,2025-04-23 16:00:00
303,93,5,2025-04-23 17:00:00
287,5,4,2025-04-23 18:00:00
395,438,3,2025-04-23 19:00:00
10,166,5,2025-04-23 20:00:00
707,446,4,2025-04-23 21:00:00
630,25,4,2025-04-23 22:00:00
270,98,4,2025-04-23 23:00:00
592,268,5,2025-04-24 00:00:00
970,150,2,2025-04-24 01:00:00
605,393,5,2025-04-24 02:00:00
778,252,5,2025-04-24 03:00:00
844,84,4,2025-04-24 04:00:00
862,285,4,2025-04-24 05:00:00
361,172,5,2025-04-24 06:00:00
257,221,3,2025-04-24 07:00:00
133,109,5,2025-04-24 08:00:00
276,27,4,2025-04-24 09:00:00
776,246,4,2025-04-24 10:00:00
683,55,4,2025-04-24 11:00:00
972,465,4,2025-04-24 12:00:00
513,133,2,2025-04-24 13:00:00
313,52,5,2025-04-24 14:00:00
576,493,4,2025-04-24 15:00:00
886,253,5,2025-04-24 16:00:00
980,269,2,2025-04-24 17:00:00
284,298,4,2025-04-24 18:00:00
121,399,5,2025-04-24 19:00:00
107,79,5,2025-04-24 20:00:00
933,18,5,2025-04-24 21:00:00
687,306,5,2025-04-24 22:00:00
997,258,3,2025-04-24 23:00:00
204,343,5,2025-04-25 00:00:00
165,107,2,2025-04-25 01:00:00
305,397,2,2025-04-25 02:00:00
497,491,2,2025-04-25 03:00:00
632,452,5,2025-04-25 04:00:00
556,47,2,2025-04-25 05:00:00
824,246,2,2025-04-25 06:00:00
156,89,3,2025-04-25 07:00:00
367,203,4,2025-04-25 08:00:00
719,434,5,2025-04-25 09:00:00
902,240,4,2025-04-25 10:00:00
620,490,4,2025-04-25 11:00:00
957,13,3,2025-04-25 13:00:00
882,315,4,2025-04-25 15:00:00
334,173,4,2025-04-25 16:00:00
642,230,3,2025-04-25 17:00:00
969,198,5,2025-04-25 18:00:00
511,491,5,2025-04-25 19:00:00
293,243,2,2025-04-25 20:00:00
20,43,1,2025-04-25 21:00:00
282,330,5,2025-04-25 22:00:00
797,279,2,2025-04-25 23:00:00
1,79,3,2025-04-26 00:00:00
119,429,3,2025-04-26 01:00:00
35,279,5,2025-04-26 02:00:00
198,232,4,2025-04-26 03:00:00
485,101,1,2025-04-26 04:00:00
757,162,1,2025-04-26 05:00:00
59,144,2,2025-04-26 06:00:00
837,447,3,2025-04-26 07:00:00
161,109,4,2025-04-26 08:00:00
691,435,5,2025-04-26 09:00:00
206,233,3,2025-04-26 10:00:00
490,416,3,2025-04-26 12:00:00
276,422,1,2025-04-26 13:00:00
242,440,2,2025-04-26 15:00:00
216,238,3,2025-04-26 16:00:00
251,197,2,2025-04-26 17:00:00
811,273,4,2025-04-26 18:00:00
126,86,5,2025-04-26 19:00:00
994,295,2,2025-04-26 20:00:00
217,41,4,2025-04-26 21:00:00
306,48,1,2025-04-26 22:00:00
797,466,5,2025-04-26 23:00:00
185,412,4,2025-04-27 00:00:00
39,77,4,2025-04-27 01:00:00
223,178,4,2025-04-27 02:00:00
184,490,5,2025-04-27 03:00:00
495,257,4,2025-04-27 04:00:00
427,117,4,2025-04-27 05:00:00
178,434,4,2025-04-27 06:00:00
919,19,4,2025-04-27 07:00:00
428,482,2,2025-04-27 08:00:00
294,59,3,2025-04-27 09:00:00
852,196,2,2025-04-27 10:00:00
151,107,4,2025-04-27 11:00:00
384,451,4,2025-04-27 12:00:00
638,425,2,2025-04-27 13:00:00
813,394,4,2025-04-27 14:00:00
308,284,5,2025-04-27 15:00:00
336,34,3,2025-04-27 16:00:00
746,495,5,2025-04-27 18:00:00
892,251,4,2025-04-27 19:00:00
375,126,2,2025-04-27 20:00:00
8,339,4,2025-04-27 21:00:00
341,106,4,2025-04-27 22:00:00
129,440,4,2025-04-27 23:00:00
776,180,4,2025-04-28 00:00:00
669,110,4,2025-04-28 01:00:00
352,228,5,2025-04-28 02:00:00
358,121,3,2025-04-28 03:00:00
517,107,5,2025-04-28 04:00:00
495,131,5,2025-04-28 05:00:00
86,23,3,2025-04-28 06:00:00
175,145,5,2025-04-28 07:00:00
802,327,3,2025-04-28 08:00:00
193,154,3,2025-04-28 09:00:00
311,107,5,2025-04-28 10:00:00
119,146,1,2025-04-28 11:00:00
218,252,3,2025-04-28 12:00:00
427,494,4,2025-04-28 13:00:00
970,302,4,2025-04-28 14:00:00
414,70,4,2025-04-28 15:00:00
114,31,2,2025-04-28 16:00:00
978,93,1,2025-04-28 17:00:00
145,137,3,2025-04-28 18:00:00
538,374,4,2025-04-28 19:00:00
648,163,4,2025-04-28 20:00:00
744,316,4,2025-04-28 22:00:00
881,76,3,2025-04-28 23:00:00
588,63,5,2025-04-29 00:00:00
987,100,2,2025-04-29 01:00:00
840,436,2,2025-04-29 02:00:00
345,48,5,2025-04-29 03:00:00
814,445,3,2025-04-29 04:00:00
964,408,4,2025-04-29 05:00:00
801,74,3,2025-04-29 06:00:00
1,314,4,2025-04-29 07:00:00
287,30,5,2025-04-29 09:00:00
654,487,4,2025-04-29 11:00:00
53,266,5,2025-04-29 12:00:00
304,256,4,2025-04-29 13:00:00
69,39,4,2025-04-29 14:00:00
361,55,4,2025-04-29 15:00:00
958,402,5,2025-04-29 17:00:00
220,425,1,2025-04-29 18:00:00
962,118,5,2025-04-29 19:00:00
704,370,4,2025-04-29 20:00:00
966,209,5,2025-04-29 21:00:00
575,75,1,2025-04-29 22:00:00
585,65,5,2025-04-29 23:00:00
161,337,2,2025-04-30 00:00:00
681,356,5,2025-04-30 01:00:00
89,100,4,2025-04-30 02:00:00
781,316,4,2025-04-30 04:00:00
585,393,2,2025-04-30 05:00:00
757,429,4,2025-04-30 06:00:00
589,444,3,2025-04-30 07:00:00
159,156,4,2025-04-30 08:00:00
489,240,5,2025-04-30 09:00:00
971,353,2,2025-04-30 10:00:00
324,259,4,2025-04-30 11:00:00
610,435,4,2025-04-30 12:00:00
381,136,3,2025-04-30 13:00:00
102,370,5,2025-04-30 14:00:00
494,198,4,2025-04-30 15:00:00
644,187,2,2025-04-30 16:00:00
614,116,2,2025-04-30 17:00:00
19,445,4,2025-04-30 18:00:00
454,58,3,2025-04-30 19:00:00
482,70,2,2025-04-30 20:00:00
594,93,1,2025-04-30 21:00:00
397,229,4,2025-04-30 22:00:00
279,396,4,2025-04-30 23:00:00
851,137,2,2025-05-01 00:00:00
365,105,4,2025-05-01 01:00:00
331,305,5,2025-05-01 02:00:00
641,339,5,2025-05-01 03:00:00
344,17,5,2025-05-01 04:00:00
822,54,5,2025-05-01 05:00:00
601,172,2,2025-05-01 07:00:00
725,416,4,2025-05-01 08:00:00
655,419,4,2025-05-01 09:00:00
65,462,5,2025-05-01 10:00:00
76,305,3,2025-05-01 11:00:00
711,438,4,2025-05-01 12:00:00
143,144,4,2025-05-01 13:00:00
915,12,4,2025-05-01 15:00:00
828,252,3,2025-05-01 16:00:00
605,216,5,2025-05-01 17:00:00
473,126,4,2025-05-01 18:00:00
417,98,4,2025-05-01 19:00:00
305,392,3,2025-05-01 20:00:00
736,492,4,2025-05-01 21:00:00
497,405,3,2025-05-01 22:00:00
291,304,3,2025-05-01 23:00:00
940,392,3,2025-05-02 00:00:00
102,28,1,2025-05-02 01:00:00
986,336,4,2025-05-02 02:00:00
267,266,3,2025-05-02 03:00:00
968,143,1,2025-05-02 05:00:00
622,132,1,2025-05-02 06:00:00
974,346,5,2025-05-02 07:00:00
842,207,2,2025-05-02 08:00:00
962,484,1,2025-05-02 09:00:00
942,480,2,2025-05-02 10:00:00
777,62,5,2025-05-02 11:00:00
3,363,5,2025-05-02 12:00:00
85,486,3,2025-05-02 13:00:00
794,132,4,2025-05-02 14:00:00
328,41,4,2025-05-02 15:00:00
816,201,5,2025-05-02 16:00:00
450,99,1,2025-05-02 17:00:00
454,311,5,2025-05-02 18:00:00
924,284,2,2025-05-02 19:00:00
629,357,3,2025-05-02 20:00:00
221,47,2,2025-05-02 21:00:00
154,137,5,2025-05-02 22:00:00
665,130,4,2025-05-02 23:00:00
12,195,4,2025-05-03 00:00:00
133,117,4,2025-05-03 01:00:00
994,364,4,2025-05-03 02:00:00
304,432,5,2025-05-03 03:00:00
293,69,3,2025-05-03 04:00:00
975,458,4,2025-05-03 05:00:00
300,28,2,2025-05-03 06:00:00
740,335,4,2025-05-03 07:00:00
783,14,5,2025-05-03 08:00:00
43,46,4,2025-05-03 09:00:00
944,471,5,2025-05-03 10:00:00
343,397,3,2025-05-03 11:00:00
326,16,4,2025-05-03 12:00:00
814,478,3,2025-05-03 13:00:00
364,456,3,2025-05-03 15:00:00
891,209,4,2025-05-03 16:00:00
427,158,5,2025-05-03 17:00:00
21,337,5,2025-05-03 18:00:00
407,227,4,2025-05-03 19:00:00
619,449,3,2025-05-03 20:00:00
336,241,4,2025-05-03 21:00:00
815,58,3,2025-05-03 22:00:00
117,472,4,2025-05-03 23:00:00
124,304,5,2025-05-04 00:00:00
399,305,2,2025-05-04 01:00:00
793,345,4,2025-05-04 02:00:00
804,130,5,2025-05-04 03:00:00
715,217,2,2025-05-04 04:00:00
51,14,4,2025-05-04 05:00:00
783,359,5,2025-05-04 06:00:00
324,377,5,2025-05-04 07:00:00
789,243,4,2025-05-04 08:00:00
141,481,1,2025-05-04 09:00:00
470,145,2,2025-05-04 10:00:00
787,379,4,2025-05-04 11:00:00
802,415,2,2025-05-04 12:00:00
334,394,2,2025-05-04 13:00:00
893,326,5,2025-05-04 14:00:00
964,103,5,2025-05-04 15:00:00
373,217,5,2025-05-04 16:00:00
564,358,2,2025-05-04 17:00:00
494,421,2,2025-05-04 18:00:00
539,64,5,2025-05-04 19:00:00
669,158,5,2025-05-04 20:00:00
751,162,5,2025-05-04 21:00:00
156,18,5,2025-05-04 22:00:00
291,216,5,2025-05-04 23:00:00
648,319,4,2025-05-05 00:00:00
144,49,3,2025-05-05 01:00:00
106,56,4,2025-05-05 02:00:00
670,58,3,2025-05-05 04:00:00
658,155,5,2025-05-05 05:00:00
2,55,2,2025-05-05 06:00:00
945,487,5,2025-05-05 07:00:00
589,341,1,2025-05-05 08:00:00
644,19,4,2025-05-05 09:00:00
90,487,5,2025-05-05 10:00:00
345,151,2,2025-05-05 11:00:00
350,359,4,2025-05-05 12:00:00
459,368,2,2025-05-05 13:00:00
263,108,5,2025-05-05 14:00:00
351,47,5,2025-05-05 15:00:00
108,207,5,2025-05-05 16:00:00
586,363,5,2025-05-05 17:00:00
39,450,5,2025-05-05 18:00:00
909,483,2,2025-05-05 19:00:00
159,435,3,2025-05-05 20:00:00
583,340,4,2025-05-05 21:00:00
959,412,4,2025-05-05 22:00:00
312,128,5,2025-05-05 23:00:00
241,185,3,2025-05-06 00:00:00
938,58,2,2025-05-06 01:00:00
445,143,4,2025-05-06 02:00:00
298,400,2,2025-05-06 03:00:00
952,97,4,2025-05-06 04:00:00
36,47,4,2025-05-06 05:00:00
84,191,5,2025-05-06 06:00:00
452,140,1,2025-05-06 07:00:00
886,103,5,2025-05-06 08:00:00
775,231,1,2025-05-06 09:00:00
822,427,3,2025-05-06 10:00:00
385,340,4,2025-05-06 11:00:00
172,413,1,2025-05-06 12:00:00
376,491,2,2025-05-06 13:00:00
685,49,1,2025-05-06 14:00:00
362,387,4,2025-05-06 15:00:00
559,112,5,2025-05-06 16:00:00
891,453,4,2025-05-06 17:00:00
141,316,4,2025-05-06 18:00:00
887,322,3,2025-05-06 19:00:00
918,87,1,2025-05-06 20:00:00
118,382,1,2025-05-06 21:00:00
277,474,5,2025-05-06 22:00:00
726,282,2,2025-05-06 23:00:00
220,327,5,2025-05-07 00:00:00
905,252,2,2025-05-07 01:00:00
26,74,4,2025-05-07 02:00:00
521,453,5,2025-05-07 03:00:00
783,47,3,2025-05-07 04:00:00
10,76,5,2025-05-07 05:00:00
984,96,3,2025-05-07 06:00:00
378,426,3,2025-05-07 07:00:00
633,31,3,2025-05-07 08:00:00
637,22,5,2025-05-07 09:00:00
682,17,3,2025-05-07 10:00:00
584,212,3,2025-05-07 11:00:00
152,148,5,2025-05-07 12:00:00
720,235,3,2025-05-07 13:00:00
49,392,4,2025-05-07 14:00:00
154,495,5,2025-05-07 15:00:00
859,354,3,2025-05-07 16:00:00
293,305,3,2025-05-07 17:00:00
50,38,3,2025-05-07 19:00:00
531,28,4,2025-05-07 21:00:00
612,77,5,2025-05-07 22:00:00
60,413,1,2025-05-07 23:00:00
167,200,3,2025-05-08 00:00:00
202,395,3,2025-05-08 01:00:00
857,431,3,2025-05-08 02:00:00
146,173,4,2025-05-08 03:00:00
915,274,3,2025-05-08 04:00:00
676,50,4,2025-05-08 05:00:00
970,345,4,2025-05-08 06:00:00
993,177,3,2025-05-08 07:00:00
439,406,3,2025-05-08 08:00:00
242,301,2,2025-05-08 09:00:00
581,445,1,2025-05-08 10:00:00
687,227,4,2025-05-08 11:00:00
561,127,4,2025-05-08 12:00:00
483,349,2,2025-05-08 13:00:00
108,21,4,2025-05-08 14:00:00
226,199,5,2025-05-08 15:00:00
673,189,1,2025-05-08 16:00:00
631,332,4,2025-05-08 17:00:00
661,420,5,2025-05-08 18:00:00
977,152,1,2025-05-08 19:00:00
662,160,5,2025-05-08 20:00:00
432,347,5,2025-05-08 21:00:00
805,480,2,2025-05-08 22:00:00
655,443,5,2025-05-08 23:00:00
419,96,3,2025-05-09 00:00:00
988,352,2,2025-05-09 01:00:00
455,474,4,2025-05-09 02:00:00
160,75,1,2025-05-09 03:00:00
523,366,4,2025-05-09 04:00:00
650,82,1,2025-05-09 05:00:00
969,128,5,2025-05-09 06:00:00
590,359,4,2025-05-09 07:00:00
77,133,4,2025-05-09 08:00:00
509,400,2,2025-05-09 09:00:00
441,139,3,2025-05-09 10:00:00
254,246,2,2025-05-09 11:00:00
921,291,5,2025-05-09 12:00:00
320,203,4,2025-05-09 14:00:00
803,170,3,2025-05-09 15:00:00
263,87,4,2025-05-09 16:00:00
597,119,4,2025-05-09 17:00:00
658,98,4,2025-05-09 18:00:00
835,240,4,2025-05-09 19:00:00
554,337,4,2025-05-09 20:00:00
374,138,5,2025-05-09 21:00:00
637,82,5,2025-05-09 22:00:00
167,236,4,2025-05-09 23:00:00
753,282,5,2025-05-10 01:00:00
459,3,4,2025-05-10 02:00:00
999,59,1,2025-05-10 03:00:00
280,116,4,2025-05-10 04:00:00
700,472,3,2025-05-10 05:00:00
302,131,4,2025-05-10 06:00:00
531,422,4,2025-05-10 07:00:00
580,386,4,2025-05-10 08:00:00
218,483,4,2025-05-10 09:00:00
102,401,4,2025-05-10 10:00:00
554,201,2,2025-05-10 11:00:00
288,292,2,2025-05-10 12:00:00
167,342,4,2025-05-10 13:00:00
621,479,4,2025-05-10 14:00:00
36,98,5,2025-05-10 15:00:00
744,216,2,2025-05-10 16:00:00
353,73,4,2025-05-10 18:00:00
676,366,4,2025-05-10 19:00:00
899,378,3,2025-05-10 20:00:00
73,491,4,2025-05-10 21:00:00
648,130,1,2025-05-10 22:00:00
353,469,1,2025-05-10 23:00:00
891,418,2,2025-05-11 00:00:00
70,27,4,2025-05-11 01:00:00
425,165,5,2025-05-11 02:00:00
999,455,3,2025-05-11 03:00:00
708,406,1,2025-05-11 04:00:00
561,14,5,2025-05-11 06:00:00
828,98,2,2025-05-11 07:00:00
642,279,3,2025-05-11 08:00:00
956,428,2,2025-05-11 09:00:00
517,490,2,2025-05-11 10:00:00
428,473,4,2025-05-11 11:00:00
539,449,5,2025-05-11 12:00:00
160,371,4,2025-05-11 13:00:00
149,247,5,2025-05-11 14:00:00
776,112,4,2025-05-11 15:00:00
230,207,5,2025-05-11 16:00:00
712,352,3,2025-05-11 17:00:00
562,334,2,2025-05-11 18:00:00
67,233,5,2025-05-11 19:00:00
812,61,3,2025-05-11 20:00:00
381,85,3,2025-05-11 21:00:00
58,183,4,2025-05-11 22:00:00
259,239,3,2025-05-11 23:00:00
342,250,4,2025-05-12 00:00:00
838,71,3,2025-05-12 01:00:00
130,228,5,2025-05-12 02:00:00
727,85,3,2025-05-12 03:00:00
172,306,4,2025-05-12 04:00:00
614,396,5,2025-05-12 06:00:00
209,463,4,2025-05-12 07:00:00
803,271,2,2025-05-12 08:00:00
471,290,3,2025-05-12 10:00:00
798,236,4,2025-05-12 11:00:00
116,291,4,2025-05-12 12:00:00
264,39,3,2025-05-12 13:00:00
662,486,4,2025-05-12 14:00:00
812,206,5,2025-05-12 15:00:00
442,183,1,2025-05-12 16:00:00
548,187,4,2025-05-12 17:00:00
453,133,4,2025-05-12 18:00:00
845,30,4,2025-05-12 19:00:00
477,388,1,2025-05-12 20:00:00
303,143,1,2025-05-12 22:00:00
311,103,4,2025-05-12 23:00:00
208,419,4,2025-05-13 00:00:00
618,493,2,2025-05-13 01:00:00
446,74,3,2025-05-13 02:00:00
670,55,3,2025-05-13 03:00:00
633,450,5,2025-05-13 04:00:00
55,236,2,2025-05-13 05:00:00
912,60,4,2025-05-13 06:00:00
12,24,5,2025-05-13 07:00:00
657,476,5,2025-05-13 08:00:00
400,22,4,2025-05-13 09:00:00
908,428,3,2025-05-13 10:00:00
648,32,5,2025-05-13 11:00:00
980,351,5,2025-05-13 12:00:00
515,339,5,2025-05-13 13:00:00
656,435,1,2025-05-13 14:00:00
542,469,1,2025-05-13 15:00:00
237,3,4,2025-05-13 16:00:00
279,70,5,2025-05-13 17:00:00
348,160,5,2025-05-13 18:00:00
627,386,5,2025-05-13 19:00:00
104,88,4,2025-05-13 20:00:00
630,365,3,2025-05-13 21:00:00
517,59,4,2025-05-13 22:00:00
872,219,4,2025-05-14 00:00:00
248,201,5,2025-05-14 01:00:00
364,77,3,2025-05-14 02:00:00
321,255,1,2025-05-14 03:00:00
286,270,2,2025-05-14 05:00:00
149,307,4,2025-05-14 06:00:00
84,139,5,2025-05-14 07:00:00
966,78,3,2025-05-14 08:00:00
406,80,5,2025-05-14 09:00:00
978,10,3,2025-05-14 10:00:00
456,468,5,2025-05-14 11:00:00
743,336,1,2025-05-14 12:00:00
800,124,4,2025-05-14 13:00:00
161,186,4,2025-05-14 14:00:00
784,34,4,2025-05-14 15:00:00
460,121,4,2025-05-14 16:00:00
550,80,5,2025-05-14 17:00:00
500,206,5,2025-05-14 18:00:00
738,53,5,2025-05-14 19:00:00
509,156,4,2025-05-14 20:00:00
654,274,4,2025-05-14 21:00:00
804,410,3,2025-05-14 22:00:00
481,358,5,2025-05-14 23:00:00
663,135,1,2025-05-15 00:00:00
114,429,3,2025-05-15 01:00:00
749,98,3,2025-05-15 02:00:00
578,495,3,2025-05-15 03:00:00
361,241,5,2025-05-15 04:00:00
341,45,3,2025-05-15 05:00:00
987,481,4,2025-05-15 07:00:00
761,291,5,2025-05-15 08:00:00
969,436,4,2025-05-15 09:00:00
449,114,3,2025-05-15 10:00:00
843,487,4,2025-05-15 11:00:00
835,277,4,2025-05-15 12:00:00
180,241,3,2025-05-15 13:00:00
702,156,3,2025-05-15 14:00:00
407,352,2,2025-05-15 15:00:00
666,44,3,2025-05-15 16:00:00
196,80,4,2025-05-15 17:00:00
466,312,3,2025-05-15 18:00:00
311,138,5,2025-05-15 19:00:00
262,151,5,2025-05-15 20:00:00
419,432,3,2025-05-15 21:00:00
406,436,4,2025-05-15 22:00:00
939,242,2,2025-05-15 23:00:00
143,143,3,2025-05-16 00:00:00
342,311,5,2025-05-16 01:00:00
316,299,3,2025-05-16 02:00:00
101,50,2,2025-05-16 03:00:00
244,262,3,2025-05-16 04:00:00
490,161,5,2025-05-16 05:00:00
239,55,5,2025-05-16 07:00:00
561,423,5,2025-05-16 08:00:00
42,396,2,2025-05-16 09:00:00
678,372,1,2025-05-16 10:00:00
594,484,3,2025-05-16 11:00:00
429,31,4,2025-05-16 12:00:00
803,330,4,2025-05-16 13:00:00
158,437,2,2025-05-16 14:00:00
216,290,2,2025-05-16 15:00:00
670,169,1,2025-05-16 16:00:00
134,308,5,2025-05-16 18:00:00
67,459,2,2025-05-16 19:00:00
848,185,3,2025-05-16 20:00:00
7,334,2,2025-05-16 21:00:00
948,3,5,2025-05-16 22:00:00
526,441,5,2025-05-16 23:00:00
73,161,3,2025-05-17 00:00:00
399,391,3,2025-05-17 01:00:00
405,260,3,2025-05-17 02:00:00
675,423,4,2025-05-17 03:00:00
578,48,4,2025-05-17 04:00:00
859,254,4,2025-05-17 05:00:00
130,74,5,2025-05-17 06:00:00
931,335,2,2025-05-17 07:00:00
466,400,5,2025-05-17 08:00:00
206,166,3,2025-05-17 09:00:00
788,260,3,2025-05-17 10:00:00
978,4,5,2025-05-17 11:00:00
768,376,5,2025-05-17 12:00:00
266,119,5,2025-05-17 13:00:00
537,484,5,2025-05-17 14:00:00
962,411,5,2025-05-17 15:00:00
793,470,3,2025-05-17 16:00:00
253,470,5,2025-05-17 17:00:00
822,273,5,2025-05-17 18:00:00
289,493,4,2025-05-17 19:00:00
164,226,4,2025-05-17 20:00:00
95,352,5,2025-05-17 21:00:00
782,500,5,2025-05-17 22:00:00
833,70,3,2025-05-17 23:00:00
110,182,5,2025-05-18 00:00:00
336,353,5,2025-05-18 01:00:00
822,264,3,2025-05-18 02:00:00
238,370,5,2025-05-18 03:00:00
381,181,2,2025-05-18 04:00:00
436,484,2,2025-05-18 05:00:00
899,5,4,2025-05-18 06:00:00
483,197,5,2025-05-18 07:00:00
902,458,5,2025-05-18 09:00:00
25,40,4,2025-05-18 10:00:00
653,122,5,2025-05-18 11:00:00
117,135,5,2025-05-18 12:00:00
482,140,5,2025-05-18 13:00:00
392,350,5,2025-05-18 14:00:00
917,153,5,2025-05-18 15:00:00
994,28,2,2025-05-18 16:00:00
964,427,3,2025-05-18 17:00:00
79,175,5,2025-05-18 19:00:00
580,49,2,2025-05-18 20:00:00
956,310,5,2025-05-18 22:00:00
12,274,5,2025-05-18 23:00:00
800,27,5,2025-05-19 00:00:00
128,328,2,2025-05-19 01:00:00
608,390,3,2025-05-19 02:00:00
92,459,3,2025-05-19 03:00:00
653,221,1,2025-05-19 04:00:00
543,122,3,2025-05-19 05:00:00
846,361,3,2025-05-19 06:00:00
532,69,2,2025-05-19 07:00:00
989,150,3,2025-05-19 09:00:00
828,187,1,2025-05-19 10:00:00
447,431,5,2025-05-19 11:00:00
390,373,5,2025-05-19 12:00:00
672,246,5,2025-05-19 13:00:00
861,196,4,2025-05-19 14:00:00
43,32,5,2025-05-19 15:00:00
254,467,5,2025-05-19 16:00:00
130,109,4,2025-05-19 17:00:00
60,353,4,2025-05-19 18:00:00
663,1,1,2025-05-19 19:00:00
467,182,5,2025-05-19 20:00:00
287,174,4,2025-05-19 21:00:00
517,169,5,2025-05-19 22:00:00
467,248,4,2025-05-19 23:00:00
930,108,5,2025-05-20 00:00:00
778,370,5,2025-05-20 01:00:00
345,297,5,2025-05-20 02:00:00
642,264,3,2025-05-20 03:00:00
382,416,2,2025-05-20 04:00:00
779,30,5,2025-05-20 05:00:00
690,302,5,2025-05-20 06:00:00
253,476,3,2025-05-20 07:00:00
927,361,5,2025-05-20 08:00:00
56,436,4,2025-05-20 09:00:00
463,352,2,2025-05-20 10:00:00
457,473,4,2025-05-20 11:00:00
983,482,5,2025-05-20 12:00:00
83,317,4,2025-05-20 13:00:00
905,225,5,2025-05-20 14:00:00
149,89,5,2025-05-20 16:00:00
329,234,5,2025-05-20 17:00:00
156,168,4,2025-05-20 18:00:00
190,231,3,2025-05-20 19:00:00
494,126,4,2025-05-20 20:00:00
883,61,5,2025-05-20 21:00:00
263,120,2,2025-05-20 22:00:00
80,428,4,2025-05-20 23:00:00
400,497,2,2025-05-21 00:00:00
764,190,4,2025-05-21 01:00:00
609,121,4,2025-05-21 02:00:00
260,428,5,2025-05-21 03:00:00
772,48,4,2025-05-21 04:00:00
615,202,4,2025-05-21 05:00:00
552,59,5,2025-05-21 06:00:00
785,185,3,2025-05-21 07:00:00
359,492,5,2025-05-21 09:00:00
380,11,3,2025-05-21 10:00:00
820,281,2,2025-05-21 11:00:00
221,189,4,2025-05-21 12:00:00
820,302,3,2025-05-21 13:00:00
420,310,3,2025-05-21 14:00:00
124,500,5,2025-05-21 15:00:00
422,237,4,2025-05-21 16:00:00
231,34,5,2025-05-21 17:00:00
690,340,2,2025-05-21 18:00:00
63,135,5,2025-05-21 19:00:00
628,62,5,2025-05-21 21:00:00
703,313,3,2025-05-21 22:00:00
574,227,4,2025-05-21 23:00:00
768,93,4,2025-05-22 00:00:00
483,116,5,2025-05-22 01:00:00
519,332,5,2025-05-22 02:00:00
155,133,1,2025-05-22 03:00:00
92,332,5,2025-05-22 04:00:00
982,477,5,2025-05-22 05:00:00
526,419,4,2025-05-22 06:00:00
455,468,2,2025-05-22 07:00:00
741,293,5,2025-05-22 08:00:00
598,444,4,2025-05-22 09:00:00
645,193,5,2025-05-22 10:00:00
510,400,5,2025-05-22 11:00:00
183,30,2,2025-05-22 12:00:00
386,457,4,2025-05-22 13:00:00
574,298,4,2025-05-22 14:00:00
731,61,5,2025-05-22 15:00:00
405,458,3,2025-05-22 16:00:00
246,461,3,2025-05-22 17:00:00
661,340,4,2025-05-22 20:00:00
650,349,3,2025-05-22 21:00:00
471,448,4,2025-05-22 22:00:00
826,441,4,2025-05-22 23:00:00
888,324,4,2025-05-23 00:00:00
423,302,5,2025-05-23 01:00:00
901,369,2,2025-05-23 02:00:00
65,28,3,2025-05-23 03:00:00
13,485,4,2025-05-23 04:00:00
213,77,4,2025-05-23 05:00:00
986,121,4,2025-05-23 06:00:00
242,3,2,2025-05-23 07:00:00
493,37,5,2025-05-23 08:00:00
213,432,4,2025-05-23 09:00:00
693,147,3,2025-05-23 10:00:00
338,92,4,2025-05-23 11:00:00
997,339,3,2025-05-23 12:00:00
173,273,2,2025-05-23 13:00:00
672,466,2,2025-05-23 14:00:00
164,466,2,2025-05-23 15:00:00
465,377,2,2025-05-23 16:00:00
995,87,4,2025-05-23 17:00:00
497,40,4,2025-05-23 18:00:00
700,178,4,2025-05-23 19:00:00
395,329,1,2025-05-23 20:00:00
703,285,5,2025-05-23 21:00:00
917,435,5,2025-05-23 22:00:00
308,42,5,2025-05-23 23:00:00
768,285,3,2025-05-24 00:00:00
183,66,4,2025-05-24 01:00:00
794,145,5,2025-05-24 03:00:00
510,120,2,2025-05-24 04:00:00
708,109,3,2025-05-24 05:00:00
546,415,4,2025-05-24 06:00:00
564,92,4,2025-05-24 07:00:00
624,491,4,2025-05-24 08:00:00
764,368,2,2025-05-24 09:00:00
594,308,4,2025-05-24 10:00:00
744,423,5,2025-05-24 11:00:00
227,60,5,2025-05-24 12:00:00
745,350,4,2025-05-24 13:00:00
733,227,4,2025-05-24 14:00:00
436,240,2,2025-05-24 15:00:00
925,435,3,2025-05-24 16:00:00
422,212,3,2025-05-24 17:00:00
554,400,4,2025-05-24 18:00:00
21,98,5,2025-05-24 19:00:00
554,14,4,2025-05-24 20:00:00
397,218,2,2025-05-24 21:00:00
625,468,4,2025-05-24 22:00:00
105,170,2,2025-05-24 23:00:00
192,307,5,2025-05-25 00:00:00
17,280,2,2025-05-25 01:00:00
120,363,4,2025-05-25 02:00:00
393,210,4,2025-05-25 03:00:00
425,256,3,2025-05-25 04:00:00
129,171,1,2025-05-25 05:00:00
130,73,4,2025-05-25 06:00:00
572,147,1,2025-05-25 07:00:00
560,340,4,2025-05-25 08:00:00
29,317,5,2025-05-25 09:00:00
97,106,3,2025-05-25 10:00:00
10,94,4,2025-05-25 11:00:00
242,63,5,2025-05-25 12:00:00
826,154,4,2025-05-25 13:00:00
956,255,5,2025-05-25 14:00:00
232,351,2,2025-05-25 15:00:00
789,35,5,2025-05-25 16:00:00
284,323,4,2025-05-25 17:00:00
715,312,5,2025-05-25 18:00:00
759,296,2,2025-05-25 19:00:00
802,253,3,2025-05-25 20:00:00
776,157,2,2025-05-25 21:00:00
955,134,5,2025-05-25 22:00:00
726,436,4,2025-05-25 23:00:00
200,129,5,2025-05-26 00:00:00
945,436,3,2025-05-26 01:00:00
79,280,2,2025-05-26 02:00:00
913,358,3,2025-05-26 03:00:00
956,418,4,2025-05-26 04:00:00
855,371,5,2025-05-26 05:00:00
856,252,3,2025-05-26 06:00:00
173,135,5,2025-05-26 07:00:00
467,331,3,2025-05-26 08:00:00
581,11,4,2025-05-26 09:00:00
416,292,5,2025-05-26 10:00:00
940,148,3,2025-05-26 11:00:00
449,319,1,2025-05-26 12:00:00
87,80,3,2025-05-26 13:00:00
101,191,1,2025-05-26 14:00:00
8,453,5,2025-05-26 15:00:00
845,344,5,2025-05-26 16:00:00
200,30,5,2025-05-26 17:00:00
505,414,5,2025-05-26 18:00:00
87,359,3,2025-05-26 19:00:00
43,368,1,2025-05-26 20:00:00
385,495,5,2025-05-26 21:00:00
621,229,4,2025-05-26 22:00:00
435,481,4,2025-05-26 23:00:00
483,150,4,2025-05-27 01:00:00
664,361,2,2025-05-27 02:00:00
17,189,5,2025-05-27 03:00:00
645,21,4,2025-05-27 04:00:00
277,246,4,2025-05-27 06:00:00
232,283,3,2025-05-27 07:00:00
826,102,2,2025-05-27 08:00:00
927,419,5,2025-05-27 09:00:00
366,294,4,2025-05-27 10:00:00
651,316,4,2025-05-27 12:00:00
436,326,4,2025-05-27 13:00:00
399,288,3,2025-05-27 14:00:00
211,336,3,2025-05-27 15:00:00
391,476,3,2025-05-27 16:00:00
499,464,3,2025-05-27 17:00:00
540,411,4,2025-05-27 18:00:00
563,245,2,2025-05-27 19:00:00
491,387,3,2025-05-27 20:00:00
261,213,3,2025-05-27 22:00:00
773,358,5,2025-05-27 23:00:00
350,102,1,2025-05-28 00:00:00
352,286,4,2025-05-28 01:00:00
520,22,2,2025-05-28 02:00:00
320,19,5,2025-05-28 03:00:00
550,276,4,2025-05-28 05:00:00
623,495,5,2025-05-28 06:00:00
992,147,3,2025-05-28 07:00:00
220,40,3,2025-05-28 09:00:00
337,167,3,2025-05-28 10:00:00
223,91,3,2025-05-28 11:00:00
648,72,3,2025-05-28 12:00:00
768,365,4,2025-05-28 13:00:00
329,335,1,2025-05-28 16:00:00
962,140,4,2025-05-28 17:00:00
463,239,4,2025-05-28 18:00:00
946,78,1,2025-05-28 19:00:00
963,199,2,2025-05-28 20:00:00
561,17,4,2025-05-28 21:00:00
804,218,3,2025-05-28 22:00:00
382,229,5,2025-05-28 23:00:00
836,340,2,2025-05-29 00:00:00
590,138,1,2025-05-29 01:00:00
617,147,4,2025-05-29 02:00:00
169,210,5,2025-05-29 03:00:00
217,158,4,2025-05-29 04:00:00
378,414,3,2025-05-29 05:00:00
119,153,1,2025-05-29 06:00:00
190,344,4,2025-05-29 07:00:00
767,330,3,2025-05-29 08:00:00
370,383,4,2025-05-29 09:00:00
778,450,4,2025-05-29 10:00:00
149,358,3,2025-05-29 11:00:00
676,352,1,2025-05-29 12:00:00
652,163,5,2025-05-29 13:00:00
488,101,5,2025-05-29 15:00:00
770,327,3,2025-05-29 16:00:00
374,327,4,2025-05-29 17:00:00
781,155,2,2025-05-29 18:00:00
693,10,3,2025-05-29 19:00:00
160,353,4,2025-05-29 20:00:00
351,427,5,2025-05-29 21:00:00
288,455,5,2025-05-29 23:00:00
288,134,4,2025-05-30 00:00:00
892,6,3,2025-05-30 01:00:00
226,333,5,2025-05-30 02:00:00
523,432,4,2025-05-30 03:00:00
522,333,4,2025-05-30 04:00:00
783,258,4,2025-05-30 05:00:00
273,211,4,2025-05-30 06:00:00
936,51,5,2025-05-30 07:00:00
402,445,3,2025-05-30 08:00:00
183,147,1,2025-05-30 09:00:00
969,498,5,2025-05-30 10:00:00
665,377,5,2025-05-30 11:00:00
488,128,3,2025-05-30 12:00:00
827,486,2,2025-05-30 13:00:00
846,258,4,2025-05-30 14:00:00
124,51,1,2025-05-30 15:00:00
985,154,4,2025-05-30 16:00:00
626,70,2,2025-05-30 17:00:00
414,279,1,2025-05-30 19:00:00
980,310,4,2025-05-30 20:00:00
725,399,4,2025-05-30 21:00:00
172,134,4,2025-05-30 22:00:00
288,220,2,2025-05-30 23:00:00
435,163,2,2025-05-31 00:00:00
686,459,3,2025-05-31 01:00:00
113,136,4,2025-05-31 02:00:00
888,57,4,2025-05-31 03:00:00
917,434,1,2025-05-31 04:00:00
995,177,5,2025-05-31 05:00:00
122,115,5,2025-05-31 06:00:00
544,499,4,2025-05-31 07:00:00
222,472,3,2025-05-31 08:00:00
631,149,5,2025-05-31 09:00:00
39,241,5,2025-05-31 10:00:00
497,123,5,2025-05-31 11:00:00
233,327,5,2025-05-31 13:00:00
943,69,2,2025-05-31 14:00:00
530,314,4,2025-05-31 15:00:00
149,63,4,2025-05-31 16:00:00
397,221,4,2025-05-31 17:00:00
661,16,4,2025-05-31 18:00:00
638,390,2,2025-05-31 19:00:00
904,78,5,2025-05-31 20:00:00
302,122,4,2025-05-31 21:00:00
238,258,1,2025-05-31 23:00:00
647,217,4,2025-06-01 00:00:00
663,479,4,2025-06-01 01:00:00
236,114,4,2025-06-01 02:00:00
736,370,5,2025-06-01 03:00:00
203,461,3,2025-06-01 04:00:00
256,380,3,2025-06-01 05:00:00
598,146,5,2025-06-01 06:00:00
662,465,4,2025-06-01 07:00:00
235,237,3,2025-06-01 08:00:00
345,476,4,2025-06-01 09:00:00
534,460,4,2025-06-01 10:00:00
860,419,4,2025-06-01 11:00:00
797,86,1,2025-06-01 12:00:00
781,167,4,2025-06-01 13:00:00
770,165,5,2025-06-01 15:00:00
541,277,5,2025-06-01 16:00:00
213,257,4,2025-06-01 17:00:00
463,132,3,2025-06-01 18:00:00
436,480,2,2025-06-01 19:00:00
283,58,3,2025-06-01 20:00:00
562,257,1,2025-06-01 21:00:00
607,141,5,2025-06-01 22:00:00
463,174,5,2025-06-01 23:00:00
407,175,4,2025-06-02 00:00:00
88,209,3,2025-06-02 01:00:00
44,204,2,2025-06-02 02:00:00
461,7,5,2025-06-02 03:00:00
278,51,5,2025-06-02 04:00:00
683,259,3,2025-06-02 05:00:00
421,178,4,2025-06-02 06:00:00
701,410,3,2025-06-02 07:00:00
353,31,3,2025-06-02 08:00:00
696,356,1,2025-06-02 09:00:00
515,318,4,2025-06-02 10:00:00
630,451,1,2025-06-02 12:00:00
19,364,2,2025-06-02 13:00:00
23,55,3,2025-06-02 14:00:00
413,156,4,2025-06-02 15:00:00
30,44,3,2025-06-02 16:00:00
807,81,5,2025-06-02 17:00:00
108,166,3,2025-06-02 18:00:00
367,495,3,2025-06-02 19:00:00
281,30,3,2025-06-02 20:00:00
128,322,3,2025-06-02 21:00:00
229,136,1,2025-06-02 22:00:00
111,14,3,2025-06-02 23:00:00
136,357,5,2025-06-03 00:00:00
362,483,4,2025-06-03 01:00:00
186,106,5,2025-06-03 02:00:00
656,359,2,2025-06-03 03:00:00
584,318,4,2025-06-03 04:00:00
129,75,3,2025-06-03 05:00:00
876,447,5,2025-06-03 06:00:00
261,79,5,2025-06-03 07:00:00
515,194,5,2025-06-03 08:00:00
900,363,3,2025-06-03 10:00:00
104,96,1,2025-06-03 11:00:00
483,40,1,2025-06-03 12:00:00
224,256,1,2025-06-03 13:00:00
832,397,3,2025-06-03 14:00:00
874,107,3,2025-06-03 15:00:00
866,17,4,2025-06-03 16:00:00
491,15,4,2025-06-03 17:00:00
473,417,5,2025-06-03 18:00:00
10,499,2,2025-06-03 19:00:00
405,272,2,2025-06-03 20:00:00
302,13,4,2025-06-03 22:00:00
231,247,2,2025-06-03 23:00:00
731,214,5,2025-06-04 00:00:00
923,151,3,2025-06-04 01:00:00
66,292,3,2025-06-04 02:00:00
937,43,4,2025-06-04 03:00:00
112,434,3,2025-06-04 04:00:00
13,114,4,2025-06-04 05:00:00
393,330,3,2025-06-04 06:00:00
500,81,3,2025-06-04 07:00:00
932,350,5,2025-06-04 08:00:00
598,141,3,2025-06-04 09:00:00
234,30,4,2025-06-04 10:00:00
602,441,3,2025-06-04 11:00:00
314,494,4,2025-06-04 12:00:00
566,30,3,2025-06-04 13:00:00
12,455,5,2025-06-04 14:00:00
209,266,5,2025-06-04 15:00:00
974,99,1,2025-06-04 16:00:00
14,450,1,2025-06-04 17:00:00
633,94,5,2025-06-04 18:00:00
418,211,5,2025-06-04 19:00:00
437,295,4,2025-06-04 20:00:00
377,37,4,2025-06-04 21:00:00
912,418,4,2025-06-05 00:00:00
755,255,4,2025-06-05 01:00:00
735,214,5,2025-06-05 02:00:00
70,422,1,2025-06-05 03:00:00
824,14,4,2025-06-05 04:00:00
211,192,4,2025-06-05 05:00:00
101,295,5,2025-06-05 06:00:00
698,182,4,2025-06-05 07:00:00
132,130,5,2025-06-05 08:00:00
623,224,5,2025-06-05 09:00:00
381,43,4,2025-06-05 10:00:00
132,181,2,2025-06-05 11:00:00
20,387,4,2025-06-05 12:00:00
906,169,5,2025-06-05 13:00:00
536,264,1,2025-06-05 14:00:00
227,474,4,2025-06-05 15:00:00
154,96,2,2025-06-05 16:00:00
805,203,1,2025-06-05 17:00:00
742,498,4,2025-06-05 18:00:00
822,321,4,2025-06-05 20:00:00
1000,335,5,2025-06-05 21:00:00
871,388,2,2025-06-05 22:00:00
405,68,2,2025-06-05 23:00:00
202,92,5,2025-06-06 00:00:00
38,266,4,2025-06-06 01:00:00
942,331,3,2025-06-06 02:00:00
772,178,5,2025-06-06 03:00:00
57,317,4,2025-06-06 05:00:00
941,47,5,2025-06-06 06:00:00
20,3,3,2025-06-06 07:00:00
273,487,3,2025-06-06 08:00:00
119,103,5,2025-06-06 09:00:00
583,273,4,2025-06-06 10:00:00
516,22,3,2025-06-06 11:00:00
221,116,4,2025-06-06 12:00:00
526,347,4,2025-06-06 13:00:00
515,400,3,2025-06-06 14:00:00
728,464,4,2025-06-06 15:00:00
336,259,3,2025-06-06 17:00:00
698,308,4,2025-06-06 18:00:00
55,367,2,2025-06-06 19:00:00
500,417,3,2025-06-06 20:00:00
900,298,5,2025-06-06 21:00:00
888,130,4,2025-06-06 22:00:00
766,295,4,2025-06-06 23:00:00
536,302,3,2025-06-07 00:00:00
162,48,3,2025-06-07 01:00:00
670,27,4,2025-06-07 02:00:00
594,15,2,2025-06-07 03:00:00
915,263,4,2025-06-07 04:00:00
159,365,4,2025-06-07 05:00:00
188,441,4,2025-06-07 06:00:00
60,298,2,2025-06-07 07:00:00
915,265,2,2025-06-07 08:00:00
817,361,5,2025-06-07 09:00:00
319,134,5,2025-06-07 10:00:00
878,441,4,2025-06-07 11:00:00
211,76,5,2025-06-07 12:00:00
406,30,4,2025-06-07 13:00:00
664,439,2,2025-06-07 14:00:00
109,340,3,2025-06-07 15:00:00
76,126,3,2025-06-07 16:00:00
542,84,4,2025-06-07 17:00:00
314,54,4,2025-06-07 18:00:00
998,366,5,2025-06-07 19:00:00
117,283,5,2025-06-07 20:00:00
927,340,5,2025-06-07 21:00:00
868,443,5,2025-06-07 22:00:00
704,263,5,2025-06-07 23:00:00
19,424,3,2025-06-08 00:00:00
432,360,3,2025-06-08 01:00:00
685,222,4,2025-06-08 02:00:00
350,2,3,2025-06-08 04:00:00
183,398,5,2025-06-08 05:00:00
113,394,5,2025-06-08 06:00:00
183,306,4,2025-06-08 07:00:00
481,146,4,2025-06-08 08:00:00
146,18,5,2025-06-08 09:00:00
831,16,1,2025-06-08 10:00:00
628,308,2,2025-06-08 11:00:00
113,453,5,2025-06-08 12:00:00
763,436,5,2025-06-08 13:00:00
476,159,4,2025-06-08 14:00:00
763,485,5,2025-06-08 15:00:00
303,340,3,2025-06-08 16:00:00
971,407,4,2025-06-08 17:00:00
825,352,4,2025-06-08 18:00:00
118,298,2,2025-06-08 19:00:00
813,209,3,2025-06-08 20:00:00
161,446,5,2025-06-08 21:00:00
401,205,2,2025-06-08 22:00:00
198,113,2,2025-06-08 23:00:00
260,178,4,2025-06-09 00:00:00
660,461,2,2025-06-09 01:00:00
752,209,5,2025-06-09 02:00:00
47,124,2,2025-06-09 03:00:00
987,15,4,2025-06-09 04:00:00
710,428,5,2025-06-09 06:00:00
559,476,4,2025-06-09 07:00:00
78,298,3,2025-06-09 08:00:00
124,45,5,2025-06-09 09:00:00
75,94,1,2025-06-09 10:00:00
871,107,4,2025-06-09 11:00:00
137,419,5,2025-06-09 12:00:00
602,278,4,2025-06-09 13:00:00
400,128,5,2025-06-09 14:00:00
837,458,1,2025-06-09 15:00:00
505,459,1,2025-06-09 16:00:00
500,38,1,2025-06-09 17:00:00
573,97,5,2025-06-09 18:00:00
138,198,5,2025-06-09 19:00:00
50,192,3,2025-06-09 20:00:00
771,357,3,2025-06-09 21:00:00
973,7,2,2025-06-09 22:00:00
619,44,3,2025-06-09 23:00:00
625,332,3,2025-06-10 00:00:00
862,7,5,2025-06-10 01:00:00
254,194,5,2025-06-10 02:00:00
630,316,5,2025-06-10 03:00:00
710,1,4,2025-06-10 04:00:00
849,62,5,2025-06-10 05:00:00
877,343,5,2025-06-10 06:00:00
563,89,4,2025-06-10 07:00:00
757,18,3,2025-06-10 08:00:00
915,108,3,2025-06-10 09:00:00
426,135,4,2025-06-10 10:00:00
547,371,5,2025-06-10 11:00:00
302,310,4,2025-06-10 12:00:00
922,67,5,2025-06-10 13:00:00
349,138,5,2025-06-10 15:00:00
832,189,5,2025-06-10 16:00:00
933,59,4,2025-06-10 17:00:00
980,187,5,2025-06-10 18:00:00
49,235,4,2025-06-10 19:00:00
917,69,3,2025-06-10 20:00:00
74,447,3,2025-06-10 21:00:00
704,98,4,2025-06-10 22:00:00
261,8,5,2025-06-10 23:00:00
356,462,1,2025-06-11 00:00:00
582,488,4,2025-06-11 01:00:00
602,311,5,2025-06-11 02:00:00
260,134,2,2025-06-11 03:00:00
638,385,2,2025-06-11 04:00:00
743,56,3,2025-06-11 05:00:00
295,481,3,2025-06-11 06:00:00
931,360,2,2025-06-11 07:00:00
641,459,2,2025-06-11 08:00:00
792,114,2,2025-06-11 09:00:00
313,88,4,2025-06-11 10:00:00
612,138,4,2025-06-11 11:00:00
838,108,5,2025-06-11 12:00:00
809,500,4,2025-06-11 13:00:00
686,144,5,2025-06-11 15:00:00
828,357,5,2025-06-11 16:00:00
364,144,3,2025-06-11 17:00:00
188,56,5,2025-06-11 18:00:00
569,108,5,2025-06-11 19:00:00
543,351,3,2025-06-11 20:00:00
596,6,2,2025-06-11 21:00:00
664,30,4,2025-06-11 22:00:00
985,447,2,2025-06-11 23:00:00
548,485,3,2025-06-12 00:00:00
725,385,4,2025-06-12 01:00:00
926,307,4,2025-06-12 02:00:00
408,362,5,2025-06-12 03:00:00
876,345,4,2025-06-12 04:00:00
414,302,3,2025-06-12 06:00:00
342,121,4,2025-06-12 07:00:00
903,99,5,2025-06-12 09:00:00
163,166,3,2025-06-12 10:00:00
951,325,4,2025-06-12 11:00:00
220,319,4,2025-06-12 12:00:00
270,241,5,2025-06-12 13:00:00
632,50,5,2025-06-12 14:00:00
906,268,3,2025-06-12 15:00:00
848,325,4,2025-06-12 16:00:00
400,73,5,2025-06-12 17:00:00
991,52,4,2025-06-12 19:00:00
618,265,2,2025-06-12 20:00:00
729,227,3,2025-06-12 21:00:00
205,193,4,2025-06-12 22:00:00
582,374,4,2025-06-12 23:00:00
556,239,2,2025-06-13 00:00:00
841,10,1,2025-06-13 01:00:00
813,302,4,2025-06-13 02:00:00
696,228,5,2025-06-13 04:00:00
619,442,4,2025-06-13 05:00:00
596,293,5,2025-06-13 06:00:00
850,52,3,2025-06-13 07:00:00
250,240,4,2025-06-13 08:00:00
875,99,1,2025-06-13 09:00:00
441,81,5,2025-06-13 10:00:00
533,13,5,2025-06-13 11:00:00
196,390,5,2025-06-13 12:00:00
690,442,4,2025-06-13 13:00:00
929,357,5,2025-06-13 14:00:00
987,128,5,2025-06-13 15:00:00
519,304,3,2025-06-13 16:00:00
70,416,5,2025-06-13 17:00:00
399,81,5,2025-06-13 19:00:00
978,261,2,2025-06-13 20:00:00
672,6,2,2025-06-13 21:00:00
760,458,5,2025-06-13 22:00:00
203,373,2,2025-06-13 23:00:00
148,481,2,2025-06-14 00:00:00
472,222,4,2025-06-14 01:00:00
655,405,5,2025-06-14 02:00:00
944,298,3,2025-06-14 03:00:00
199,81,5,2025-06-14 04:00:00
917,411,5,2025-06-14 05:00:00
426,3,4,2025-06-14 06:00:00
666,60,4,2025-06-14 07:00:00
492,221,1,2025-06-14 08:00:00
888,450,3,2025-06-14 09:00:00
896,349,3,2025-06-14 10:00:00
142,49,2,2025-06-14 11:00:00
165,290,3,2025-06-14 13:00:00
314,293,5,2025-06-14 14:00:00
21,298,4,2025-06-14 15:00:00
82,193,5,2025-06-14 16:00:00
581,444,2,2025-06-14 17:00:00
131,474,1,2025-06-14 18:00:00
599,257,4,2025-06-14 19:00:00
730,443,1,2025-06-14 20:00:00
933,388,5,2025-06-14 21:00:00
305,398,4,2025-06-14 23:00:00
915,366,3,2025-06-15 00:00:00
371,146,3,2025-06-15 01:00:00
857,290,4,2025-06-15 02:00:00
853,257,1,2025-06-15 03:00:00
384,309,2,2025-06-15 04:00:00
908,278,4,2025-06-15 05:00:00
445,464,2,2025-06-15 06:00:00
425,189,5,2025-06-15 07:00:00
161,406,3,2025-06-15 08:00:00
629,16,3,2025-06-15 10:00:00
708,412,3,2025-06-15 11:00:00
895,476,1,2025-06-15 12:00:00
490,375,2,2025-06-15 13:00:00
327,86,3,2025-06-15 14:00:00
598,248,3,2025-06-15 15:00:00
289,454,5,2025-06-15 16:00:00
593,217,5,2025-06-15 17:00:00
664,42,2,2025-06-15 18:00:00
573,194,2,2025-06-15 19:00:00
573,327,4,2025-06-15 20:00:00
354,373,5,2025-06-15 21:00:00
28,465,5,2025-06-15 22:00:00
954,163,1,2025-06-15 23:00:00
43,276,4,2025-06-16 00:00:00
681,364,5,2025-06-16 01:00:00
423,130,5,2025-06-16 02:00:00
598,263,1,2025-06-16 03:00:00
177,480,4,2025-06-16 04:00:00
529,177,3,2025-06-16 05:00:00
610,467,1,2025-06-16 06:00:00
966,460,4,2025-06-16 07:00:00
494,265,2,2025-06-16 08:00:00
198,27,5,2025-06-16 09:00:00
610,462,5,2025-06-16 10:00:00
577,386,5,2025-06-16 11:00:00
842,85,3,2025-06-16 12:00:00
853,196,1,2025-06-16 13:00:00
517,316,3,2025-06-16 14:00:00
514,243,4,2025-06-16 15:00:00
22,469,4,2025-06-16 16:00:00
57,342,4,2025-06-16 18:00:00
66,177,4,2025-06-16 19:00:00
842,130,2,2025-06-16 20:00:00
98,145,4,2025-06-16 21:00:00
144,83,4,2025-06-16 22:00:00
880,360,5,2025-06-16 23:00:00
435,88,4,2025-06-17 00:00:00
637,20,2,2025-06-17 01:00:00
679,230,4,2025-06-17 02:00:00
86,460,5,2025-06-17 03:00:00
588,473,2,2025-06-17 04:00:00
344,126,5,2025-06-17 05:00:00
936,471,3,2025-06-17 06:00:00
294,498,4,2025-06-17 07:00:00
956,354,5,2025-06-17 08:00:00
571,416,4,2025-06-17 09:00:00
650,51,4,2025-06-17 10:00:00
611,88,1,2025-06-17 11:00:00
704,170,2,2025-06-17 12:00:00
243,63,4,2025-06-17 13:00:00
831,89,4,2025-06-17 14:00:00
561,189,3,2025-06-17 15:00:00
960,190,5,2025-06-17 16:00:00
32,387,3,2025-06-17 17:00:00
391,89,4,2025-06-17 18:00:00
277,348,4,2025-06-17 19:00:00
532,332,4,2025-06-17 20:00:00
154,26,4,2025-06-17 21:00:00
383,176,3,2025-06-17 22:00:00
68,364,5,2025-06-17 23:00:00
878,264,4,2025-06-18 00:00:00
884,389,4,2025-06-18 01:00:00
214,395,4,2025-06-18 02:00:00
655,42,1,2025-06-18 03:00:00
744,475,4,2025-06-18 05:00:00
213,119,4,2025-06-18 06:00:00
79,169,5,2025-06-18 07:00:00
726,108,5,2025-06-18 08:00:00
628,486,3,2025-06-18 09:00:00
604,147,5,2025-06-18 10:00:00
782,176,3,2025-06-18 11:00:00
923,437,4,2025-06-18 12:00:00
381,439,2,2025-06-18 13:00:00
680,376,1,2025-06-18 14:00:00
58,189,2,2025-06-18 15:00:00
796,160,3,2025-06-18 16:00:00
26,302,1,2025-06-18 17:00:00
881,348,4,2025-06-18 18:00:00
447,420,3,2025-06-18 19:00:00
66,402,5,2025-06-18 20:00:00
921,74,1,2025-06-18 21:00:00
760,352,3,2025-06-18 22:00:00
254,18,4,2025-06-18 23:00:00
899,140,3,2025-06-19 00:00:00
968,115,2,2025-06-19 01:00:00
44,328,5,2025-06-19 02:00:00
97,225,3,2025-06-19 03:00:00
554,46,5,2025-06-19 04:00:00
227,439,3,2025-06-19 05:00:00
774,38,5,2025-06-19 06:00:00
679,206,3,2025-06-19 07:00:00
436,386,5,2025-06-19 08:00:00
791,9,3,2025-06-19 09:00:00
601,253,1,2025-06-19 10:00:00
379,108,4,2025-06-19 11:00:00
178,389,4,2025-06-19 12:00:00
427,98,2,2025-06-19 13:00:00
915,275,3,2025-06-19 14:00:00
709,71,5,2025-06-19 15:00:00
307,39,1,2025-06-19 16:00:00
779,298,4,2025-06-19 17:00:00
504,401,4,2025-06-19 18:00:00
268,447,4,2025-06-19 19:00:00
586,90,1,2025-06-19 20:00:00
508,107,3,2025-06-19 23:00:00
476,476,4,2025-06-20 00:00:00
297,404,5,2025-06-20 01:00:00
164,454,2,2025-06-20 02:00:00
485,392,2,2025-06-20 03:00:00
597,96,4,2025-06-20 04:00:00
72,403,3,2025-06-20 05:00:00
567,32,4,2025-06-20 06:00:00
905,126,5,2025-06-20 07:00:00
559,147,5,2025-06-20 08:00:00
911,280,3,2025-06-20 09:00:00
944,24,4,2025-06-20 10:00:00
238,440,5,2025-06-20 11:00:00
104,209,2,2025-06-20 12:00:00
554,274,3,2025-06-20 14:00:00
828,140,3,2025-06-20 15:00:00
468,297,5,2025-06-20 16:00:00
454,343,5,2025-06-20 17:00:00
268,432,3,2025-06-20 18:00:00
386,82,5,2025-06-20 19:00:00
775,448,4,2025-06-20 20:00:00
848,400,5,2025-06-20 21:00:00
387,208,3,2025-06-20 22:00:00
877,484,3,2025-06-20 23:00:00
259,407,3,2025-06-21 00:00:00
283,470,4,2025-06-21 01:00:00
626,423,3,2025-06-21 02:00:00
875,33,2,2025-06-21 03:00:00
40,24,5,2025-06-21 04:00:00
486,61,5,2025-06-21 05:00:00
929,311,4,2025-06-21 06:00:00
220,189,5,2025-06-21 07:00:00
129,84,5,2025-06-21 08:00:00
520,225,4,2025-06-21 09:00:00
613,479,4,2025-06-21 10:00:00
928,168,5,2025-06-21 11:00:00
892,186,4,2025-06-21 12:00:00
688,375,2,2025-06-21 13:00:00
619,72,3,2025-06-21 14:00:00
613,74,4,2025-06-21 15:00:00
260,385,5,2025-06-21 16:00:00
990,341,4,2025-06-21 17:00:00
966,153,5,2025-06-21 18:00:00
366,96,5,2025-06-21 19:00:00
758,53,3,2025-06-21 20:00:00
787,445,5,2025-06-21 21:00:00
544,174,2,2025-06-21 22:00:00
649,110,4,2025-06-21 23:00:00
524,458,5,2025-06-22 00:00:00
907,316,4,2025-06-22 01:00:00
814,51,5,2025-06-22 02:00:00
887,377,3,2025-06-22 03:00:00
16,253,5,2025-06-22 04:00:00
129,496,3,2025-06-22 05:00:00
575,73,4,2025-06-22 06:00:00
109,212,4,2025-06-22 07:00:00
887,432,4,2025-06-22 08:00:00
533,212,2,2025-06-22 09:00:00
670,251,3,2025-06-22 10:00:00
269,168,4,2025-06-22 11:00:00
162,263,4,2025-06-22 12:00:00
924,469,4,2025-06-22 14:00:00
102,230,5,2025-06-22 15:00:00
506,239,5,2025-06-22 16:00:00
735,275,3,2025-06-22 17:00:00
571,494,3,2025-06-22 18:00:00
247,143,4,2025-06-22 19:00:00
640,70,2,2025-06-22 20:00:00
837,312,3,2025-06-22 22:00:00
537,394,3,2025-06-22 23:00:00
131,174,4,2025-06-23 00:00:00
353,336,3,2025-06-23 01:00:00
196,109,2,2025-06-23 02:00:00
793,203,5,2025-06-23 03:00:00
916,185,5,2025-06-23 04:00:00
930,291,5,2025-06-23 05:00:00
666,328,3,2025-06-23 06:00:00
382,92,1,2025-06-23 07:00:00
645,259,2,2025-06-23 08:00:00
227,322,3,2025-06-23 09:00:00
701,437,3,2025-06-23 10:00:00
476,206,5,2025-06-23 11:00:00
477,52,5,2025-06-23 12:00:00
265,349,5,2025-06-23 13:00:00
372,181,5,2025-06-23 14:00:00
486,438,4,2025-06-23 15:00:00
434,303,5,2025-06-23 16:00:00
646,3,5,2025-06-23 17:00:00
211,449,4,2025-06-23 18:00:00
572,399,2,2025-06-23 19:00:00
940,84,2,2025-06-23 20:00:00
377,214,4,2025-06-23 21:00:00
395,34,3,2025-06-23 22:00:00
450,50,5,2025-06-23 23:00:00
943,289,4,2025-06-24 00:00:00
364,329,4,2025-06-24 01:00:00
876,259,1,2025-06-24 02:00:00
457,258,4,2025-06-24 03:00:00
725,388,4,2025-06-24 04:00:00
728,272,5,2025-06-24 05:00:00
226,182,3,2025-06-24 06:00:00
982,33,5,2025-06-24 07:00:00
131,265,4,2025-06-24 08:00:00
588,313,4,2025-06-24 09:00:00
476,40,5,2025-06-24 10:00:00
798,486,5,2025-06-24 11:00:00
986,308,2,2025-06-24 12:00:00
277,210,5,2025-06-24 13:00:00
156,272,2,2025-06-24 14:00:00
760,136,4,2025-06-24 15:00:00
218,87,2,2025-06-24 16:00:00
190,60,4,2025-06-24 17:00:00
417,164,4,2025-06-24 18:00:00
981,3,4,2025-06-24 19:00:00
675,15,4,2025-06-24 20:00:00
692,102,4,2025-06-24 21:00:00
546,255,3,2025-06-24 22:00:00
41,225,5,2025-06-24 23:00:00
307,210,4,2025-06-25 00:00:00
943,23,4,2025-06-25 01:00:00
338,235,5,2025-06-25 02:00:00
314,131,3,2025-06-25 03:00:00
75,158,4,2025-06-25 04:00:00
953,173,4,2025-06-25 05:00:00
279,17,2,2025-06-25 06:00:00
176,370,3,2025-06-25 07:00:00
896,442,5,2025-06-25 08:00:00
662,314,3,2025-06-25 09:00:00
273,480,4,2025-06-25 10:00:00
837,366,4,2025-06-25 11:00:00
620,185,4,2025-06-25 12:00:00
651,391,5,2025-06-25 13:00:00
862,423,5,2025-06-25 14:00:00
783,334,3,2025-06-25 15:00:00
859,442,5,2025-06-25 16:00:00
931,184,5,2025-06-25 17:00:00
289,143,3,2025-06-25 18:00:00
724,44,5,2025-06-25 19:00:00
893,12,5,2025-06-25 20:00:00
272,8,3,2025-06-25 21:00:00
930,80,4,2025-06-25 22:00:00
66,297,5,2025-06-25 23:00:00
483,162,4,2025-06-26 00:00:00
936,302,5,2025-06-26 01:00:00
248,216,4,2025-06-26 02:00:00
156,248,4,2025-06-26 03:00:00
47,29,3,2025-06-26 04:00:00
935,272,4,2025-06-26 05:00:00
454,133,4,2025-06-26 06:00:00
201,5,5,2025-06-26 07:00:00
660,244,4,2025-06-26 08:00:00
124,30,2,2025-06-26 09:00:00
1,117,3,2025-06-26 10:00:00
968,178,4,2025-06-26 11:00:00
759,498,5,2025-06-26 12:00:00
855,261,5,2025-06-26 13:00:00
640,235,4,2025-06-26 14:00:00
191,141,2,2025-06-26 15:00:00
579,483,3,2025-06-26 16:00:00
516,305,3,2025-06-26 17:00:00
442,345,5,2025-06-26 18:00:00
921,50,2,2025-06-26 19:00:00
815,270,4,2025-06-26 20:00:00
806,108,4,2025-06-26 21:00:00
143,46,5,2025-06-26 22:00:00
191,474,5,2025-06-26 23:00:00
533,82,5,2025-06-27 00:00:00
227,126,5,2025-06-27 01:00:00
313,84,5,2025-06-27 02:00:00
629,290,5,2025-06-27 03:00:00
949,71,5,2025-06-27 04:00:00
302,175,5,2025-06-27 05:00:00
654,316,4,2025-06-27 06:00:00
996,330,4,2025-06-27 07:00:00
460,463,4,2025-06-27 08:00:00
401,337,4,2025-06-27 09:00:00
551,395,5,2025-06-27 10:00:00
393,354,5,2025-06-27 11:00:00
867,91,4,2025-06-27 12:00:00
764,469,3,2025-06-27 13:00:00
845,351,5,2025-06-27 14:00:00
207,434,3,2025-06-27 15:00:00
210,249,3,2025-06-27 16:00:00
115,132,5,2025-06-27 17:00:00
737,169,2,2025-06-27 18:00:00
646,443,3,2025-06-27 19:00:00
251,60,3,2025-06-27 20:00:00
219,369,2,2025-06-27 21:00:00
407,337,4,2025-06-27 22:00:00
443,241,3,2025-06-27 23:00:00
603,190,4,2025-06-28 00:00:00
354,496,2,2025-06-28 01:00:00
888,340,5,2025-06-28 02:00:00
558,281,3,2025-06-28 03:00:00
550,232,3,2025-06-28 04:00:00
142,471,3,2025-06-28 05:00:00
612,463,4,2025-06-28 06:00:00
501,289,4,2025-06-28 07:00:00
840,275,4,2025-06-28 08:00:00
702,313,5,2025-06-28 09:00:00
547,15,5,2025-06-28 10:00:00
659,41,4,2025-06-28 11:00:00
542,453,1,2025-06-28 12:00:00
846,208,4,2025-06-28 13:00:00
507,60,2,2025-06-28 14:00:00
596,365,5,2025-06-28 15:00:00
881,240,3,2025-06-28 16:00:00
424,278,5,2025-06-28 18:00:00
856,427,4,2025-06-28 19:00:00
270,160,4,2025-06-28 20:00:00
154,397,4,2025-06-28 21:00:00
614,422,2,2025-06-28 22:00:00
727,282,5,2025-06-28 23:00:00
662,500,4,2025-06-29 00:00:00
944,209,2,2025-06-29 01:00:00
83,133,5,2025-06-29 02:00:00
622,381,3,2025-06-29 03:00:00
947,433,2,2025-06-29 04:00:00
426,219,4,2025-06-29 06:00:00
275,389,4,2025-06-29 07:00:00
713,485,4,2025-06-29 08:00:00
284,71,2,2025-06-29 09:00:00
980,432,4,2025-06-29 10:00:00
173,274,3,2025-06-29 11:00:00
327,351,5,2025-06-29 12:00:00
63,66,3,2025-06-29 14:00:00
73,127,5,2025-06-29 15:00:00
763,205,5,2025-06-29 16:00:00
636,298,5,2025-06-29 17:00:00
375,117,1,2025-06-29 18:00:00
633,436,4,2025-06-29 19:00:00
508,267,4,2025-06-29 20:00:00
787,282,5,2025-06-29 21:00:00
943,149,1,2025-06-29 22:00:00
398,194,2,2025-06-29 23:00:00
120,168,4,2025-06-30 00:00:00
934,312,2,2025-06-30 01:00:00
437,374,4,2025-06-30 02:00:00
829,179,5,2025-06-30 03:00:00
676,148,5,2025-06-30 04:00:00
936,465,4,2025-06-30 05:00:00
465,464,5,2025-06-30 06:00:00
286,57,2,2025-06-30 07:00:00
265,490,3,2025-06-30 08:00:00
320,5,4,2025-06-30 09:00:00
673,14,1,2025-06-30 10:00:00
376,280,2,2025-06-30 11:00:00
820,499,3,2025-06-30 12:00:00
89,324,5,2025-06-30 13:00:00
654,436,5,2025-06-30 14:00:00
203,304,4,2025-06-30 15:00:00
821,216,2,2025-06-30 16:00:00
739,175,2,2025-06-30 17:00:00
955,316,3,2025-06-30 18:00:00
334,457,3,2025-06-30 19:00:00
222,3,2,2025-06-30 20:00:00
68,466,3,2025-06-30 23:00:00
988,100,5,2025-07-01 00:00:00
776,83,5,2025-07-01 01:00:00
514,280,4,2025-07-01 02:00:00
873,132,2,2025-07-01 03:00:00
622,481,4,2025-07-01 05:00:00
632,499,4,2025-07-01 08:00:00
255,202,4,2025-07-01 10:00:00
695,140,4,2025-07-01 11:00:00
16,146,5,2025-07-01 12:00:00
477,462,4,2025-07-01 13:00:00
62,266,1,2025-07-01 14:00:00
881,202,1,2025-07-01 15:00:00
432,402,3,2025-07-01 16:00:00
670,152,4,2025-07-01 17:00:00
268,385,3,2025-07-01 18:00:00
35,222,4,2025-07-01 19:00:00
779,79,2,2025-07-01 20:00:00
576,200,5,2025-07-01 21:00:00
494,250,5,2025-07-01 22:00:00
562,99,2,2025-07-01 23:00:00
469,466,4,2025-07-02 00:00:00
767,489,5,2025-07-02 01:00:00
661,400,2,2025-07-02 02:00:00
325,213,5,2025-07-02 03:00:00
304,143,4,2025-07-02 04:00:00
276,190,4,2025-07-02 05:00:00
869,389,1,2025-07-02 06:00:00
963,301,5,2025-07-02 07:00:00
684,374,4,2025-07-02 08:00:00
929,52,5,2025-07-02 09:00:00
201,455,5,2025-07-02 10:00:00
445,112,4,2025-07-02 11:00:00
905,135,3,2025-07-02 12:00:00
324,411,2,2025-07-02 13:00:00
35,473,2,2025-07-02 14:00:00
977,470,5,2025-07-02 15:00:00
482,112,2,2025-07-02 16:00:00
728,13,3,2025-07-02 17:00:00
480,273,3,2025-07-02 18:00:00
65,233,5,2025-07-02 19:00:00
8,44,4,2025-07-02 20:00:00
301,397,5,2025-07-02 21:00:00
343,474,5,2025-07-02 22:00:00
431,73,5,2025-07-02 23:00:00
424,261,2,2025-07-03 00:00:00
332,231,3,2025-07-03 01:00:00
438,33,2,2025-07-03 02:00:00
588,388,4,2025-07-03 03:00:00
174,476,5,2025-07-03 04:00:00
559,410,2,2025-07-03 05:00:00
527,68,2,2025-07-03 06:00:00
873,16,4,2025-07-03 07:00:00
659,485,3,2025-07-03 08:00:00
26,150,4,2025-07-03 09:00:00
820,292,1,2025-07-03 10:00:00
605,102,4,2025-07-03 11:00:00
406,186,4,2025-07-03 12:00:00
232,439,4,2025-07-03 13:00:00
533,419,3,2025-07-03 14:00:00
819,25,3,2025-07-03 15:00:00
550,72,5,2025-07-03 16:00:00
788,81,5,2025-07-03 17:00:00
505,61,4,2025-07-03 18:00:00
669,18,4,2025-07-03 19:00:00
179,242,2,2025-07-03 20:00:00
132,58,5,2025-07-03 21:00:00
823,332,5,2025-07-03 22:00:00
455,377,4,2025-07-03 23:00:00
348,57,5,2025-07-04 00:00:00
540,97,2,2025-07-04 01:00:00
772,215,4,2025-07-04 02:00:00
406,319,5,2025-07-04 03:00:00
76,12,3,2025-07-04 04:00:00
941,11,1,2025-07-04 05:00:00
579,397,5,2025-07-04 06:00:00
854,163,1,2025-07-04 07:00:00
492,283,5,2025-07-04 08:00:00
194,217,1,2025-07-04 09:00:00
984,360,4,2025-07-04 10:00:00
162,323,3,2025-07-04 11:00:00
347,241,3,2025-07-04 12:00:00
951,345,5,2025-07-04 13:00:00
361,45,5,2025-07-04 14:00:00
769,458,3,2025-07-04 15:00:00
584,81,3,2025-07-04 16:00:00
87,255,5,2025-07-04 17:00:00
934,67,5,2025-07-04 18:00:00
214,406,4,2025-07-04 20:00:00
665,102,3,2025-07-04 21:00:00
722,462,5,2025-07-04 22:00:00
913,91,5,2025-07-04 23:00:00
573,42,4,2025-07-05 00:00:00
780,276,4,2025-07-05 01:00:00
262,304,4,2025-07-05 02:00:00
730,274,5,2025-07-05 03:00:00
283,384,5,2025-07-05 04:00:00
648,77,5,2025-07-05 05:00:00
467,234,4,2025-07-05 06:00:00
380,454,4,2025-07-05 07:00:00
362,202,5,2025-07-05 08:00:00
449,485,3,2025-07-05 09:00:00
441,221,4,2025-07-05 10:00:00
621,39,5,2025-07-05 12:00:00
753,11,1,2025-07-05 13:00:00
867,112,3,2025-07-05 14:00:00
424,409,3,2025-07-05 15:00:00
291,492,3,2025-07-05 17:00:00
432,94,4,2025-07-05 18:00:00
749,311,5,2025-07-05 19:00:00
852,84,4,2025-07-05 20:00:00
824,58,3,2025-07-05 21:00:00
689,293,5,2025-07-05 22:00:00
653,16,4,2025-07-05 23:00:00
998,477,3,2025-07-06 01:00:00
49,326,5,2025-07-06 02:00:00
302,93,5,2025-07-06 03:00:00
881,480,4,2025-07-06 04:00:00
190,457,2,2025-07-06 05:00:00
136,165,5,2025-07-06 06:00:00
555,437,3,2025-07-06 07:00:00
404,215,5,2025-07-06 08:00:00
892,144,4,2025-07-06 09:00:00
865,274,3,2025-07-06 10:00:00
602,403,3,2025-07-06 11:00:00
807,428,2,2025-07-06 12:00:00
341,386,3,2025-07-06 13:00:00
757,442,2,2025-07-06 14:00:00
945,138,4,2025-07-06 15:00:00
704,204,4,2025-07-06 16:00:00
318,302,4,2025-07-06 17:00:00
618,210,4,2025-07-06 18:00:00
363,19,5,2025-07-06 19:00:00
822,294,5,2025-07-06 20:00:00
382,293,3,2025-07-06 21:00:00
233,475,4,2025-07-06 22:00:00
777,368,1,2025-07-06 23:00:00
344,462,2,2025-07-07 00:00:00
549,301,4,2025-07-07 01:00:00
817,373,4,2025-07-07 02:00:00
553,162,5,2025-07-07 03:00:00
529,130,4,2025-07-07 04:00:00
856,44,2,2025-07-07 05:00:00
789,353,5,2025-07-07 06:00:00
819,83,2,2025-07-07 07:00:00
571,380,2,2025-07-07 08:00:00
935,124,3,2025-07-07 09:00:00
183,27,5,2025-07-07 10:00:00
41,304,4,2025-07-07 11:00:00
551,350,4,2025-07-07 12:00:00
397,7,5,2025-07-07 13:00:00
704,411,4,2025-07-07 14:00:00
779,341,5,2025-07-07 15:00:00
494,199,4,2025-07-07 16:00:00
659,112,5,2025-07-07 17:00:00
907,89,5,2025-07-07 18:00:00
333,128,4,2025-07-07 19:00:00
127,230,3,2025-07-07 20:00:00
558,18,5,2025-07-07 21:00:00
557,289,4,2025-07-07 22:00:00
1,161,4,2025-07-07 23:00:00
168,352,5,2025-07-08 00:00:00
19,281,2,2025-07-08 02:00:00
332,398,3,2025-07-08 03:00:00
584,422,4,2025-07-08 04:00:00
456,166,1,2025-07-08 05:00:00
957,260,4,2025-07-08 06:00:00
109,364,5,2025-07-08 07:00:00
268,190,2,2025-07-08 08:00:00
445,338,1,2025-07-08 09:00:00
240,266,5,2025-07-08 10:00:00
929,291,4,2025-07-08 11:00:00
301,355,2,2025-07-08 12:00:00
602,360,5,2025-07-08 13:00:00
103,279,4,2025-07-08 14:00:00
988,217,3,2025-07-08 15:00:00
250,321,3,2025-07-08 16:00:00
453,338,2,2025-07-08 17:00:00
520,207,5,2025-07-08 18:00:00
153,153,4,2025-07-08 19:00:00
859,480,4,2025-07-08 20:00:00
174,181,5,2025-07-08 21:00:00
343,212,1,2025-07-08 22:00:00
670,273,1,2025-07-08 23:00:00
431,441,2,2025-07-09 00:00:00
727,203,1,2025-07-09 01:00:00
689,205,4,2025-07-09 02:00:00
687,473,4,2025-07-09 03:00:00
852,404,3,2025-07-09 04:00:00
658,153,2,2025-07-09 06:00:00
962,170,5,2025-07-09 07:00:00
324,429,4,2025-07-09 08:00:00
990,241,4,2025-07-09 09:00:00
673,287,3,2025-07-09 10:00:00
639,245,4,2025-07-09 11:00:00
420,321,2,2025-07-09 12:00:00
594,436,5,2025-07-09 13:00:00
485,80,5,2025-07-09 14:00:00
751,92,4,2025-07-09 16:00:00
412,149,4,2025-07-09 17:00:00
936,30,3,2025-07-09 18:00:00
84,123,3,2025-07-09 19:00:00
113,387,4,2025-07-09 20:00:00
737,482,1,2025-07-09 21:00:00
332,326,1,2025-07-09 22:00:00
378,427,4,2025-07-09 23:00:00
755,29,5,2025-07-10 00:00:00
655,259,5,2025-07-10 01:00:00
41,186,1,2025-07-10 02:00:00
935,417,2,2025-07-10 03:00:00
770,75,4,2025-07-10 04:00:00
959,45,5,2025-07-10 05:00:00
797,69,5,2025-07-10 06:00:00
202,416,4,2025-07-10 08:00:00
450,367,3,2025-07-10 09:00:00
819,210,1,2025-07-10 10:00:00
843,239,1,2025-07-10 11:00:00
973,340,4,2025-07-10 12:00:00
266,308,1,2025-07-10 13:00:00
910,192,5,2025-07-10 14:00:00
210,372,5,2025-07-10 15:00:00
563,103,1,2025-07-10 16:00:00
118,241,5,2025-07-10 17:00:00
713,253,4,2025-07-10 18:00:00
377,424,5,2025-07-10 19:00:00
551,220,5,2025-07-10 20:00:00
540,397,2,2025-07-10 21:00:00
771,474,3,2025-07-10 22:00:00
84,336,2,2025-07-10 23:00:00
454,217,5,2025-07-11 00:00:00
667,202,4,2025-07-11 01:00:00
629,29,5,2025-07-11 02:00:00
514,494,3,2025-07-11 03:00:00
605,447,4,2025-07-11 04:00:00
678,486,5,2025-07-11 05:00:00
387,212,4,2025-07-11 06:00:00
912,154,1,2025-07-11 07:00:00
350,480,4,2025-07-11 08:00:00
296,231,2,2025-07-11 09:00:00
258,102,1,2025-07-11 10:00:00
81,315,3,2025-07-11 11:00:00
937,177,3,2025-07-11 12:00:00
268,181,5,2025-07-11 13:00:00
419,472,3,2025-07-11 14:00:00
235,415,5,2025-07-11 15:00:00
833,232,1,2025-07-11 16:00:00
311,12,1,2025-07-11 17:00:00
813,186,1,2025-07-11 18:00:00
975,249,3,2025-07-11 19:00:00
986,420,3,2025-07-11 20:00:00
357,266,4,2025-07-11 21:00:00
213,390,5,2025-07-11 22:00:00
574,135,3,2025-07-11 23:00:00
49,245,1,2025-07-12 00:00:00
127,31,2,2025-07-12 01:00:00
921,456,4,2025-07-12 03:00:00
279,259,5,2025-07-12 04:00:00
408,104,2,2025-07-12 05:00:00
505,431,2,2025-07-12 06:00:00
796,469,5,2025-07-12 08:00:00
277,1,3,2025-07-12 09:00:00
438,429,4,2025-07-12 10:00:00
107,438,4,2025-07-12 11:00:00
658,434,4,2025-07-12 12:00:00
420,207,2,2025-07-12 13:00:00
611,135,4,2025-07-12 14:00:00
429,447,1,2025-07-12 15:00:00
375,271,5,2025-07-12 16:00:00
73,89,1,2025-07-12 17:00:00
949,195,1,2025-07-12 18:00:00
634,122,5,2025-07-12 20:00:00
30,462,3,2025-07-12 21:00:00
188,116,4,2025-07-12 22:00:00
866,36,1,2025-07-13 00:00:00
800,67,4,2025-07-13 01:00:00
451,133,2,2025-07-13 02:00:00
195,281,4,2025-07-13 03:00:00
156,479,5,2025-07-13 04:00:00
172,11,5,2025-07-13 05:00:00
847,456,2,2025-07-13 06:00:00
41,218,4,2025-07-13 07:00:00
63,322,5,2025-07-13 08:00:00
23,156,5,2025-07-13 09:00:00
360,240,2,2025-07-13 10:00:00
75,60,4,2025-07-13 11:00:00
560,138,5,2025-07-13 12:00:00
672,50,4,2025-07-13 13:00:00
825,167,5,2025-07-13 14:00:00
612,319,2,2025-07-13 16:00:00
380,189,2,2025-07-13 17:00:00
929,487,1,2025-07-13 18:00:00
920,469,2,2025-07-13 19:00:00
679,92,5,2025-07-13 20:00:00
290,294,4,2025-07-13 21:00:00
440,376,5,2025-07-13 22:00:00
668,289,4,2025-07-13 23:00:00
933,75,3,2025-07-14 00:00:00
7,45,3,2025-07-14 01:00:00
196,428,5,2025-07-14 02:00:00
421,385,4,2025-07-14 03:00:00
568,53,4,2025-07-14 04:00:00
833,175,5,2025-07-14 05:00:00
193,161,3,2025-07-14 06:00:00
559,67,5,2025-07-14 07:00:00
148,474,5,2025-07-14 08:00:00
787,399,3,2025-07-14 09:00:00
669,361,2,2025-07-14 10:00:00
202,270,5,2025-07-14 11:00:00
444,407,4,2025-07-14 12:00:00
914,124,1,2025-07-14 13:00:00
419,376,4,2025-07-14 15:00:00
427,392,5,2025-07-14 16:00:00
479,182,5,2025-07-14 17:00:00
475,36,5,2025-07-14 18:00:00
126,212,5,2025-07-14 19:00:00
395,384,1,2025-07-14 20:00:00
817,436,5,2025-07-14 21:00:00
881,134,3,2025-07-14 22:00:00
806,353,2,2025-07-14 23:00:00
576,412,5,2025-07-15 00:00:00
325,178,4,2025-07-15 01:00:00
392,166,5,2025-07-15 02:00:00
930,414,1,2025-07-15 03:00:00
688,494,5,2025-07-15 04:00:00
628,491,2,2025-07-15 05:00:00
440,337,2,2025-07-15 06:00:00
486,476,3,2025-07-15 08:00:00
833,438,4,2025-07-15 09:00:00
31,327,5,2025-07-15 10:00:00
388,46,4,2025-07-15 11:00:00
625,156,3,2025-07-15 12:00:00
877,401,2,2025-07-15 13:00:00
434,488,4,2025-07-15 14:00:00
837,432,4,2025-07-15 15:00:00
926,428,4,2025-07-15 16:00:00
376,236,3,2025-07-15 17:00:00
344,316,5,2025-07-15 18:00:00
443,60,2,2025-07-15 19:00:00
579,5,4,2025-07-15 20:00:00
75,453,4,2025-07-15 21:00:00
557,462,3,2025-07-15 22:00:00
772,454,5,2025-07-15 23:00:00
666,391,4,2025-07-16 00:00:00
155,181,4,2025-07-16 01:00:00
430,145,4,2025-07-16 02:00:00
363,315,5,2025-07-16 03:00:00
448,265,4,2025-07-16 04:00:00
987,223,3,2025-07-16 05:00:00
234,406,3,2025-07-16 06:00:00
563,301,1,2025-07-16 07:00:00
818,457,2,2025-07-16 08:00:00
262,443,5,2025-07-16 09:00:00
827,336,4,2025-07-16 10:00:00
125,484,5,2025-07-16 11:00:00
911,482,2,2025-07-16 12:00:00
245,237,4,2025-07-16 13:00:00
542,13,5,2025-07-16 14:00:00
938,339,2,2025-07-16 15:00:00
485,268,4,2025-07-16 16:00:00
122,420,5,2025-07-16 17:00:00
125,266,5,2025-07-16 18:00:00
549,16,5,2025-07-16 19:00:00
170,92,5,2025-07-16 20:00:00
124,248,4,2025-07-16 21:00:00
869,19,3,2025-07-16 22:00:00
35,360,5,2025-07-16 23:00:00
87,390,5,2025-07-17 00:00:00
646,388,4,2025-07-17 01:00:00
708,414,3,2025-07-17 02:00:00
786,103,4,2025-07-17 03:00:00
201,95,4,2025-07-17 04:00:00
369,430,3,2025-07-17 05:00:00
797,283,5,2025-07-17 06:00:00
77,429,4,2025-07-17 07:00:00
59,213,4,2025-07-17 08:00:00
431,37,3,2025-07-17 09:00:00
638,393,2,2025-07-17 10:00:00
500,61,4,2025-07-17 11:00:00
913,291,4,2025-07-17 12:00:00
736,303,3,2025-07-17 14:00:00
278,244,3,2025-07-17 15:00:00
68,405,4,2025-07-17 16:00:00
69,401,5,2025-07-17 17:00:00
165,311,5,2025-07-17 18:00:00
489,344,5,2025-07-17 19:00:00
305,351,4,2025-07-17 20:00:00
909,6,4,2025-07-17 21:00:00
674,377,3,2025-07-17 22:00:00
365,419,5,2025-07-17 23:00:00
854,306,4,2025-07-18 00:00:00
821,165,5,2025-07-18 01:00:00
379,13,4,2025-07-18 02:00:00
343,25,2,2025-07-18 03:00:00
947,224,2,2025-07-18 04:00:00
899,123,5,2025-07-18 05:00:00
554,129,3,2025-07-18 06:00:00
354,305,3,2025-07-18 07:00:00
416,122,5,2025-07-18 08:00:00
109,35,4,2025-07-18 09:00:00
563,83,2,2025-07-18 10:00:00
762,309,2,2025-07-18 11:00:00
497,436,3,2025-07-18 12:00:00
341,182,4,2025-07-18 13:00:00
942,76,5,2025-07-18 14:00:00
383,104,3,2025-07-18 15:00:00
533,232,5,2025-07-18 16:00:00
300,303,2,2025-07-18 17:00:00
139,43,3,2025-07-18 18:00:00
359,404,5,2025-07-18 19:00:00
836,417,2,2025-07-18 20:00:00
499,93,5,2025-07-18 21:00:00
385,144,5,2025-07-18 22:00:00
604,254,1,2025-07-18 23:00:00
959,78,4,2025-07-19 00:00:00
280,263,4,2025-07-19 01:00:00
637,70,5,2025-07-19 02:00:00
483,149,4,2025-07-19 03:00:00
909,292,4,2025-07-19 04:00:00
111,214,2,2025-07-19 05:00:00
866,360,4,2025-07-19 06:00:00
139,310,3,2025-07-19 07:00:00
435,25,5,2025-07-19 09:00:00
509,323,3,2025-07-19 10:00:00
273,484,2,2025-07-19 11:00:00
99,109,4,2025-07-19 12:00:00
764,181,5,2025-07-19 13:00:00
850,251,1,2025-07-19 14:00:00
104,482,2,2025-07-19 15:00:00
214,203,2,2025-07-19 16:00:00
761,304,1,2025-07-19 17:00:00
664,170,4,2025-07-19 18:00:00
762,175,4,2025-07-19 19:00:00
787,347,4,2025-07-19 20:00:00
165,170,4,2025-07-19 21:00:00
999,2,5,2025-07-19 22:00:00
853,134,4,2025-07-19 23:00:00
520,127,5,2025-07-20 00:00:00
284,46,4,2025-07-20 01:00:00
517,194,5,2025-07-20 02:00:00
613,209,4,2025-07-20 04:00:00
164,296,5,2025-07-20 05:00:00
886,58,2,2025-07-20 06:00:00
659,496,4,2025-07-20 07:00:00
64,78,5,2025-07-20 08:00:00
91,202,5,2025-07-20 09:00:00
117,493,4,2025-07-20 10:00:00
267,490,3,2025-07-20 12:00:00
822,62,5,2025-07-20 13:00:00
685,268,3,2025-07-20 14:00:00
559,126,5,2025-07-20 15:00:00
140,480,1,2025-07-20 16:00:00
246,49,3,2025-07-20 17:00:00
661,88,3,2025-07-20 18:00:00
758,334,4,2025-07-20 19:00:00
395,261,3,2025-07-20 20:00:00
487,179,1,2025-07-20 21:00:00
476,69,2,2025-07-20 22:00:00
517,367,3,2025-07-20 23:00:00
977,416,2,2025-07-21 00:00:00
184,493,3,2025-07-21 01:00:00
20,433,5,2025-07-21 02:00:00
937,481,4,2025-07-21 03:00:00
558,60,4,2025-07-21 04:00:00
524,302,5,2025-07-21 05:00:00
582,452,4,2025-07-21 06:00:00
529,249,5,2025-07-21 07:00:00
883,478,3,2025-07-21 08:00:00
147,169,4,2025-07-21 09:00:00
666,465,3,2025-07-21 10:00:00
304,451,4,2025-07-21 11:00:00
620,269,4,2025-07-21 12:00:00
748,364,3,2025-07-21 13:00:00
820,112,5,2025-07-21 14:00:00
864,100,4,2025-07-21 15:00:00
582,402,1,2025-07-21 16:00:00
695,215,4,2025-07-21 17:00:00
762,483,5,2025-07-21 18:00:00
228,113,3,2025-07-21 19:00:00
102,97,1,2025-07-21 20:00:00
587,307,5,2025-07-21 21:00:00
417,118,5,2025-07-21 22:00:00
958,36,1,2025-07-21 23:00:00
216,337,5,2025-07-22 00:00:00
407,359,3,2025-07-22 01:00:00
399,290,5,2025-07-22 02:00:00
923,396,4,2025-07-22 03:00:00
715,389,5,2025-07-22 04:00:00
704,304,5,2025-07-22 05:00:00
761,360,1,2025-07-22 06:00:00
499,347,1,2025-07-22 07:00:00
754,124,4,2025-07-22 08:00:00
465,40,2,2025-07-22 09:00:00
691,141,4,2025-07-22 10:00:00
949,26,5,2025-07-22 11:00:00
974,142,3,2025-07-22 12:00:00
731,352,4,2025-07-22 13:00:00
82,395,3,2025-07-22 14:00:00
604,422,4,2025-07-22 15:00:00
947,336,2,2025-07-22 16:00:00
687,57,3,2025-07-22 17:00:00
751,150,5,2025-07-22 18:00:00
772,367,5,2025-07-22 19:00:00
903,400,5,2025-07-22 20:00:00
365,205,5,2025-07-22 21:00:00
163,76,4,2025-07-22 22:00:00
48,466,5,2025-07-22 23:00:00
511,285,3,2025-07-23 00:00:00
329,210,2,2025-07-23 01:00:00
840,494,3,2025-07-23 02:00:00
116,386,2,2025-07-23 03:00:00
941,438,3,2025-07-23 04:00:00
849,258,3,2025-07-23 05:00:00
337,259,4,2025-07-23 06:00:00
881,477,3,2025-07-23 07:00:00
737,184,5,2025-07-23 08:00:00
864,328,4,2025-07-23 09:00:00
840,11,5,2025-07-23 10:00:00
147,460,2,2025-07-23 11:00:00
806,260,4,2025-07-23 13:00:00
323,393,5,2025-07-23 14:00:00
443,88,3,2025-07-23 15:00:00
837,369,3,2025-07-23 16:00:00
13,184,2,2025-07-23 17:00:00
943,16,3,2025-07-23 18:00:00
494,465,4,2025-07-23 19:00:00
701,495,5,2025-07-23 20:00:00
287,244,3,2025-07-23 21:00:00
720,86,2,2025-07-23 22:00:00
114,199,3,2025-07-23 23:00:00
480,10,2,2025-07-24 00:00:00
22,477,5,2025-07-24 01:00:00
349,164,5,2025-07-24 02:00:00
726,24,3,2025-07-24 03:00:00
683,64,3,2025-07-24 04:00:00
835,312,5,2025-07-24 05:00:00
566,238,1,2025-07-24 06:00:00
906,462,4,2025-07-24 07:00:00
810,462,5,2025-07-24 08:00:00
320,345,4,2025-07-24 09:00:00
126,238,1,2025-07-24 10:00:00
976,180,5,2025-07-24 12:00:00
204,306,1,2025-07-24 13:00:00
194,47,3,2025-07-24 14:00:00
681,279,5,2025-07-24 15:00:00
664,224,5,2025-07-24 16:00:00
547,218,4,2025-07-24 17:00:00
696,499,3,2025-07-24 18:00:00
286,475,4,2025-07-24 19:00:00
57,237,3,2025-07-24 20:00:00
734,204,3,2025-07-24 21:00:00
303,339,5,2025-07-24 22:00:00
163,19,2,2025-07-24 23:00:00
19,180,1,2025-07-25 00:00:00
370,162,3,2025-07-25 01:00:00
264,480,4,2025-07-25 02:00:00
794,285,5,2025-07-25 03:00:00
113,61,5,2025-07-25 04:00:00
488,85,4,2025-07-25 05:00:00
327,35,4,2025-07-25 06:00:00
542,490,4,2025-07-25 07:00:00
647,5,3,2025-07-25 08:00:00
579,76,3,2025-07-25 09:00:00
65,253,4,2025-07-25 10:00:00
292,7,1,2025-07-25 11:00:00
25,169,3,2025-07-25 12:00:00
549,130,4,2025-07-25 13:00:00
1,473,4,2025-07-25 14:00:00
911,138,4,2025-07-25 15:00:00
549,358,5,2025-07-25 16:00:00
141,300,4,2025-07-25 17:00:00
744,326,5,2025-07-25 18:00:00
648,91,3,2025-07-25 19:00:00
901,163,4,2025-07-25 20:00:00
188,318,1,2025-07-25 21:00:00
128,458,3,2025-07-25 22:00:00
201,253,5,2025-07-25 23:00:00
127,201,3,2025-07-26 00:00:00
257,20,3,2025-07-26 01:00:00
676,229,4,2025-07-26 02:00:00
547,163,1,2025-07-26 03:00:00
194,165,4,2025-07-26 04:00:00
703,232,3,2025-07-26 05:00:00
104,328,3,2025-07-26 06:00:00
535,238,5,2025-07-26 07:00:00
265,120,4,2025-07-26 08:00:00
942,351,4,2025-07-26 10:00:00
974,383,5,2025-07-26 11:00:00
384,369,5,2025-07-26 12:00:00
260,107,2,2025-07-26 13:00:00
414,250,3,2025-07-26 14:00:00
991,336,3,2025-07-26 15:00:00
358,284,2,2025-07-26 16:00:00
355,416,2,2025-07-26 18:00:00
584,220,5,2025-07-26 19:00:00
771,395,4,2025-07-26 20:00:00
910,426,3,2025-07-26 21:00:00
188,151,4,2025-07-26 22:00:00
973,286,5,2025-07-26 23:00:00
685,265,3,2025-07-27 00:00:00
992,220,4,2025-07-27 01:00:00
290,216,1,2025-07-27 02:00:00
45,315,4,2025-07-27 03:00:00
573,156,3,2025-07-27 04:00:00
83,216,4,2025-07-27 05:00:00
123,335,4,2025-07-27 06:00:00
358,359,4,2025-07-27 07:00:00
528,114,4,2025-07-27 08:00:00
66,161,4,2025-07-27 09:00:00
936,303,1,2025-07-27 10:00:00
657,98,4,2025-07-27 11:00:00
375,406,5,2025-07-27 12:00:00
162,157,5,2025-07-27 13:00:00
746,162,5,2025-07-27 14:00:00
380,42,2,2025-07-27 15:00:00
656,180,3,2025-07-27 16:00:00
358,303,4,2025-07-27 17:00:00
188,330,3,2025-07-27 18:00:00
322,51,1,2025-07-27 19:00:00
450,252,4,2025-07-27 20:00:00
474,429,3,2025-07-27 21:00:00
13,350,3,2025-07-27 22:00:00
184,120,5,2025-07-27 23:00:00
111,75,3,2025-07-28 00:00:00
927,162,2,2025-07-28 01:00:00
508,149,2,2025-07-28 02:00:00
295,141,5,2025-07-28 04:00:00
451,182,2,2025-07-28 05:00:00
904,409,3,2025-07-28 06:00:00
215,378,5,2025-07-28 07:00:00
974,277,3,2025-07-28 08:00:00
632,257,5,2025-07-28 09:00:00
894,442,4,2025-07-28 10:00:00
567,325,2,2025-07-28 11:00:00
27,245,5,2025-07-28 12:00:00
630,86,3,2025-07-28 13:00:00
733,71,3,2025-07-28 14:00:00
231,269,3,2025-07-28 15:00:00
565,493,5,2025-07-28 16:00:00
807,180,2,2025-07-28 17:00:00
321,279,3,2025-07-28 18:00:00
913,149,1,2025-07-28 19:00:00
233,6,5,2025-07-28 20:00:00
670,148,3,2025-07-28 21:00:00
437,332,3,2025-07-28 22:00:00
533,9,5,2025-07-29 00:00:00
403,178,5,2025-07-29 01:00:00
53,284,3,2025-07-29 02:00:00
787,395,5,2025-07-29 03:00:00
313,116,4,2025-07-29 04:00:00
281,96,2,2025-07-29 05:00:00
726,331,5,2025-07-29 06:00:00
31,344,4,2025-07-29 07:00:00
337,56,4,2025-07-29 08:00:00
183,207,5,2025-07-29 09:00:00
23,105,4,2025-07-29 10:00:00
544,35,1,2025-07-29 11:00:00
446,209,5,2025-07-29 12:00:00
74,281,3,2025-07-29 13:00:00
10,369,4,2025-07-29 14:00:00
484,355,3,2025-07-29 15:00:00
456,147,3,2025-07-29 16:00:00
566,489,4,2025-07-29 17:00:00
564,287,4,2025-07-29 18:00:00
660,81,4,2025-07-29 19:00:00
160,50,5,2025-07-29 20:00:00
882,87,3,2025-07-29 21:00:00
14,191,4,2025-07-29 22:00:00
178,303,5,2025-07-29 23:00:00
412,1,5,2025-07-30 00:00:00
878,381,4,2025-07-30 01:00:00
53,442,3,2025-07-30 02:00:00
408,138,4,2025-07-30 03:00:00
847,136,4,2025-07-30 04:00:00
22,362,3,2025-07-30 05:00:00
30,381,4,2025-07-30 06:00:00
703,154,2,2025-07-30 07:00:00
260,162,5,2025-07-30 08:00:00
205,19,5,2025-07-30 09:00:00
59,462,3,2025-07-30 10:00:00
471,328,1,2025-07-30 11:00:00
776,243,5,2025-07-30 12:00:00
466,129,5,2025-07-30 13:00:00
12,176,5,2025-07-30 14:00:00
631,409,3,2025-07-30 15:00:00
927,280,2,2025-07-30 16:00:00
974,431,5,2025-07-30 17:00:00
290,84,3,2025-07-30 18:00:00
850,376,5,2025-07-30 19:00:00
760,222,1,2025-07-30 20:00:00
354,325,5,2025-07-30 21:00:00
639,451,2,2025-07-30 22:00:00
75,416,4,2025-07-30 23:00:00
873,145,4,2025-07-31 00:00:00
716,445,5,2025-07-31 01:00:00
561,106,1,2025-07-31 02:00:00
591,325,3,2025-07-31 03:00:00
441,11,1,2025-07-31 04:00:00
991,166,5,2025-07-31 05:00:00
241,196,4,2025-07-31 06:00:00
861,231,4,2025-07-31 07:00:00
786,359,4,2025-07-31 09:00:00
96,238,3,2025-07-31 10:00:00
726,497,3,2025-07-31 11:00:00
294,471,5,2025-07-31 12:00:00
209,401,1,2025-07-31 13:00:00
343,13,4,2025-07-31 14:00:00
88,219,5,2025-07-31 15:00:00
818,257,5,2025-07-31 16:00:00
776,2,5,2025-07-31 17:00:00
937,210,3,2025-07-31 18:00:00
390,484,4,2025-07-31 19:00:00
325,365,2,2025-07-31 20:00:00
940,225,2,2025-07-31 21:00:00
889,484,4,2025-07-31 22:00:00
832,194,5,2025-07-31 23:00:00
157,196,1,2025-08-01 00:00:00
668,400,2,2025-08-01 01:00:00
651,260,4,2025-08-01 02:00:00
633,57,3,2025-08-01 03:00:00
577,457,4,2025-08-01 04:00:00
619,113,3,2025-08-01 05:00:00
659,213,2,2025-08-01 06:00:00
137,279,4,2025-08-01 07:00:00
923,244,5,2025-08-01 08:00:00
674,380,4,2025-08-01 09:00:00
428,117,5,2025-08-01 10:00:00
452,386,3,2025-08-01 11:00:00
612,451,5,2025-08-01 12:00:00
850,87,3,2025-08-01 13:00:00
911,410,5,2025-08-01 14:00:00
819,381,4,2025-08-01 15:00:00
141,367,3,2025-08-01 16:00:00
83,263,3,2025-08-01 17:00:00
177,484,4,2025-08-01 18:00:00
198,300,1,2025-08-01 19:00:00
624,417,5,2025-08-01 20:00:00
568,113,3,2025-08-01 21:00:00
972,448,3,2025-08-01 22:00:00
691,164,3,2025-08-01 23:00:00
421,4,1,2025-08-02 00:00:00
401,118,4,2025-08-02 01:00:00
698,23,4,2025-08-02 02:00:00
471,409,5,2025-08-02 03:00:00
218,233,1,2025-08-02 04:00:00
925,90,5,2025-08-02 05:00:00
929,476,3,2025-08-02 06:00:00
828,255,5,2025-08-02 07:00:00
987,92,2,2025-08-02 08:00:00
729,469,5,2025-08-02 09:00:00
632,458,4,2025-08-02 10:00:00
951,155,3,2025-08-02 11:00:00
906,307,1,2025-08-02 12:00:00
175,115,4,2025-08-02 13:00:00
23,207,1,2025-08-02 14:00:00
725,81,4,2025-08-02 15:00:00
917,103,4,2025-08-02 16:00:00
235,483,5,2025-08-02 17:00:00
13,453,5,2025-08-02 18:00:00
101,80,3,2025-08-02 19:00:00
929,407,3,2025-08-02 20:00:00
536,103,3,2025-08-02 21:00:00
876,240,5,2025-08-02 22:00:00
523,265,5,2025-08-02 23:00:00
785,33,5,2025-08-03 00:00:00
452,35,5,2025-08-03 01:00:00
431,249,5,2025-08-03 02:00:00
793,488,5,2025-08-03 03:00:00
606,50,3,2025-08-03 04:00:00
713,280,5,2025-08-03 05:00:00
533,472,5,2025-08-03 06:00:00
852,242,2,2025-08-03 07:00:00
979,152,1,2025-08-03 08:00:00
723,147,3,2025-08-03 09:00:00
810,25,3,2025-08-03 12:00:00
913,244,5,2025-08-03 13:00:00
502,230,5,2025-08-03 15:00:00
304,153,5,2025-08-03 16:00:00
871,411,5,2025-08-03 17:00:00
540,288,2,2025-08-03 18:00:00
553,395,5,2025-08-03 19:00:00
355,453,3,2025-08-03 20:00:00
303,108,4,2025-08-03 21:00:00
496,33,4,2025-08-03 22:00:00
658,403,4,2025-08-03 23:00:00
974,111,4,2025-08-04 01:00:00
227,121,5,2025-08-04 02:00:00
236,16,3,2025-08-04 03:00:00
873,227,3,2025-08-04 04:00:00
892,11,4,2025-08-04 05:00:00
455,203,3,2025-08-04 06:00:00
13,202,5,2025-08-04 07:00:00
210,98,5,2025-08-04 08:00:00
741,116,4,2025-08-04 09:00:00
397,453,5,2025-08-04 10:00:00
100,471,4,2025-08-04 11:00:00
31,439,1,2025-08-04 12:00:00
898,281,4,2025-08-04 13:00:00
528,349,4,2025-08-04 14:00:00
649,232,5,2025-08-04 15:00:00
329,461,1,2025-08-04 16:00:00
166,111,4,2025-08-04 17:00:00
459,352,2,2025-08-04 18:00:00
822,418,2,2025-08-04 19:00:00
952,12,4,2025-08-04 20:00:00
982,472,3,2025-08-04 21:00:00
993,488,5,2025-08-04 22:00:00
100,21,4,2025-08-04 23:00:00
621,127,3,2025-08-05 00:00:00
855,285,4,2025-08-05 01:00:00
173,435,1,2025-08-05 02:00:00
749,121,5,2025-08-05 03:00:00
162,124,1,2025-08-05 04:00:00
905,407,1,2025-08-05 05:00:00
728,33,4,2025-08-05 06:00:00
776,392,5,2025-08-05 07:00:00
804,77,3,2025-08-05 09:00:00
274,453,2,2025-08-05 10:00:00
3,297,4,2025-08-05 11:00:00
28,330,5,2025-08-05 12:00:00
326,63,3,2025-08-05 13:00:00
940,270,4,2025-08-05 14:00:00
149,216,2,2025-08-05 15:00:00
540,190,2,2025-08-05 16:00:00
488,75,4,2025-08-05 17:00:00
822,174,2,2025-08-05 18:00:00
438,67,3,2025-08-05 19:00:00
65,93,3,2025-08-05 20:00:00
356,53,4,2025-08-05 21:00:00
533,496,1,2025-08-05 22:00:00
252,436,4,2025-08-05 23:00:00
235,94,5,2025-08-06 00:00:00
227,113,1,2025-08-06 01:00:00
525,229,4,2025-08-06 02:00:00
313,250,5,2025-08-06 03:00:00
49,391,3,2025-08-06 04:00:00
118,209,2,2025-08-06 05:00:00
54,468,1,2025-08-06 06:00:00
650,182,4,2025-08-06 07:00:00
565,267,4,2025-08-06 08:00:00
44,492,3,2025-08-06 09:00:00
815,281,5,2025-08-06 10:00:00
53,443,5,2025-08-06 11:00:00
586,472,3,2025-08-06 12:00:00
558,450,5,2025-08-06 13:00:00
525,155,3,2025-08-06 14:00:00
677,83,4,2025-08-06 15:00:00
102,186,2,2025-08-06 16:00:00
792,349,4,2025-08-06 17:00:00
770,485,3,2025-08-06 18:00:00
982,139,4,2025-08-06 19:00:00
849,55,2,2025-08-06 20:00:00
868,19,5,2025-08-06 21:00:00
398,348,1,2025-08-06 22:00:00
138,423,2,2025-08-06 23:00:00
675,469,2,2025-08-07 00:00:00
921,346,1,2025-08-07 01:00:00
387,470,5,2025-08-07 02:00:00
111,454,5,2025-08-07 03:00:00
614,267,5,2025-08-07 04:00:00
17,142,5,2025-08-07 05:00:00
780,316,1,2025-08-07 06:00:00
182,164,2,2025-08-07 07:00:00
884,252,4,2025-08-07 08:00:00
536,232,5,2025-08-07 09:00:00
541,297,4,2025-08-07 10:00:00
171,386,3,2025-08-07 11:00:00
409,441,2,2025-08-07 12:00:00
740,363,2,2025-08-07 13:00:00
378,60,3,2025-08-07 14:00:00
188,404,5,2025-08-07 15:00:00
858,22,1,2025-08-07 16:00:00
230,384,5,2025-08-07 17:00:00
833,126,5,2025-08-07 18:00:00
852,103,5,2025-08-07 19:00:00
119,388,5,2025-08-07 20:00:00
156,440,1,2025-08-07 21:00:00
784,221,5,2025-08-07 22:00:00
687,110,3,2025-08-07 23:00:00
465,58,5,2025-08-08 00:00:00
104,472,2,2025-08-08 01:00:00
604,65,4,2025-08-08 02:00:00
698,472,1,2025-08-08 03:00:00
795,158,5,2025-08-08 05:00:00
502,76,5,2025-08-08 06:00:00
693,19,4,2025-08-08 07:00:00
682,384,4,2025-08-08 08:00:00
699,485,5,2025-08-08 09:00:00
175,190,3,2025-08-08 10:00:00
734,250,5,2025-08-08 11:00:00
745,360,4,2025-08-08 12:00:00
674,363,4,2025-08-08 13:00:00
421,374,5,2025-08-08 14:00:00
134,452,4,2025-08-08 15:00:00
391,79,4,2025-08-08 16:00:00
992,84,5,2025-08-08 17:00:00
736,172,5,2025-08-08 18:00:00
501,212,5,2025-08-08 19:00:00
665,374,4,2025-08-08 20:00:00
33,445,3,2025-08-08 21:00:00
55,149,3,2025-08-08 22:00:00
954,10,1,2025-08-08 23:00:00
519,30,5,2025-08-09 00:00:00
756,280,3,2025-08-09 01:00:00
825,432,4,2025-08-09 02:00:00
528,127,1,2025-08-09 05:00:00
720,180,3,2025-08-09 06:00:00
555,232,5,2025-08-09 07:00:00
373,381,4,2025-08-09 08:00:00
484,422,5,2025-08-09 09:00:00
973,451,5,2025-08-09 10:00:00
228,8,3,2025-08-09 12:00:00
623,413,4,2025-08-09 13:00:00
307,247,4,2025-08-09 14:00:00
457,394,3,2025-08-09 15:00:00
160,453,5,2025-08-09 16:00:00
331,331,5,2025-08-09 17:00:00
776,196,3,2025-08-09 18:00:00
225,433,5,2025-08-09 19:00:00
983,442,4,2025-08-09 20:00:00
729,163,5,2025-08-09 21:00:00
504,434,2,2025-08-09 22:00:00
456,40,3,2025-08-09 23:00:00
45,254,3,2025-08-10 00:00:00
214,396,3,2025-08-10 01:00:00
59,85,2,2025-08-10 02:00:00
644,272,5,2025-08-10 03:00:00
616,78,4,2025-08-10 04:00:00
925,304,4,2025-08-10 06:00:00
489,255,2,2025-08-10 07:00:00
157,91,4,2025-08-10 08:00:00
610,484,5,2025-08-10 09:00:00
226,385,4,2025-08-10 10:00:00
412,193,1,2025-08-10 11:00:00
205,253,5,2025-08-10 12:00:00
79,278,3,2025-08-10 13:00:00
124,143,4,2025-08-10 14:00:00
471,244,4,2025-08-10 15:00:00
940,212,3,2025-08-10 16:00:00
218,195,3,2025-08-10 17:00:00
516,270,5,2025-08-10 18:00:00
602,329,5,2025-08-10 19:00:00
104,19,4,2025-08-10 20:00:00
393,40,3,2025-08-10 21:00:00
631,98,2,2025-08-10 22:00:00
645,4,2,2025-08-10 23:00:00
824,33,4,2025-08-11 00:00:00
608,299,3,2025-08-11 01:00:00
980,165,1,2025-08-11 02:00:00
434,450,4,2025-08-11 03:00:00
331,27,5,2025-08-11 04:00:00
143,173,5,2025-08-11 05:00:00
800,337,4,2025-08-11 06:00:00
540,113,5,2025-08-11 07:00:00
278,434,3,2025-08-11 08:00:00
233,373,4,2025-08-11 09:00:00
529,380,5,2025-08-11 10:00:00
571,95,5,2025-08-11 11:00:00
90,319,4,2025-08-11 12:00:00
492,233,4,2025-08-11 13:00:00
199,134,5,2025-08-11 14:00:00
362,124,4,2025-08-11 15:00:00
441,372,4,2025-08-11 16:00:00
26,351,5,2025-08-11 17:00:00
25,323,2,2025-08-11 18:00:00
394,488,4,2025-08-11 19:00:00
507,451,5,2025-08-11 20:00:00
301,353,3,2025-08-11 21:00:00
339,116,3,2025-08-11 22:00:00
267,443,4,2025-08-11 23:00:00
461,13,3,2025-08-12 00:00:00
693,405,4,2025-08-12 01:00:00
360,165,4,2025-08-12 03:00:00
68,208,4,2025-08-12 04:00:00
863,85,4,2025-08-12 05:00:00
412,248,3,2025-08-12 06:00:00
971,432,3,2025-08-12 07:00:00
491,56,3,2025-08-12 08:00:00
833,172,4,2025-08-12 09:00:00
49,141,3,2025-08-12 10:00:00
687,132,5,2025-08-12 11:00:00
564,479,5,2025-08-12 12:00:00
102,201,3,2025-08-12 13:00:00
438,289,1,2025-08-12 15:00:00
700,421,4,2025-08-12 16:00:00
569,309,3,2025-08-12 17:00:00
559,357,1,2025-08-12 18:00:00
159,408,3,2025-08-12 19:00:00
489,345,5,2025-08-12 20:00:00
686,179,4,2025-08-12 21:00:00
794,29,2,2025-08-12 23:00:00
753,443,1,2025-08-13 00:00:00
882,424,1,2025-08-13 01:00:00
5,307,5,2025-08-13 02:00:00
596,306,3,2025-08-13 03:00:00
820,367,4,2025-08-13 04:00:00
361,36,3,2025-08-13 05:00:00
459,463,5,2025-08-13 06:00:00
248,109,3,2025-08-13 07:00:00
566,316,4,2025-08-13 08:00:00
673,146,5,2025-08-13 09:00:00
946,276,4,2025-08-13 10:00:00
923,146,4,2025-08-13 12:00:00
738,380,5,2025-08-13 13:00:00
15,168,3,2025-08-13 14:00:00
736,257,2,2025-08-13 15:00:00
573,275,5,2025-08-13 16:00:00
122,87,4,2025-08-13 17:00:00
277,154,5,2025-08-13 18:00:00
558,497,4,2025-08-13 19:00:00
453,285,4,2025-08-13 20:00:00
390,315,1,2025-08-13 21:00:00
294,319,5,2025-08-13 22:00:00
574,98,4,2025-08-13 23:00:00
446,446,3,2025-08-14 01:00:00
210,48,5,2025-08-14 02:00:00
590,318,3,2025-08-14 03:00:00
714,274,2,2025-08-14 04:00:00
302,194,5,2025-08-14 05:00:00
909,252,5,2025-08-14 06:00:00
223,283,4,2025-08-14 07:00:00
734,262,5,2025-08-14 08:00:00
3,487,2,2025-08-14 09:00:00
990,454,2,2025-08-14 10:00:00
518,443,4,2025-08-14 11:00:00
93,262,2,2025-08-14 12:00:00
520,31,5,2025-08-14 13:00:00
428,105,5,2025-08-14 14:00:00
493,488,3,2025-08-14 15:00:00
235,350,5,2025-08-14 16:00:00
620,312,1,2025-08-14 17:00:00
161,438,4,2025-08-14 18:00:00
721,469,5,2025-08-14 19:00:00
752,169,5,2025-08-14 20:00:00
333,274,2,2025-08-14 22:00:00
50,343,3,2025-08-14 23:00:00
523,230,4,2025-08-15 00:00:00
863,23,4,2025-08-15 01:00:00
668,476,1,2025-08-15 02:00:00
492,164,4,2025-08-15 03:00:00
582,281,5,2025-08-15 04:00:00
272,210,2,2025-08-15 06:00:00
580,253,5,2025-08-15 07:00:00
867,404,3,2025-08-15 08:00:00
252,133,5,2025-08-15 09:00:00
560,274,2,2025-08-15 10:00:00
696,106,4,2025-08-15 11:00:00
832,232,4,2025-08-15 12:00:00
699,33,4,2025-08-15 13:00:00
90,79,4,2025-08-15 14:00:00
446,35,3,2025-08-15 15:00:00
332,495,4,2025-08-15 16:00:00
139,110,4,2025-08-15 17:00:00
357,321,3,2025-08-15 18:00:00
601,63,5,2025-08-15 19:00:00
274,469,5,2025-08-15 20:00:00
19,328,5,2025-08-15 21:00:00
983,455,4,2025-08-15 22:00:00
311,297,2,2025-08-15 23:00:00
870,178,4,2025-08-16 00:00:00
886,384,5,2025-08-16 01:00:00
978,364,1,2025-08-16 02:00:00
390,104,3,2025-08-16 04:00:00
260,414,3,2025-08-16 05:00:00
620,294,3,2025-08-16 06:00:00
883,35,5,2025-08-16 07:00:00
797,194,5,2025-08-16 08:00:00
571,174,3,2025-08-16 09:00:00
125,392,4,2025-08-16 10:00:00
354,102,3,2025-08-16 11:00:00
273,324,4,2025-08-16 12:00:00
619,293,5,2025-08-16 13:00:00
811,85,4,2025-08-16 14:00:00
245,397,5,2025-08-16 15:00:00
848,201,4,2025-08-16 16:00:00
450,173,4,2025-08-16 17:00:00
930,29,4,2025-08-16 18:00:00
247,297,5,2025-08-16 19:00:00
520,56,4,2025-08-16 20:00:00
141,472,5,2025-08-16 21:00:00
362,16,5,2025-08-16 22:00:00
8,140,5,2025-08-16 23:00:00
478,66,5,2025-08-17 00:00:00
352,446,3,2025-08-17 01:00:00
996,147,4,2025-08-17 02:00:00
495,158,4,2025-08-17 03:00:00
606,400,4,2025-08-17 04:00:00
833,472,5,2025-08-17 05:00:00
427,397,1,2025-08-17 06:00:00
39,69,3,2025-08-17 07:00:00
593,23,5,2025-08-17 08:00:00
187,190,1,2025-08-17 09:00:00
596,248,3,2025-08-17 10:00:00
600,486,3,2025-08-17 11:00:00
754,415,5,2025-08-17 12:00:00
93,376,5,2025-08-17 14:00:00
86,145,3,2025-08-17 15:00:00
44,384,5,2025-08-17 16:00:00
137,305,3,2025-08-17 17:00:00
421,177,3,2025-08-17 18:00:00
74,195,4,2025-08-17 19:00:00
548,410,1,2025-08-17 20:00:00
613,13,3,2025-08-17 21:00:00
988,364,3,2025-08-17 22:00:00
512,166,2,2025-08-17 23:00:00
156,150,5,2025-08-18 00:00:00
938,341,3,2025-08-18 01:00:00
255,413,5,2025-08-18 02:00:00
171,45,5,2025-08-18 03:00:00
981,174,2,2025-08-18 04:00:00
728,167,4,2025-08-18 05:00:00
170,197,4,2025-08-18 06:00:00
764,206,5,2025-08-18 07:00:00
872,82,5,2025-08-18 08:00:00
322,68,4,2025-08-18 09:00:00
567,97,1,2025-08-18 10:00:00
456,167,4,2025-08-18 11:00:00
944,404,5,2025-08-18 12:00:00
603,77,5,2025-08-18 13:00:00
790,484,5,2025-08-18 14:00:00
613,237,4,2025-08-18 15:00:00
155,196,1,2025-08-18 16:00:00
889,291,5,2025-08-18 17:00:00
349,136,5,2025-08-18 18:00:00
451,308,2,2025-08-18 19:00:00
876,296,2,2025-08-18 20:00:00
653,377,4,2025-08-18 21:00:00
173,369,5,2025-08-18 22:00:00
740,36,2,2025-08-19 00:00:00
265,390,4,2025-08-19 01:00:00
438,248,3,2025-08-19 02:00:00
760,254,3,2025-08-19 03:00:00
667,252,5,2025-08-19 05:00:00
546,70,4,2025-08-19 06:00:00
499,234,4,2025-08-19 07:00:00
129,484,4,2025-08-19 08:00:00
672,329,4,2025-08-19 09:00:00
601,16,3,2025-08-19 10:00:00
605,487,3,2025-08-19 11:00:00
327,174,3,2025-08-19 12:00:00
753,187,5,2025-08-19 13:00:00
835,294,5,2025-08-19 14:00:00
980,225,4,2025-08-19 15:00:00
404,274,5,2025-08-19 16:00:00
629,12,5,2025-08-19 17:00:00
606,310,5,2025-08-19 18:00:00
675,219,3,2025-08-19 19:00:00
611,431,5,2025-08-19 20:00:00
625,1,4,2025-08-19 21:00:00
359,399,5,2025-08-19 22:00:00
603,111,3,2025-08-19 23:00:00
858,475,4,2025-08-20 00:00:00
718,464,4,2025-08-20 01:00:00
17,277,5,2025-08-20 02:00:00
274,129,5,2025-08-20 03:00:00
685,93,3,2025-08-20 04:00:00
116,451,2,2025-08-20 05:00:00
980,380,4,2025-08-20 07:00:00
693,412,4,2025-08-20 08:00:00
91,39,5,2025-08-20 09:00:00
82,421,5,2025-08-20 10:00:00
324,479,3,2025-08-20 11:00:00
961,316,4,2025-08-20 12:00:00
114,159,5,2025-08-20 13:00:00
769,186,5,2025-08-20 14:00:00
58,481,3,2025-08-20 15:00:00
154,353,2,2025-08-20 16:00:00
877,256,3,2025-08-20 17:00:00
404,239,5,2025-08-20 18:00:00
628,104,4,2025-08-20 19:00:00
855,395,4,2025-08-20 20:00:00
266,366,1,2025-08-20 21:00:00
315,29,1,2025-08-20 22:00:00
715,89,4,2025-08-20 23:00:00
41,375,4,2025-08-21 00:00:00
105,397,4,2025-08-21 01:00:00
901,51,2,2025-08-21 02:00:00
890,364,3,2025-08-21 03:00:00
193,438,5,2025-08-21 04:00:00
401,147,2,2025-08-21 05:00:00
278,314,5,2025-08-21 06:00:00
354,36,2,2025-08-21 07:00:00
749,284,2,2025-08-21 08:00:00
937,452,4,2025-08-21 09:00:00
733,387,5,2025-08-21 10:00:00
580,486,3,2025-08-21 11:00:00
709,101,4,2025-08-21 12:00:00
256,107,4,2025-08-21 13:00:00
651,345,2,2025-08-21 14:00:00
824,425,3,2025-08-21 15:00:00
947,291,5,2025-08-21 16:00:00
661,349,2,2025-08-21 17:00:00
99,105,4,2025-08-21 18:00:00
588,221,5,2025-08-21 19:00:00
282,76,2,2025-08-21 20:00:00
883,227,3,2025-08-21 21:00:00
403,84,3,2025-08-21 22:00:00
109,465,3,2025-08-21 23:00:00
700,76,2,2025-08-22 00:00:00
303,255,5,2025-08-22 02:00:00
327,50,4,2025-08-22 03:00:00
154,356,5,2025-08-22 04:00:00
645,210,3,2025-08-22 06:00:00
405,158,3,2025-08-22 07:00:00
462,328,3,2025-08-22 08:00:00
132,233,2,2025-08-22 09:00:00
791,371,4,2025-08-22 10:00:00
874,77,5,2025-08-22 11:00:00
84,223,5,2025-08-22 12:00:00
399,121,2,2025-08-22 13:00:00
754,454,5,2025-08-22 14:00:00
628,310,5,2025-08-22 15:00:00
109,327,3,2025-08-22 16:00:00
221,341,2,2025-08-22 17:00:00
904,358,5,2025-08-22 18:00:00
553,107,4,2025-08-22 19:00:00
368,241,5,2025-08-22 20:00:00
147,435,4,2025-08-22 21:00:00
112,28,3,2025-08-22 22:00:00
615,192,3,2025-08-22 23:00:00
558,249,5,2025-08-23 00:00:00
924,364,3,2025-08-23 01:00:00
494,213,1,2025-08-23 02:00:00
505,21,4,2025-08-23 03:00:00
475,472,3,2025-08-23 04:00:00
836,155,3,2025-08-23 05:00:00
890,27,4,2025-08-23 06:00:00
271,77,3,2025-08-23 07:00:00
995,306,4,2025-08-23 08:00:00
421,413,1,2025-08-23 09:00:00
897,423,4,2025-08-23 10:00:00
707,57,2,2025-08-23 11:00:00
367,119,3,2025-08-23 12:00:00
280,476,5,2025-08-23 13:00:00
283,165,3,2025-08-23 14:00:00
40,477,2,2025-08-23 15:00:00
959,64,4,2025-08-23 16:00:00
189,48,3,2025-08-23 17:00:00
164,150,3,2025-08-23 18:00:00
994,484,4,2025-08-23 19:00:00
989,158,5,2025-08-23 20:00:00
536,156,5,2025-08-23 21:00:00
536,151,4,2025-08-23 22:00:00
4,225,4,2025-08-23 23:00:00
835,260,5,2025-08-24 00:00:00
953,256,2,2025-08-24 02:00:00
433,61,4,2025-08-24 03:00:00
471,352,4,2025-08-24 04:00:00
181,260,5,2025-08-24 05:00:00
248,321,3,2025-08-24 06:00:00
628,396,3,2025-08-24 07:00:00
279,397,5,2025-08-24 08:00:00
877,162,4,2025-08-24 09:00:00
581,380,4,2025-08-24 10:00:00
863,443,2,2025-08-24 11:00:00
254,349,2,2025-08-24 12:00:00
181,457,1,2025-08-24 13:00:00
830,31,4,2025-08-24 14:00:00
681,71,5,2025-08-24 15:00:00
825,397,5,2025-08-24 16:00:00
509,438,4,2025-08-24 17:00:00
761,2,5,2025-08-24 18:00:00
700,417,4,2025-08-24 19:00:00
566,50,3,2025-08-24 20:00:00
326,135,2,2025-08-24 21:00:00
357,146,4,2025-08-24 22:00:00
825,179,2,2025-08-24 23:00:00
650,264,4,2025-08-25 00:00:00
680,311,5,2025-08-25 01:00:00
391,204,2,2025-08-25 02:00:00
615,299,2,2025-08-25 03:00:00
85,30,4,2025-08-25 05:00:00
317,59,3,2025-08-25 06:00:00
212,9,4,2025-08-25 07:00:00
515,476,3,2025-08-25 08:00:00
384,324,4,2025-08-25 09:00:00
691,167,3,2025-08-25 10:00:00
342,337,5,2025-08-25 11:00:00
815,395,4,2025-08-25 12:00:00
964,379,5,2025-08-25 13:00:00
988,386,5,2025-08-25 14:00:00
844,279,4,2025-08-25 15:00:00
38,191,3,2025-08-25 16:00:00
511,242,4,2025-08-25 17:00:00
420,278,4,2025-08-25 18:00:00
751,445,4,2025-08-25 19:00:00
169,154,2,2025-08-25 20:00:00
965,396,1,2025-08-25 21:00:00
909,160,3,2025-08-25 22:00:00
343,265,2,2025-08-25 23:00:00
826,235,5,2025-08-26 00:00:00
306,453,2,2025-08-26 01:00:00
542,346,3,2025-08-26 02:00:00
702,199,5,2025-08-26 03:00:00
869,477,5,2025-08-26 04:00:00
537,33,4,2025-08-26 05:00:00
112,408,2,2025-08-26 06:00:00
411,89,3,2025-08-26 07:00:00
947,95,4,2025-08-26 08:00:00
206,221,3,2025-08-26 09:00:00
185,69,3,2025-08-26 10:00:00
382,294,2,2025-08-26 11:00:00
496,237,5,2025-08-26 12:00:00
379,395,1,2025-08-26 13:00:00
47,160,4,2025-08-26 14:00:00
886,320,5,2025-08-26 15:00:00
740,328,4,2025-08-26 16:00:00
551,276,3,2025-08-26 17:00:00
528,290,2,2025-08-26 18:00:00
504,367,5,2025-08-26 19:00:00
22,42,1,2025-08-26 20:00:00
213,392,4,2025-08-26 21:00:00
310,66,5,2025-08-26 22:00:00
661,21,1,2025-08-26 23:00:00
968,335,5,2025-08-27 00:00:00
753,70,5,2025-08-27 01:00:00
272,261,4,2025-08-27 02:00:00
571,246,4,2025-08-27 03:00:00
799,323,5,2025-08-27 04:00:00
938,235,4,2025-08-27 05:00:00
202,427,5,2025-08-27 06:00:00
32,272,4,2025-08-27 07:00:00
443,99,1,2025-08-27 08:00:00
162,329,3,2025-08-27 09:00:00
767,35,1,2025-08-27 10:00:00
254,339,2,2025-08-27 11:00:00
521,171,1,2025-08-27 12:00:00
977,110,4,2025-08-27 13:00:00
651,482,2,2025-08-27 14:00:00
480,295,5,2025-08-27 15:00:00
10,10,5,2025-08-27 16:00:00
726,202,4,2025-08-27 17:00:00
505,404,4,2025-08-27 18:00:00
785,257,3,2025-08-27 19:00:00
836,262,4,2025-08-27 20:00:00
560,181,4,2025-08-27 21:00:00
436,430,5,2025-08-27 22:00:00
111,66,2,2025-08-27 23:00:00
153,294,5,2025-08-28 00:00:00
635,161,5,2025-08-28 01:00:00
917,67,4,2025-08-28 02:00:00
869,100,3,2025-08-28 03:00:00
102,77,4,2025-08-28 04:00:00
753,35,4,2025-08-28 05:00:00
833,463,4,2025-08-28 06:00:00
729,150,2,2025-08-28 08:00:00
563,491,2,2025-08-28 09:00:00
804,68,2,2025-08-28 10:00:00
81,254,3,2025-08-28 11:00:00
489,17,3,2025-08-28 12:00:00
895,261,3,2025-08-28 13:00:00
88,213,3,2025-08-28 14:00:00
194,313,5,2025-08-28 15:00:00
104,256,5,2025-08-28 16:00:00
783,216,3,2025-08-28 17:00:00
96,351,3,2025-08-28 18:00:00
423,424,5,2025-08-28 19:00:00
891,286,4,2025-08-28 20:00:00
1,7,5,2025-08-28 22:00:00
407,497,3,2025-08-28 23:00:00
378,380,4,2025-08-29 00:00:00
167,199,5,2025-08-29 01:00:00
509,91,3,2025-08-29 02:00:00
638,472,5,2025-08-29 03:00:00
313,147,3,2025-08-29 04:00:00
593,425,4,2025-08-29 05:00:00
418,418,4,2025-08-29 06:00:00
763,150,5,2025-08-29 07:00:00
477,243,4,2025-08-29 09:00:00
73,219,5,2025-08-29 10:00:00
141,6,4,2025-08-29 11:00:00
582,458,2,2025-08-29 12:00:00
262,109,3,2025-08-29 13:00:00
340,351,4,2025-08-29 14:00:00
308,409,5,2025-08-29 15:00:00
245,66,4,2025-08-29 16:00:00
515,10,4,2025-08-29 17:00:00
337,202,3,2025-08-29 18:00:00
575,282,4,2025-08-29 19:00:00
561,389,3,2025-08-29 20:00:00
76,214,4,2025-08-29 21:00:00
880,68,5,2025-08-29 22:00:00
175,247,5,2025-08-29 23:00:00
183,327,4,2025-08-30 01:00:00
65,17,3,2025-08-30 03:00:00
849,11,2,2025-08-30 04:00:00
963,309,3,2025-08-30 05:00:00
474,306,4,2025-08-30 06:00:00
783,392,4,2025-08-30 07:00:00
100,476,5,2025-08-30 08:00:00
544,124,3,2025-08-30 09:00:00
864,492,3,2025-08-30 10:00:00
452,244,3,2025-08-30 12:00:00
914,318,5,2025-08-30 13:00:00
369,473,3,2025-08-30 14:00:00
851,469,5,2025-08-30 15:00:00
43,332,3,2025-08-30 16:00:00
884,379,3,2025-08-30 17:00:00
419,346,2,2025-08-30 18:00:00
488,29,5,2025-08-30 19:00:00
78,358,1,2025-08-30 20:00:00
826,483,5,2025-08-30 21:00:00
801,357,4,2025-08-30 22:00:00
270,366,3,2025-08-30 23:00:00
674,428,4,2025-08-31 00:00:00
701,365,2,2025-08-31 01:00:00
759,429,1,2025-08-31 02:00:00
900,285,5,2025-08-31 03:00:00
728,497,4,2025-08-31 04:00:00
315,472,4,2025-08-31 05:00:00
851,143,1,2025-08-31 07:00:00
902,326,3,2025-08-31 08:00:00
889,352,4,2025-08-31 09:00:00
993,300,5,2025-08-31 10:00:00
945,226,4,2025-08-31 11:00:00
168,164,5,2025-08-31 12:00:00
339,84,2,2025-08-31 13:00:00
193,377,1,2025-08-31 14:00:00
453,313,2,2025-08-31 15:00:00
283,117,5,2025-08-31 16:00:00
336,320,5,2025-08-31 17:00:00
390,204,2,2025-08-31 18:00:00
1000,355,1,2025-08-31 19:00:00
525,497,4,2025-08-31 20:00:00
240,294,5,2025-08-31 21:00:00
832,145,5,2025-08-31 22:00:00
958,27,3,2025-08-31 23:00:00
483,17,4,2025-09-01 00:00:00
659,63,5,2025-09-01 01:00:00
716,267,3,2025-09-01 02:00:00
592,64,4,2025-09-01 03:00:00
891,39,3,2025-09-01 04:00:00
555,130,3,2025-09-01 05:00:00
458,115,5,2025-09-01 06:00:00
89,450,5,2025-09-01 07:00:00
660,438,4,2025-09-01 08:00:00
95,413,2,2025-09-01 09:00:00
452,45,5,2025-09-01 10:00:00
428,216,3,2025-09-01 11:00:00
151,88,2,2025-09-01 12:00:00
514,336,3,2025-09-01 13:00:00
376,415,4,2025-09-01 14:00:00
22,177,2,2025-09-01 15:00:00
883,491,4,2025-09-01 16:00:00
313,265,1,2025-09-01 17:00:00
997,411,5,2025-09-01 18:00:00
840,440,5,2025-09-01 19:00:00
519,105,5,2025-09-01 20:00:00
206,381,4,2025-09-01 21:00:00
952,334,3,2025-09-01 22:00:00
375,301,5,2025-09-01 23:00:00
451,473,5,2025-09-02 00:00:00
626,171,2,2025-09-02 01:00:00
784,108,4,2025-09-02 02:00:00
595,406,3,2025-09-02 03:00:00
179,355,3,2025-09-02 04:00:00
500,283,5,2025-09-02 06:00:00
464,40,3,2025-09-02 07:00:00
840,26,4,2025-09-02 08:00:00
124,83,5,2025-09-02 09:00:00
993,173,4,2025-09-02 10:00:00
113,487,5,2025-09-02 11:00:00
12,173,1,2025-09-02 12:00:00
126,282,5,2025-09-02 13:00:00
565,70,2,2025-09-02 14:00:00
331,323,5,2025-09-02 15:00:00
901,6,2,2025-09-02 16:00:00
283,284,4,2025-09-02 17:00:00
140,195,3,2025-09-02 18:00:00
401,13,4,2025-09-02 19:00:00
902,63,3,2025-09-02 20:00:00
97,13,5,2025-09-02 21:00:00
517,249,3,2025-09-02 22:00:00
569,205,4,2025-09-02 23:00:00
924,385,2,2025-09-03 00:00:00
846,253,5,2025-09-03 01:00:00
69,40,4,2025-09-03 02:00:00
118,165,5,2025-09-03 03:00:00
888,31,4,2025-09-03 04:00:00
59,500,2,2025-09-03 05:00:00
33,17,3,2025-09-03 06:00:00
318,137,5,2025-09-03 07:00:00
50,365,4,2025-09-03 08:00:00
880,320,5,2025-09-03 09:00:00
489,313,1,2025-09-03 10:00:00
19,397,4,2025-09-03 11:00:00
726,165,5,2025-09-03 12:00:00
197,398,2,2025-09-03 13:00:00
891,459,2,2025-09-03 14:00:00
450,281,5,2025-09-03 15:00:00
990,223,3,2025-09-03 16:00:00
559,122,4,2025-09-03 17:00:00
452,313,5,2025-09-03 19:00:00
289,327,5,2025-09-03 20:00:00
141,88,4,2025-09-03 21:00:00
84,113,3,2025-09-03 22:00:00
694,100,3,2025-09-03 23:00:00
391,426,5,2025-09-04 00:00:00
591,426,4,2025-09-04 01:00:00
215,303,5,2025-09-04 02:00:00
526,372,4,2025-09-04 03:00:00
403,425,3,2025-09-04 05:00:00
128,387,2,2025-09-04 06:00:00
822,239,5,2025-09-04 07:00:00
477,492,5,2025-09-04 08:00:00
760,346,2,2025-09-04 09:00:00
404,111,4,2025-09-04 10:00:00
29,90,5,2025-09-04 11:00:00
792,385,4,2025-09-04 12:00:00
338,463,4,2025-09-04 13:00:00
831,139,3,2025-09-04 14:00:00
361,135,4,2025-09-04 16:00:00
569,12,5,2025-09-04 17:00:00
392,244,5,2025-09-04 18:00:00
218,422,5,2025-09-04 19:00:00
574,182,5,2025-09-04 20:00:00
669,195,5,2025-09-04 21:00:00
202,362,1,2025-09-04 22:00:00
17,122,3,2025-09-04 23:00:00
322,53,1,2025-09-05 00:00:00
518,474,2,2025-09-05 01:00:00
570,478,1,2025-09-05 02:00:00
325,416,4,2025-09-05 03:00:00
412,356,1,2025-09-05 04:00:00
318,173,4,2025-09-05 05:00:00
681,179,5,2025-09-05 06:00:00
965,293,5,2025-09-05 07:00:00
82,375,5,2025-09-05 08:00:00
474,59,3,2025-09-05 09:00:00
468,54,4,2025-09-05 10:00:00
425,402,3,2025-09-05 11:00:00
945,257,4,2025-09-05 12:00:00
731,245,4,2025-09-05 13:00:00
689,149,1,2025-09-05 14:00:00
204,284,3,2025-09-05 15:00:00
583,368,5,2025-09-05 16:00:00
387,16,5,2025-09-05 17:00:00
778,176,4,2025-09-05 18:00:00
98,28,3,2025-09-05 19:00:00
345,406,4,2025-09-05 20:00:00
803,467,2,2025-09-05 21:00:00
208,368,5,2025-09-05 22:00:00
514,129,5,2025-09-05 23:00:00
636,223,1,2025-09-06 00:00:00
792,372,2,2025-09-06 01:00:00
586,244,4,2025-09-06 02:00:00
166,426,3,2025-09-06 03:00:00
22,354,5,2025-09-06 04:00:00
154,238,5,2025-09-06 05:00:00
939,232,3,2025-09-06 06:00:00
439,326,1,2025-09-06 07:00:00
295,92,5,2025-09-06 08:00:00
219,3,4,2025-09-06 09:00:00
669,479,4,2025-09-06 10:00:00
495,464,3,2025-09-06 11:00:00
230,81,2,2025-09-06 12:00:00
20,44,4,2025-09-06 13:00:00
987,155,4,2025-09-06 14:00:00
553,435,3,2025-09-06 15:00:00
950,24,2,2025-09-06 16:00:00
148,404,4,2025-09-06 17:00:00
108,416,5,2025-09-06 18:00:00
403,99,3,2025-09-06 19:00:00
596,397,5,2025-09-06 20:00:00
483,368,2,2025-09-06 21:00:00
367,171,3,2025-09-06 22:00:00
834,148,5,2025-09-06 23:00:00
414,123,4,2025-09-07 00:00:00
309,112,3,2025-09-07 01:00:00
802,500,2,2025-09-07 02:00:00
918,130,1,2025-09-07 03:00:00
835,68,5,2025-09-07 04:00:00
134,347,1,2025-09-07 05:00:00
719,316,2,2025-09-07 06:00:00
283,217,3,2025-09-07 07:00:00
778,388,4,2025-09-07 08:00:00
73,380,5,2025-09-07 09:00:00
481,96,3,2025-09-07 10:00:00
352,145,4,2025-09-07 11:00:00
560,385,2,2025-09-07 12:00:00
326,33,4,2025-09-07 13:00:00
745,286,2,2025-09-07 14:00:00
443,5,3,2025-09-07 15:00:00
100,118,3,2025-09-07 16:00:00
59,140,5,2025-09-07 17:00:00
508,230,5,2025-09-07 18:00:00
258,160,4,2025-09-07 19:00:00
413,294,2,2025-09-07 20:00:00
452,249,3,2025-09-07 21:00:00
65,273,4,2025-09-07 22:00:00
595,186,5,2025-09-07 23:00:00
154,365,5,2025-09-08 00:00:00
985,40,4,2025-09-08 01:00:00
266,224,3,2025-09-08 02:00:00
821,152,4,2025-09-08 03:00:00
79,140,3,2025-09-08 04:00:00
315,367,4,2025-09-08 05:00:00
662,128,3,2025-09-08 06:00:00
947,351,3,2025-09-08 07:00:00
560,147,1,2025-09-08 08:00:00
917,285,4,2025-09-08 09:00:00
891,469,4,2025-09-08 10:00:00
248,218,5,2025-09-08 11:00:00
868,220,5,2025-09-08 13:00:00
610,145,2,2025-09-08 14:00:00
414,329,4,2025-09-08 15:00:00
25,277,4,2025-09-08 16:00:00
284,242,5,2025-09-08 17:00:00
449,60,3,2025-09-08 18:00:00
881,98,1,2025-09-08 19:00:00
301,331,3,2025-09-08 20:00:00
68,375,5,2025-09-08 21:00:00
7,404,5,2025-09-08 22:00:00
817,369,3,2025-09-08 23:00:00
137,181,5,2025-09-09 00:00:00
164,114,1,2025-09-09 01:00:00
83,495,3,2025-09-09 02:00:00
897,103,5,2025-09-09 03:00:00
650,336,3,2025-09-09 04:00:00
420,319,2,2025-09-09 05:00:00
73,57,5,2025-09-09 06:00:00
237,285,4,2025-09-09 07:00:00
46,129,5,2025-09-09 08:00:00
618,380,2,2025-09-09 09:00:00
928,466,3,2025-09-09 10:00:00
800,315,3,2025-09-09 11:00:00
262,448,5,2025-09-09 12:00:00
176,86,3,2025-09-09 13:00:00
166,200,3,2025-09-09 14:00:00
657,71,2,2025-09-09 15:00:00
842,345,5,2025-09-09 16:00:00
370,478,3,2025-09-09 17:00:00
795,98,1,2025-09-09 18:00:00
54,300,4,2025-09-09 19:00:00
690,176,3,2025-09-09 20:00:00
419,233,2,2025-09-09 21:00:00
756,372,2,2025-09-09 22:00:00
507,75,5,2025-09-09 23:00:00
341,143,1,2025-09-10 00:00:00
127,419,2,2025-09-10 01:00:00
409,23,3,2025-09-10 02:00:00
924,181,5,2025-09-10 03:00:00
367,45,2,2025-09-10 04:00:00
271,469,5,2025-09-10 05:00:00
644,92,5,2025-09-10 06:00:00
605,269,3,2025-09-10 07:00:00
379,34,3,2025-09-10 08:00:00
73,166,4,2025-09-10 09:00:00
923,70,5,2025-09-10 10:00:00
922,364,5,2025-09-10 11:00:00
915,196,5,2025-09-10 12:00:00
248,133,3,2025-09-10 13:00:00
860,247,4,2025-09-10 14:00:00
785,382,2,2025-09-10 15:00:00
43,168,4,2025-09-10 16:00:00
377,454,4,2025-09-10 17:00:00
41,277,2,2025-09-10 18:00:00
170,156,1,2025-09-10 19:00:00
946,387,2,2025-09-10 20:00:00
212,23,4,2025-09-10 21:00:00
493,200,5,2025-09-10 22:00:00
680,275,4,2025-09-10 23:00:00
369,50,2,2025-09-11 01:00:00
757,458,2,2025-09-11 02:00:00
151,186,3,2025-09-11 03:00:00
111,476,3,2025-09-11 04:00:00
480,20,4,2025-09-11 05:00:00
436,492,5,2025-09-11 06:00:00
47,116,4,2025-09-11 07:00:00
575,92,4,2025-09-11 08:00:00
737,349,1,2025-09-11 09:00:00
366,456,1,2025-09-11 10:00:00
69,339,2,2025-09-11 11:00:00
299,53,4,2025-09-11 12:00:00
944,496,4,2025-09-11 13:00:00
802,123,2,2025-09-11 14:00:00
296,341,4,2025-09-11 15:00:00
203,338,4,2025-09-11 16:00:00
61,265,2,2025-09-11 17:00:00
946,4,4,2025-09-11 18:00:00
963,169,5,2025-09-11 19:00:00
830,281,3,2025-09-11 20:00:00
314,290,4,2025-09-11 21:00:00
331,137,5,2025-09-11 23:00:00
528,338,5,2025-09-12 00:00:00
338,256,4,2025-09-12 01:00:00
606,459,3,2025-09-12 02:00:00
304,141,3,2025-09-12 03:00:00
503,486,3,2025-09-12 04:00:00
650,393,1,2025-09-12 05:00:00
338,208,4,2025-09-12 06:00:00
550,260,1,2025-09-12 07:00:00
639,418,3,2025-09-12 08:00:00
275,263,5,2025-09-12 09:00:00
164,271,4,2025-09-12 10:00:00
443,38,1,2025-09-12 11:00:00
319,203,4,2025-09-12 12:00:00
589,224,5,2025-09-12 13:00:00
504,347,1,2025-09-12 14:00:00
686,478,4,2025-09-12 15:00:00
387,52,5,2025-09-12 16:00:00
970,81,4,2025-09-12 17:00:00
870,356,3,2025-09-12 18:00:00
888,7,5,2025-09-12 20:00:00
603,363,5,2025-09-12 21:00:00
750,45,5,2025-09-12 22:00:00
776,315,5,2025-09-12 23:00:00
691,378,4,2025-09-13 00:00:00
494,277,5,2025-09-13 01:00:00
490,412,4,2025-09-13 02:00:00
721,259,5,2025-09-13 03:00:00
73,142,2,2025-09-13 04:00:00
509,258,5,2025-09-13 05:00:00
390,285,2,2025-09-13 06:00:00
619,402,1,2025-09-13 07:00:00
857,37,4,2025-09-13 08:00:00
295,429,3,2025-09-13 09:00:00
369,45,1,2025-09-13 10:00:00
956,408,5,2025-09-13 11:00:00
796,120,4,2025-09-13 12:00:00
865,46,5,2025-09-13 13:00:00
549,53,3,2025-09-13 15:00:00
649,301,3,2025-09-13 16:00:00
850,288,2,2025-09-13 17:00:00
568,274,4,2025-09-13 18:00:00
187,269,4,2025-09-13 19:00:00
853,388,4,2025-09-13 20:00:00
770,279,3,2025-09-13 21:00:00
445,62,2,2025-09-13 22:00:00
570,54,4,2025-09-13 23:00:00
363,458,2,2025-09-14 00:00:00
123,439,5,2025-09-14 01:00:00
188,69,1,2025-09-14 02:00:00
742,242,3,2025-09-14 03:00:00
680,424,2,2025-09-14 04:00:00
420,270,5,2025-09-14 05:00:00
626,252,3,2025-09-14 06:00:00
252,354,2,2025-09-14 07:00:00
619,284,4,2025-09-14 08:00:00
549,456,5,2025-09-14 09:00:00
335,464,5,2025-09-14 10:00:00
92,351,3,2025-09-14 11:00:00
530,71,5,2025-09-14 12:00:00
866,323,1,2025-09-14 13:00:00
63,413,2,2025-09-14 14:00:00
662,100,4,2025-09-14 15:00:00
512,61,3,2025-09-14 16:00:00
139,103,5,2025-09-14 17:00:00
698,452,5,2025-09-14 18:00:00
185,393,1,2025-09-14 19:00:00
205,119,3,2025-09-14 20:00:00
772,17,4,2025-09-14 21:00:00
214,305,4,2025-09-14 22:00:00
256,191,5,2025-09-14 23:00:00
135,212,5,2025-09-15 00:00:00
573,78,4,2025-09-15 01:00:00
875,46,3,2025-09-15 02:00:00
822,93,5,2025-09-15 03:00:00
88,377,3,2025-09-15 04:00:00
836,13,5,2025-09-15 05:00:00
988,228,1,2025-09-15 06:00:00
207,301,4,2025-09-15 07:00:00
129,437,2,2025-09-15 08:00:00
823,17,4,2025-09-15 09:00:00
3,303,4,2025-09-15 10:00:00
974,62,4,2025-09-15 11:00:00
934,434,5,2025-09-15 12:00:00
754,43,4,2025-09-15 13:00:00
121,68,3,2025-09-15 14:00:00
385,380,5,2025-09-15 15:00:00
614,212,5,2025-09-15 16:00:00
38,203,2,2025-09-15 17:00:00
341,490,5,2025-09-15 18:00:00
925,214,5,2025-09-15 19:00:00
645,109,4,2025-09-15 20:00:00
714,456,3,2025-09-15 21:00:00
860,284,4,2025-09-15 22:00:00
21,429,3,2025-09-15 23:00:00
242,425,4,2025-09-16 00:00:00
455,94,4,2025-09-16 01:00:00
963,225,5,2025-09-16 02:00:00
621,225,4,2025-09-16 03:00:00
303,239,3,2025-09-16 04:00:00
596,118,5,2025-09-16 05:00:00
595,420,3,2025-09-16 06:00:00
803,91,3,2025-09-16 07:00:00
964,340,3,2025-09-16 08:00:00
69,289,1,2025-09-16 09:00:00
129,281,5,2025-09-16 10:00:00
196,492,4,2025-09-16 11:00:00
140,491,5,2025-09-16 12:00:00
444,19,3,2025-09-16 13:00:00
283,175,5,2025-09-16 14:00:00
312,469,4,2025-09-16 15:00:00
746,106,4,2025-09-16 16:00:00
535,289,5,2025-09-16 17:00:00
665,248,4,2025-09-16 18:00:00
277,323,4,2025-09-16 19:00:00
61,142,1,2025-09-16 20:00:00
319,463,3,2025-09-16 21:00:00
890,417,5,2025-09-16 22:00:00
856,470,4,2025-09-17 00:00:00
153,193,5,2025-09-17 01:00:00
749,351,4,2025-09-17 02:00:00
311,303,4,2025-09-17 03:00:00
814,291,3,2025-09-17 04:00:00
544,373,4,2025-09-17 05:00:00
567,468,3,2025-09-17 06:00:00
864,416,3,2025-09-17 07:00:00
389,439,5,2025-09-17 08:00:00
548,438,2,2025-09-17 09:00:00
622,332,2,2025-09-17 10:00:00
177,435,1,2025-09-17 11:00:00
362,208,3,2025-09-17 12:00:00
314,443,3,2025-09-17 13:00:00
807,456,2,2025-09-17 14:00:00
848,248,4,2025-09-17 15:00:00
97,142,4,2025-09-17 16:00:00
881,402,5,2025-09-17 17:00:00
213,384,5,2025-09-17 18:00:00
829,311,4,2025-09-17 19:00:00
137,222,2,2025-09-17 20:00:00
6,225,2,2025-09-17 21:00:00
109,354,5,2025-09-17 22:00:00
547,184,4,2025-09-17 23:00:00
39,364,2,2025-09-18 00:00:00
662,305,3,2025-09-18 01:00:00
425,482,5,2025-09-18 02:00:00
630,188,4,2025-09-18 03:00:00
261,113,4,2025-09-18 04:00:00
426,181,3,2025-09-18 05:00:00
87,199,4,2025-09-18 06:00:00
465,390,5,2025-09-18 07:00:00
76,70,5,2025-09-18 08:00:00
471,86,5,2025-09-18 09:00:00
976,392,4,2025-09-18 10:00:00
963,485,4,2025-09-18 11:00:00
414,399,4,2025-09-18 12:00:00
825,410,3,2025-09-18 13:00:00
895,39,5,2025-09-18 14:00:00
726,131,4,2025-09-18 15:00:00
457,441,4,2025-09-18 16:00:00
285,10,5,2025-09-18 17:00:00
239,3,5,2025-09-18 18:00:00
677,478,4,2025-09-18 19:00:00
599,302,1,2025-09-18 20:00:00
653,150,3,2025-09-18 21:00:00
672,67,5,2025-09-18 22:00:00
558,193,3,2025-09-18 23:00:00
372,97,5,2025-09-19 00:00:00
495,19,2,2025-09-19 01:00:00
624,484,4,2025-09-19 02:00:00
919,318,4,2025-09-19 03:00:00
45,98,3,2025-09-19 04:00:00
401,57,5,2025-09-19 05:00:00
247,351,4,2025-09-19 06:00:00
616,107,3,2025-09-19 07:00:00
597,88,3,2025-09-19 08:00:00
450,460,5,2025-09-19 09:00:00
485,141,3,2025-09-19 10:00:00
646,144,5,2025-09-19 11:00:00
620,400,2,2025-09-19 12:00:00
18,371,3,2025-09-19 13:00:00
662,52,2,2025-09-19 15:00:00
758,212,3,2025-09-19 16:00:00
289,41,5,2025-09-19 17:00:00
414,304,2,2025-09-19 18:00:00
721,91,3,2025-09-19 19:00:00
638,39,3,2025-09-19 20:00:00
235,13,4,2025-09-19 21:00:00
416,388,5,2025-09-19 22:00:00
938,96,5,2025-09-19 23:00:00
499,109,1,2025-09-20 00:00:00
974,104,4,2025-09-20 01:00:00
634,354,4,2025-09-20 02:00:00
650,231,4,2025-09-20 03:00:00
115,43,3,2025-09-20 04:00:00
932,209,5,2025-09-20 05:00:00
674,88,3,2025-09-20 06:00:00
713,93,3,2025-09-20 07:00:00
234,174,3,2025-09-20 08:00:00
540,476,4,2025-09-20 09:00:00
11,126,3,2025-09-20 10:00:00
206,109,4,2025-09-20 11:00:00
679,47,5,2025-09-20 12:00:00
247,214,4,2025-09-20 13:00:00
559,92,4,2025-09-20 14:00:00
758,181,5,2025-09-20 15:00:00
127,409,5,2025-09-20 16:00:00
147,41,3,2025-09-20 17:00:00
118,259,4,2025-09-20 18:00:00
911,121,5,2025-09-20 19:00:00
382,77,3,2025-09-20 20:00:00
412,95,3,2025-09-20 21:00:00
664,269,2,2025-09-20 22:00:00
584,361,5,2025-09-20 23:00:00
363,18,2,2025-09-21 00:00:00
509,293,2,2025-09-21 01:00:00
137,171,4,2025-09-21 02:00:00
175,162,5,2025-09-21 03:00:00
289,465,3,2025-09-21 04:00:00
958,311,5,2025-09-21 05:00:00
481,52,4,2025-09-21 06:00:00
19,469,4,2025-09-21 07:00:00
195,36,5,2025-09-21 08:00:00
330,438,1,2025-09-21 09:00:00
175,370,5,2025-09-21 11:00:00
925,52,5,2025-09-21 13:00:00
946,488,5,2025-09-21 14:00:00
499,396,3,2025-09-21 16:00:00
141,92,3,2025-09-21 17:00:00
758,139,2,2025-09-21 18:00:00
897,304,5,2025-09-21 19:00:00
930,357,2,2025-09-21 20:00:00
93,220,1,2025-09-21 21:00:00
944,99,5,2025-09-21 22:00:00
239,236,5,2025-09-21 23:00:00
205,207,5,2025-09-22 00:00:00
560,144,5,2025-09-22 01:00:00
433,493,4,2025-09-22 02:00:00
245,199,5,2025-09-22 03:00:00
832,303,4,2025-09-22 04:00:00
317,323,5,2025-09-22 05:00:00
925,287,2,2025-09-22 06:00:00
295,332,5,2025-09-22 07:00:00
640,264,4,2025-09-22 08:00:00
856,217,4,2025-09-22 09:00:00
282,189,5,2025-09-22 10:00:00
17,44,5,2025-09-22 11:00:00
269,291,2,2025-09-22 13:00:00
325,460,2,2025-09-22 14:00:00
794,189,1,2025-09-22 15:00:00
305,469,2,2025-09-22 16:00:00
451,474,3,2025-09-22 17:00:00
7,439,5,2025-09-22 18:00:00
314,194,4,2025-09-22 19:00:00
817,270,5,2025-09-22 20:00:00
103,366,4,2025-09-22 21:00:00
821,260,4,2025-09-22 22:00:00
193,401,2,2025-09-22 23:00:00
753,239,5,2025-09-23 00:00:00
574,112,5,2025-09-23 01:00:00
529,69,3,2025-09-23 02:00:00
171,408,3,2025-09-23 03:00:00
537,49,3,2025-09-23 04:00:00
251,311,5,2025-09-23 05:00:00
765,455,5,2025-09-23 06:00:00
387,151,4,2025-09-23 07:00:00
207,239,3,2025-09-23 08:00:00
541,337,2,2025-09-23 09:00:00
629,396,1,2025-09-23 10:00:00
416,395,1,2025-09-23 11:00:00
794,115,2,2025-09-23 12:00:00
380,75,2,2025-09-23 13:00:00
25,383,3,2025-09-23 15:00:00
822,111,4,2025-09-23 16:00:00
668,357,4,2025-09-23 17:00:00
73,370,4,2025-09-23 18:00:00
632,285,4,2025-09-23 19:00:00
824,256,3,2025-09-23 20:00:00
833,318,5,2025-09-23 21:00:00
93,309,5,2025-09-23 22:00:00
505,117,3,2025-09-23 23:00:00
598,176,1,2025-09-24 00:00:00
336,228,5,2025-09-24 01:00:00
425,347,5,2025-09-24 02:00:00
499,106,1,2025-09-24 03:00:00
364,342,1,2025-09-24 04:00:00
947,384,5,2025-09-24 05:00:00
630,450,3,2025-09-24 06:00:00
745,239,5,2025-09-24 07:00:00
199,100,3,2025-09-24 08:00:00
718,176,5,2025-09-24 09:00:00
413,350,1,2025-09-24 10:00:00
339,443,3,2025-09-24 11:00:00
962,441,3,2025-09-24 13:00:00
937,249,2,2025-09-24 14:00:00
429,76,5,2025-09-24 15:00:00
783,3,2,2025-09-24 16:00:00
899,81,2,2025-09-24 17:00:00
139,361,3,2025-09-24 18:00:00
693,288,4,2025-09-24 19:00:00
942,8,5,2025-09-24 20:00:00
542,87,5,2025-09-24 21:00:00
57,486,4,2025-09-24 22:00:00
232,286,3,2025-09-24 23:00:00
658,399,3,2025-09-25 00:00:00
435,74,5,2025-09-25 01:00:00
384,439,5,2025-09-25 02:00:00
560,123,5,2025-09-25 03:00:00
194,377,5,2025-09-25 04:00:00
736,294,3,2025-09-25 05:00:00
648,143,4,2025-09-25 06:00:00
534,158,4,2025-09-25 07:00:00
518,430,2,2025-09-25 08:00:00
716,448,1,2025-09-25 09:00:00
751,410,5,2025-09-25 10:00:00
185,371,4,2025-09-25 11:00:00
872,109,4,2025-09-25 12:00:00
292,334,4,2025-09-25 13:00:00
335,195,5,2025-09-25 14:00:00
116,90,4,2025-09-25 16:00:00
825,462,4,2025-09-25 17:00:00
49,415,5,2025-09-25 18:00:00
685,462,4,2025-09-25 19:00:00
82,296,5,2025-09-25 20:00:00
834,330,3,2025-09-25 21:00:00
333,201,5,2025-09-25 22:00:00
557,46,5,2025-09-25 23:00:00
335,488,4,2025-09-26 00:00:00
532,107,3,2025-09-26 01:00:00
960,170,3,2025-09-26 02:00:00
221,146,5,2025-09-26 03:00:00
635,356,4,2025-09-26 04:00:00
746,420,4,2025-09-26 05:00:00
733,460,4,2025-09-26 06:00:00
323,178,5,2025-09-26 07:00:00
851,61,1,2025-09-26 08:00:00
3,424,2,2025-09-26 09:00:00
694,3,2,2025-09-26 10:00:00
206,82,3,2025-09-26 11:00:00
832,263,4,2025-09-26 12:00:00
40,287,5,2025-09-26 13:00:00
59,321,3,2025-09-26 14:00:00
951,95,1,2025-09-26 15:00:00
574,64,4,2025-09-26 16:00:00
644,246,5,2025-09-26 17:00:00
507,77,3,2025-09-26 18:00:00
572,477,5,2025-09-26 19:00:00
884,259,2,2025-09-26 20:00:00
843,93,2,2025-09-26 21:00:00
122,291,5,2025-09-26 22:00:00
479,271,4,2025-09-26 23:00:00
619,21,5,2025-09-27 00:00:00
96,62,5,2025-09-27 01:00:00
859,339,3,2025-09-27 02:00:00
414,412,4,2025-09-27 03:00:00
235,260,4,2025-09-27 04:00:00
898,237,5,2025-09-27 05:00:00
62,141,4,2025-09-27 06:00:00
256,463,1,2025-09-27 07:00:00
561,435,4,2025-09-27 08:00:00
905,432,5,2025-09-27 09:00:00
671,480,3,2025-09-27 11:00:00
124,67,3,2025-09-27 12:00:00
317,58,3,2025-09-27 14:00:00
504,212,3,2025-09-27 15:00:00
719,130,4,2025-09-27 16:00:00
48,498,1,2025-09-27 17:00:00
409,25,2,2025-09-27 18:00:00
932,11,4,2025-09-27 19:00:00
136,257,3,2025-09-27 20:00:00
201,304,3,2025-09-27 21:00:00
250,369,2,2025-09-27 22:00:00
314,432,3,2025-09-27 23:00:00
869,394,5,2025-09-28 00:00:00
368,81,4,2025-09-28 01:00:00
429,286,4,2025-09-28 02:00:00
830,419,2,2025-09-28 03:00:00
807,370,1,2025-09-28 04:00:00
480,19,5,2025-09-28 05:00:00
314,110,3,2025-09-28 06:00:00
500,437,3,2025-09-28 07:00:00
355,288,5,2025-09-28 09:00:00
485,332,5,2025-09-28 10:00:00
211,491,4,2025-09-28 11:00:00
44,126,5,2025-09-28 13:00:00
571,134,3,2025-09-28 15:00:00
583,499,5,2025-09-28 16:00:00
92,397,4,2025-09-28 17:00:00
265,487,4,2025-09-28 18:00:00
895,86,2,2025-09-28 19:00:00
220,75,4,2025-09-28 20:00:00
902,448,2,2025-09-28 21:00:00
925,135,4,2025-09-28 22:00:00
442,301,3,2025-09-28 23:00:00
401,173,4,2025-09-29 00:00:00
400,213,4,2025-09-29 01:00:00
727,321,5,2025-09-29 02:00:00
991,350,2,2025-09-29 03:00:00
899,19,5,2025-09-29 04:00:00
789,499,3,2025-09-29 05:00:00
576,119,5,2025-09-29 06:00:00
858,303,4,2025-09-29 07:00:00
804,302,5,2025-09-29 08:00:00
490,285,4,2025-09-29 09:00:00
485,227,4,2025-09-29 10:00:00
757,212,3,2025-09-29 11:00:00
470,356,5,2025-09-29 12:00:00
844,321,2,2025-09-29 15:00:00
682,151,5,2025-09-29 16:00:00
445,223,5,2025-09-29 17:00:00
269,128,3,2025-09-29 18:00:00
267,248,5,2025-09-29 19:00:00
54,51,2,2025-09-29 20:00:00
528,191,5,2025-09-29 21:00:00
520,483,5,2025-09-29 22:00:00
616,500,3,2025-09-29 23:00:00
59,495,3,2025-09-30 00:00:00
825,237,4,2025-09-30 01:00:00
40,22,4,2025-09-30 02:00:00
237,110,5,2025-09-30 03:00:00
955,327,5,2025-09-30 04:00:00
386,33,4,2025-09-30 05:00:00
606,127,5,2025-09-30 06:00:00
734,365,4,2025-09-30 07:00:00
716,356,5,2025-09-30 08:00:00
650,44,5,2025-09-30 09:00:00
300,7,5,2025-09-30 10:00:00
395,128,1,2025-09-30 11:00:00
207,91,4,2025-09-30 12:00:00
336,130,4,2025-09-30 13:00:00
593,17,4,2025-09-30 14:00:00
730,321,4,2025-09-30 15:00:00
514,186,5,2025-09-30 16:00:00
178,110,3,2025-09-30 17:00:00
396,286,4,2025-09-30 18:00:00
371,470,3,2025-09-30 19:00:00
858,348,3,2025-09-30 20:00:00
791,481,4,2025-09-30 21:00:00
658,410,2,2025-09-30 22:00:00
318,163,2,2025-09-30 23:00:00
736,447,4,2025-10-01 00:00:00
369,75,1,2025-10-01 01:00:00
384,199,2,2025-10-01 02:00:00
62,412,5,2025-10-01 03:00:00
806,409,5,2025-10-01 04:00:00
505,445,3,2025-10-01 05:00:00
239,361,3,2025-10-01 06:00:00
195,287,5,2025-10-01 07:00:00
678,182,1,2025-10-01 08:00:00
963,451,4,2025-10-01 09:00:00
222,97,4,2025-10-01 10:00:00
61,51,5,2025-10-01 11:00:00
129,314,5,2025-10-01 12:00:00
990,34,3,2025-10-01 13:00:00
685,443,4,2025-10-01 14:00:00
992,21,4,2025-10-01 15:00:00
156,184,5,2025-10-01 16:00:00
917,293,5,2025-10-01 17:00:00
378,64,4,2025-10-01 18:00:00
622,497,5,2025-10-01 19:00:00
781,403,2,2025-10-01 20:00:00
923,124,3,2025-10-01 21:00:00
903,119,2,2025-10-01 23:00:00
790,341,4,2025-10-02 00:00:00
586,78,5,2025-10-02 01:00:00
999,458,4,2025-10-02 02:00:00
437,181,4,2025-10-02 03:00:00
975,199,2,2025-10-02 04:00:00
207,477,4,2025-10-02 05:00:00
388,447,4,2025-10-02 06:00:00
480,360,4,2025-10-02 07:00:00
791,190,3,2025-10-02 08:00:00
887,328,4,2025-10-02 09:00:00
838,103,4,2025-10-02 10:00:00
984,333,4,2025-10-02 11:00:00
340,366,2,2025-10-02 12:00:00
869,275,3,2025-10-02 13:00:00
340,459,3,2025-10-02 14:00:00
204,130,5,2025-10-02 15:00:00
161,241,5,2025-10-02 16:00:00
540,134,5,2025-10-02 17:00:00
392,157,4,2025-10-02 18:00:00
769,425,3,2025-10-02 19:00:00
677,435,5,2025-10-02 20:00:00
575,389,4,2025-10-02 21:00:00
534,425,2,2025-10-02 22:00:00
70,318,5,2025-10-02 23:00:00
893,158,2,2025-10-03 00:00:00
405,359,2,2025-10-03 01:00:00
608,190,5,2025-10-03 02:00:00
675,100,5,2025-10-03 03:00:00
591,411,5,2025-10-03 04:00:00
517,434,3,2025-10-03 05:00:00
828,466,5,2025-10-03 06:00:00
120,52,5,2025-10-03 07:00:00
814,49,5,2025-10-03 08:00:00
690,446,5,2025-10-03 09:00:00
688,100,4,2025-10-03 10:00:00
902,444,2,2025-10-03 11:00:00
56,251,4,2025-10-03 13:00:00
366,374,3,2025-10-03 14:00:00
699,464,5,2025-10-03 15:00:00
504,54,4,2025-10-03 16:00:00
744,375,4,2025-10-03 17:00:00
767,389,3,2025-10-03 18:00:00
925,137,2,2025-10-03 19:00:00
455,162,3,2025-10-03 20:00:00
104,354,5,2025-10-03 21:00:00
77,292,3,2025-10-03 22:00:00
230,479,1,2025-10-03 23:00:00
914,500,5,2025-10-04 00:00:00
258,404,3,2025-10-04 01:00:00
264,81,4,2025-10-04 02:00:00
331,468,5,2025-10-04 03:00:00
993,220,4,2025-10-04 04:00:00
182,85,5,2025-10-04 05:00:00
768,319,5,2025-10-04 07:00:00
688,414,3,2025-10-04 09:00:00
27,453,4,2025-10-04 10:00:00
276,234,5,2025-10-04 11:00:00
652,198,5,2025-10-04 12:00:00
299,259,5,2025-10-04 13:00:00
957,177,4,2025-10-04 14:00:00
799,298,4,2025-10-04 15:00:00
91,280,3,2025-10-04 16:00:00
480,300,1,2025-10-04 17:00:00
573,129,5,2025-10-04 18:00:00
458,498,3,2025-10-04 19:00:00
451,371,3,2025-10-04 20:00:00
365,438,5,2025-10-04 21:00:00
859,180,1,2025-10-04 22:00:00
675,292,5,2025-10-04 23:00:00
351,207,1,2025-10-05 00:00:00
655,489,5,2025-10-05 01:00:00
400,294,4,2025-10-05 02:00:00
253,428,2,2025-10-05 03:00:00
781,338,4,2025-10-05 04:00:00
881,471,5,2025-10-05 05:00:00
803,175,4,2025-10-05 06:00:00
459,29,4,2025-10-05 07:00:00
699,179,5,2025-10-05 08:00:00
917,41,3,2025-10-05 09:00:00
499,470,5,2025-10-05 10:00:00
971,344,4,2025-10-05 12:00:00
508,304,4,2025-10-05 14:00:00
304,461,1,2025-10-05 15:00:00
501,225,3,2025-10-05 16:00:00
598,278,4,2025-10-05 18:00:00
166,355,4,2025-10-05 19:00:00
415,17,4,2025-10-05 20:00:00
462,86,3,2025-10-05 21:00:00
920,389,5,2025-10-05 22:00:00
114,317,3,2025-10-05 23:00:00
433,345,3,2025-10-06 00:00:00
992,390,4,2025-10-06 01:00:00
356,181,5,2025-10-06 02:00:00
928,337,1,2025-10-06 03:00:00
695,351,3,2025-10-06 04:00:00
207,145,5,2025-10-06 05:00:00
768,315,4,2025-10-06 06:00:00
235,225,4,2025-10-06 07:00:00
442,423,5,2025-10-06 08:00:00
355,54,2,2025-10-06 09:00:00
515,382,4,2025-10-06 10:00:00
208,432,3,2025-10-06 11:00:00
709,421,1,2025-10-06 12:00:00
853,304,3,2025-10-06 13:00:00
125,68,4,2025-10-06 14:00:00
138,107,1,2025-10-06 15:00:00
339,334,4,2025-10-06 16:00:00
537,77,5,2025-10-06 17:00:00
68,27,5,2025-10-06 18:00:00
573,344,3,2025-10-06 19:00:00
541,155,2,2025-10-06 20:00:00
383,72,4,2025-10-06 21:00:00
683,180,5,2025-10-06 23:00:00
450,47,5,2025-10-07 00:00:00
74,242,4,2025-10-07 01:00:00
573,359,2,2025-10-07 02:00:00
939,277,5,2025-10-07 03:00:00
665,371,5,2025-10-07 04:00:00
276,313,4,2025-10-07 05:00:00
48,105,3,2025-10-07 06:00:00
211,459,4,2025-10-07 07:00:00
855,95,5,2025-10-07 08:00:00
920,219,2,2025-10-07 09:00:00
651,170,5,2025-10-07 10:00:00
622,366,1,2025-10-07 11:00:00
994,432,5,2025-10-07 12:00:00
695,283,4,2025-10-07 13:00:00
709,200,1,2025-10-07 15:00:00
191,417,4,2025-10-07 16:00:00
901,35,4,2025-10-07 18:00:00
563,354,3,2025-10-07 19:00:00
661,144,2,2025-10-07 20:00:00
780,292,4,2025-10-07 21:00:00
900,460,4,2025-10-07 23:00:00
758,219,4,2025-10-08 00:00:00
113,56,4,2025-10-08 01:00:00
170,145,4,2025-10-08 02:00:00
468,404,2,2025-10-08 03:00:00
678,213,2,2025-10-08 04:00:00
921,94,2,2025-10-08 05:00:00
14,106,4,2025-10-08 06:00:00
715,84,4,2025-10-08 07:00:00
288,136,4,2025-10-08 08:00:00
907,146,5,2025-10-08 09:00:00
189,249,3,2025-10-08 10:00:00
914,18,4,2025-10-08 11:00:00
155,402,1,2025-10-08 12:00:00
567,125,5,2025-10-08 13:00:00
694,2,4,2025-10-08 14:00:00
722,332,5,2025-10-08 15:00:00
888,480,5,2025-10-08 16:00:00
471,490,5,2025-10-08 17:00:00
75,200,5,2025-10-08 18:00:00
277,435,3,2025-10-08 19:00:00
940,138,3,2025-10-08 20:00:00
343,398,5,2025-10-08 22:00:00
425,282,4,2025-10-08 23:00:00
571,303,3,2025-10-09 00:00:00
511,30,5,2025-10-09 01:00:00
857,56,3,2025-10-09 02:00:00
182,119,2,2025-10-09 03:00:00
458,426,4,2025-10-09 04:00:00
918,132,1,2025-10-09 05:00:00
851,231,3,2025-10-09 06:00:00
833,395,5,2025-10-09 07:00:00
64,152,3,2025-10-09 08:00:00
839,470,5,2025-10-09 09:00:00
260,451,5,2025-10-09 10:00:00
193,421,5,2025-10-09 11:00:00
655,386,5,2025-10-09 12:00:00
616,396,4,2025-10-09 13:00:00
972,21,4,2025-10-09 14:00:00
406,453,5,2025-10-09 15:00:00
726,455,4,2025-10-09 16:00:00
754,448,4,2025-10-09 17:00:00
943,68,4,2025-10-09 18:00:00
721,126,4,2025-10-09 19:00:00
93,43,5,2025-10-09 20:00:00
430,182,4,2025-10-09 21:00:00
654,489,5,2025-10-09 22:00:00
434,100,4,2025-10-09 23:00:00
404,379,4,2025-10-10 00:00:00
434,446,2,2025-10-10 01:00:00
112,470,5,2025-10-10 02:00:00
929,349,1,2025-10-10 03:00:00
375,457,5,2025-10-10 04:00:00
59,474,5,2025-10-10 05:00:00
43,396,4,2025-10-10 06:00:00
780,385,4,2025-10-10 08:00:00
296,200,1,2025-10-10 09:00:00
118,417,4,2025-10-10 10:00:00
532,448,3,2025-10-10 11:00:00
222,116,3,2025-10-10 12:00:00
166,115,4,2025-10-10 13:00:00
643,452,5,2025-10-10 14:00:00
156,142,4,2025-10-10 15:00:00
184,119,4,2025-10-10 16:00:00
90,93,3,2025-10-10 17:00:00
94,398,4,2025-10-10 18:00:00
13,9,3,2025-10-10 19:00:00
973,73,3,2025-10-10 20:00:00
834,26,5,2025-10-10 21:00:00
805,433,3,2025-10-10 22:00:00
945,239,1,2025-10-10 23:00:00
742,362,3,2025-10-11 00:00:00
834,145,4,2025-10-11 01:00:00
804,489,5,2025-10-11 02:00:00
438,68,5,2025-10-11 03:00:00
538,188,5,2025-10-11 04:00:00
587,366,4,2025-10-11 05:00:00
968,131,3,2025-10-11 06:00:00
876,221,2,2025-10-11 07:00:00
936,281,4,2025-10-11 08:00:00
811,277,4,2025-10-11 09:00:00
150,140,4,2025-10-11 10:00:00
660,54,3,2025-10-11 11:00:00
29,128,3,2025-10-11 13:00:00
296,1,5,2025-10-11 14:00:00
926,430,4,2025-10-11 16:00:00
721,432,1,2025-10-11 17:00:00
640,391,4,2025-10-11 18:00:00
340,266,1,2025-10-11 19:00:00
628,399,2,2025-10-11 20:00:00
439,296,2,2025-10-11 21:00:00
144,256,3,2025-10-11 22:00:00
942,395,3,2025-10-11 23:00:00
830,440,5,2025-10-12 00:00:00
747,174,3,2025-10-12 01:00:00
519,45,2,2025-10-12 02:00:00
976,343,4,2025-10-12 03:00:00
45,141,4,2025-10-12 04:00:00
955,27,3,2025-10-12 05:00:00
239,233,4,2025-10-12 06:00:00
952,209,5,2025-10-12 07:00:00
944,50,3,2025-10-12 08:00:00
155,61,4,2025-10-12 09:00:00
181,243,2,2025-10-12 10:00:00
88,140,5,2025-10-12 12:00:00
256,157,3,2025-10-12 13:00:00
511,85,3,2025-10-12 14:00:00
73,84,5,2025-10-12 15:00:00
931,276,5,2025-10-12 16:00:00
179,31,4,2025-10-12 17:00:00
212,8,4,2025-10-12 18:00:00
805,280,5,2025-10-12 19:00:00
234,203,5,2025-10-12 20:00:00
465,423,1,2025-10-12 21:00:00
751,33,4,2025-10-12 22:00:00
223,298,3,2025-10-12 23:00:00
825,452,4,2025-10-13 01:00:00
264,449,4,2025-10-13 02:00:00
207,416,2,2025-10-13 03:00:00
607,395,3,2025-10-13 04:00:00
885,350,4,2025-10-13 05:00:00
734,37,4,2025-10-13 06:00:00
366,147,5,2025-10-13 07:00:00
276,435,5,2025-10-13 08:00:00
380,228,5,2025-10-13 09:00:00
743,34,4,2025-10-13 10:00:00
631,444,5,2025-10-13 12:00:00
268,237,5,2025-10-13 13:00:00
945,212,5,2025-10-13 14:00:00
785,309,4,2025-10-13 15:00:00
64,140,3,2025-10-13 16:00:00
810,190,5,2025-10-13 17:00:00
350,96,5,2025-10-13 18:00:00
925,194,5,2025-10-13 19:00:00
915,470,2,2025-10-13 20:00:00
494,361,3,2025-10-13 21:00:00
523,304,4,2025-10-13 22:00:00
98,296,5,2025-10-13 23:00:00
946,152,5,2025-10-14 00:00:00
71,434,3,2025-10-14 01:00:00
364,223,4,2025-10-14 02:00:00
570,196,1,2025-10-14 03:00:00
802,88,4,2025-10-14 04:00:00
763,299,4,2025-10-14 05:00:00
276,17,5,2025-10-14 06:00:00
50,488,5,2025-10-14 07:00:00
358,211,3,2025-10-14 08:00:00
728,232,4,2025-10-14 09:00:00
906,358,4,2025-10-14 10:00:00
928,183,3,2025-10-14 11:00:00
564,162,5,2025-10-14 12:00:00
783,367,5,2025-10-14 13:00:00
485,481,3,2025-10-14 14:00:00
84,70,4,2025-10-14 15:00:00
899,60,3,2025-10-14 16:00:00
805,179,4,2025-10-14 17:00:00
638,484,4,2025-10-14 18:00:00
808,77,2,2025-10-14 19:00:00
584,495,5,2025-10-14 20:00:00
296,457,4,2025-10-14 21:00:00
236,35,5,2025-10-14 22:00:00
56,418,1,2025-10-14 23:00:00
919,16,5,2025-10-15 00:00:00
360,466,5,2025-10-15 01:00:00
907,402,2,2025-10-15 02:00:00
110,294,3,2025-10-15 03:00:00
192,498,5,2025-10-15 04:00:00
904,171,4,2025-10-15 05:00:00
93,32,4,2025-10-15 06:00:00
862,263,5,2025-10-15 07:00:00
568,215,2,2025-10-15 08:00:00
60,471,4,2025-10-15 09:00:00
650,46,4,2025-10-15 10:00:00
39,189,4,2025-10-15 11:00:00
540,274,3,2025-10-15 12:00:00
49,71,4,2025-10-15 13:00:00
420,490,5,2025-10-15 14:00:00
637,296,4,2025-10-15 15:00:00
13,88,4,2025-10-15 16:00:00
992,334,3,2025-10-15 17:00:00
36,434,5,2025-10-15 18:00:00
101,261,4,2025-10-15 19:00:00
794,494,5,2025-10-15 20:00:00
516,342,3,2025-10-15 22:00:00
223,442,2,2025-10-15 23:00:00
338,22,4,2025-10-16 00:00:00
960,74,3,2025-10-16 01:00:00
166,90,5,2025-10-16 02:00:00
383,335,5,2025-10-16 03:00:00
856,166,3,2025-10-16 04:00:00
895,489,2,2025-10-16 05:00:00
376,234,5,2025-10-16 06:00:00
471,375,3,2025-10-16 07:00:00
642,129,3,2025-10-16 09:00:00
31,334,4,2025-10-16 10:00:00
375,292,3,2025-10-16 11:00:00
988,28,4,2025-10-16 13:00:00
302,354,5,2025-10-16 14:00:00
96,35,3,2025-10-16 15:00:00
190,444,4,2025-10-16 16:00:00
453,231,3,2025-10-16 17:00:00
192,318,5,2025-10-16 18:00:00
486,343,4,2025-10-16 19:00:00
266,430,2,2025-10-16 20:00:00
424,364,3,2025-10-16 21:00:00
238,125,1,2025-10-16 23:00:00
920,466,4,2025-10-17 00:00:00
355,79,3,2025-10-17 01:00:00
940,381,5,2025-10-17 02:00:00
112,61,2,2025-10-17 03:00:00
828,449,5,2025-10-17 04:00:00
446,217,3,2025-10-17 05:00:00
343,282,3,2025-10-17 06:00:00
145,163,5,2025-10-17 07:00:00
65,57,5,2025-10-17 08:00:00
247,463,4,2025-10-17 09:00:00
735,191,4,2025-10-17 10:00:00
991,132,5,2025-10-17 11:00:00
490,463,4,2025-10-17 12:00:00
825,42,2,2025-10-17 13:00:00
439,486,1,2025-10-17 14:00:00
106,173,4,2025-10-17 15:00:00
181,167,4,2025-10-17 16:00:00
184,250,5,2025-10-17 17:00:00
226,193,2,2025-10-17 18:00:00
777,278,5,2025-10-17 19:00:00
790,395,4,2025-10-17 20:00:00
909,238,4,2025-10-17 21:00:00
89,230,1,2025-10-17 22:00:00
688,165,5,2025-10-17 23:00:00
530,243,4,2025-10-18 00:00:00
972,179,5,2025-10-18 02:00:00
936,475,5,2025-10-18 03:00:00
913,58,3,2025-10-18 04:00:00
399,461,5,2025-10-18 05:00:00
106,263,5,2025-10-18 06:00:00
271,136,1,2025-10-18 07:00:00
975,238,3,2025-10-18 08:00:00
831,307,4,2025-10-18 09:00:00
503,243,4,2025-10-18 10:00:00
679,151,5,2025-10-18 11:00:00
525,346,3,2025-10-18 12:00:00
849,364,5,2025-10-18 13:00:00
32,247,5,2025-10-18 14:00:00
393,219,4,2025-10-18 15:00:00
40,9,5,2025-10-18 16:00:00
660,430,5,2025-10-18 17:00:00
218,294,3,2025-10-18 18:00:00
731,367,5,2025-10-18 19:00:00
82,263,2,2025-10-18 21:00:00
720,458,1,2025-10-18 23:00:00
201,225,4,2025-10-19 00:00:00
447,231,5,2025-10-19 01:00:00
844,178,5,2025-10-19 02:00:00
428,247,5,2025-10-19 03:00:00
38,67,4,2025-10-19 04:00:00
211,297,4,2025-10-19 05:00:00
444,157,4,2025-10-19 06:00:00
327,165,4,2025-10-19 07:00:00
761,184,4,2025-10-19 08:00:00
227,493,5,2025-10-19 09:00:00
48,208,3,2025-10-19 10:00:00
18,16,4,2025-10-19 11:00:00
912,300,1,2025-10-19 12:00:00
439,306,4,2025-10-19 13:00:00
807,491,2,2025-10-19 14:00:00
708,241,4,2025-10-19 15:00:00
187,455,3,2025-10-19 16:00:00
224,230,4,2025-10-19 18:00:00
830,390,4,2025-10-19 19:00:00
488,18,4,2025-10-19 20:00:00
909,147,3,2025-10-19 21:00:00
877,244,5,2025-10-19 22:00:00
849,51,1,2025-10-19 23:00:00
229,450,5,2025-10-20 00:00:00
390,259,5,2025-10-20 01:00:00
979,238,2,2025-10-20 02:00:00
589,246,4,2025-10-20 03:00:00
858,484,4,2025-10-20 05:00:00
270,310,2,2025-10-20 06:00:00
607,49,4,2025-10-20 07:00:00
310,284,4,2025-10-20 08:00:00
132,38,5,2025-10-20 09:00:00
551,284,5,2025-10-20 10:00:00
72,32,2,2025-10-20 11:00:00
793,243,3,2025-10-20 12:00:00
845,41,3,2025-10-20 13:00:00
672,292,5,2025-10-20 14:00:00
187,103,4,2025-10-20 15:00:00
486,292,5,2025-10-20 16:00:00
191,107,4,2025-10-20 17:00:00
422,246,5,2025-10-20 18:00:00
120,382,3,2025-10-20 19:00:00
220,87,5,2025-10-20 20:00:00
53,66,4,2025-10-20 21:00:00
734,138,5,2025-10-20 22:00:00
451,326,3,2025-10-20 23:00:00
412,200,4,2025-10-21 00:00:00
643,335,4,2025-10-21 01:00:00
237,493,1,2025-10-21 02:00:00
758,93,4,2025-10-21 03:00:00
720,348,2,2025-10-21 05:00:00
406,278,2,2025-10-21 06:00:00
608,482,4,2025-10-21 07:00:00
422,20,3,2025-10-21 08:00:00
712,289,4,2025-10-21 09:00:00
247,399,4,2025-10-21 10:00:00
72,391,2,2025-10-21 11:00:00
185,90,5,2025-10-21 13:00:00
6,50,2,2025-10-21 14:00:00
206,10,4,2025-10-21 15:00:00
611,37,5,2025-10-21 17:00:00
906,59,1,2025-10-21 18:00:00
387,88,5,2025-10-21 19:00:00
768,459,4,2025-10-21 20:00:00
699,104,1,2025-10-21 21:00:00
76,319,3,2025-10-21 22:00:00
177,277,4,2025-10-21 23:00:00
827,104,3,2025-10-22 00:00:00
799,254,3,2025-10-22 01:00:00
349,230,5,2025-10-22 02:00:00
255,335,3,2025-10-22 03:00:00
837,463,4,2025-10-22 04:00:00
702,37,5,2025-10-22 05:00:00
308,301,5,2025-10-22 06:00:00
345,142,2,2025-10-22 07:00:00
127,43,5,2025-10-22 08:00:00
937,116,4,2025-10-22 09:00:00
287,341,2,2025-10-22 10:00:00
766,492,3,2025-10-22 11:00:00
725,84,1,2025-10-22 12:00:00
762,417,3,2025-10-22 13:00:00
596,259,3,2025-10-22 14:00:00
487,360,3,2025-10-22 15:00:00
383,87,4,2025-10-22 16:00:00
406,428,5,2025-10-22 17:00:00
388,367,4,2025-10-22 18:00:00
525,343,4,2025-10-22 19:00:00
557,347,5,2025-10-22 20:00:00
639,291,5,2025-10-22 21:00:00
938,409,5,2025-10-22 22:00:00
626,96,2,2025-10-22 23:00:00
945,255,3,2025-10-23 00:00:00
276,342,4,2025-10-23 01:00:00
500,136,3,2025-10-23 02:00:00
717,248,2,2025-10-23 03:00:00
337,499,3,2025-10-23 04:00:00
950,372,5,2025-10-23 05:00:00
932,446,3,2025-10-23 06:00:00
481,486,4,2025-10-23 07:00:00
897,402,1,2025-10-23 08:00:00
911,92,5,2025-10-23 09:00:00
973,412,4,2025-10-23 10:00:00
273,459,2,2025-10-23 11:00:00
920,396,5,2025-10-23 12:00:00
58,448,5,2025-10-23 13:00:00
328,247,5,2025-10-23 14:00:00
731,258,5,2025-10-23 15:00:00
109,187,4,2025-10-23 16:00:00
686,124,3,2025-10-23 18:00:00
328,260,4,2025-10-23 19:00:00
776,169,1,2025-10-23 20:00:00
315,429,2,2025-10-23 21:00:00
474,365,4,2025-10-23 22:00:00
111,111,1,2025-10-23 23:00:00
781,87,4,2025-10-24 01:00:00
935,13,4,2025-10-24 02:00:00
497,288,2,2025-10-24 04:00:00
473,433,4,2025-10-24 06:00:00
701,200,1,2025-10-24 07:00:00
272,242,4,2025-10-24 08:00:00
887,239,5,2025-10-24 09:00:00
2,303,1,2025-10-24 10:00:00
758,165,4,2025-10-24 11:00:00
722,226,3,2025-10-24 12:00:00
511,176,5,2025-10-24 13:00:00
913,29,2,2025-10-24 14:00:00
286,165,3,2025-10-24 15:00:00
871,23,5,2025-10-24 16:00:00
13,294,3,2025-10-24 17:00:00
608,477,4,2025-10-24 18:00:00
498,383,1,2025-10-24 19:00:00
733,44,5,2025-10-24 20:00:00
238,261,5,2025-10-24 21:00:00
94,180,4,2025-10-24 22:00:00
338,296,1,2025-10-24 23:00:00
781,139,1,2025-10-25 00:00:00
981,248,3,2025-10-25 02:00:00
606,241,4,2025-10-25 03:00:00
661,106,4,2025-10-25 04:00:00
624,386,5,2025-10-25 05:00:00
567,419,3,2025-10-25 06:00:00
849,173,4,2025-10-25 07:00:00
936,49,5,2025-10-25 08:00:00
467,123,4,2025-10-25 09:00:00
628,35,5,2025-10-25 10:00:00
143,106,2,2025-10-25 11:00:00
201,476,5,2025-10-25 12:00:00
180,328,5,2025-10-25 13:00:00
714,416,3,2025-10-25 14:00:00
364,196,3,2025-10-25 15:00:00
479,109,2,2025-10-25 16:00:00
565,125,4,2025-10-25 17:00:00
471,327,4,2025-10-25 18:00:00
384,295,1,2025-10-25 19:00:00
692,432,5,2025-10-25 20:00:00
926,347,5,2025-10-25 21:00:00
417,37,5,2025-10-25 22:00:00
825,188,4,2025-10-25 23:00:00
308,337,4,2025-10-26 00:00:00
649,458,5,2025-10-26 01:00:00
694,388,3,2025-10-26 02:00:00
367,23,4,2025-10-26 03:00:00
1,398,4,2025-10-26 04:00:00
44,261,3,2025-10-26 05:00:00
739,194,2,2025-10-26 06:00:00
843,366,1,2025-10-26 07:00:00
98,152,4,2025-10-26 08:00:00
720,18,4,2025-10-26 09:00:00
265,27,5,2025-10-26 10:00:00
800,24,4,2025-10-26 11:00:00
783,29,3,2025-10-26 12:00:00
140,139,4,2025-10-26 13:00:00
481,496,3,2025-10-26 14:00:00
237,146,2,2025-10-26 15:00:00
974,123,2,2025-10-26 16:00:00
953,128,3,2025-10-26 17:00:00
904,368,1,2025-10-26 18:00:00
72,117,3,2025-10-26 19:00:00
667,132,5,2025-10-26 20:00:00
190,289,3,2025-10-26 21:00:00
268,206,2,2025-10-26 22:00:00
321,236,5,2025-10-26 23:00:00
107,42,4,2025-10-27 00:00:00
232,160,1,2025-10-27 01:00:00
42,252,1,2025-10-27 02:00:00
702,179,4,2025-10-27 03:00:00
883,125,4,2025-10-27 04:00:00
139,260,1,2025-10-27 05:00:00
615,276,3,2025-10-27 06:00:00
683,213,5,2025-10-27 07:00:00
863,451,4,2025-10-27 08:00:00
273,473,4,2025-10-27 09:00:00
481,324,3,2025-10-27 10:00:00
416,190,2,2025-10-27 11:00:00
506,58,4,2025-10-27 12:00:00
733,431,5,2025-10-27 13:00:00
725,203,1,2025-10-27 14:00:00
853,80,5,2025-10-27 15:00:00
424,443,3,2025-10-27 16:00:00
407,228,4,2025-10-27 17:00:00
568,390,1,2025-10-27 18:00:00
390,95,4,2025-10-27 19:00:00
342,424,4,2025-10-27 20:00:00
946,461,4,2025-10-27 21:00:00
614,407,4,2025-10-27 22:00:00
933,436,3,2025-10-27 23:00:00
493,4,5,2025-10-28 00:00:00
192,165,1,2025-10-28 01:00:00
499,426,4,2025-10-28 02:00:00
822,485,2,2025-10-28 03:00:00
712,300,4,2025-10-28 04:00:00
233,481,5,2025-10-28 05:00:00
945,381,2,2025-10-28 06:00:00
227,42,5,2025-10-28 07:00:00
371,285,5,2025-10-28 08:00:00
856,403,1,2025-10-28 10:00:00
817,243,5,2025-10-28 11:00:00
149,212,5,2025-10-28 12:00:00
115,416,2,2025-10-28 13:00:00
450,300,5,2025-10-28 14:00:00
63,55,5,2025-10-28 15:00:00
104,336,4,2025-10-28 16:00:00
851,389,5,2025-10-28 17:00:00
871,369,4,2025-10-28 18:00:00
668,430,4,2025-10-28 19:00:00
273,460,3,2025-10-28 20:00:00
6,173,2,2025-10-28 21:00:00
147,277,5,2025-10-28 22:00:00
184,334,1,2025-10-28 23:00:00
998,229,4,2025-10-29 00:00:00
28,406,5,2025-10-29 01:00:00
962,30,3,2025-10-29 02:00:00
550,23,3,2025-10-29 03:00:00
119,5,4,2025-10-29 04:00:00
293,63,3,2025-10-29 05:00:00
371,221,5,2025-10-29 06:00:00
244,315,3,2025-10-29 07:00:00
580,478,4,2025-10-29 08:00:00
726,82,3,2025-10-29 09:00:00
218,494,1,2025-10-29 10:00:00
177,242,2,2025-10-29 11:00:00
299,253,1,2025-10-29 12:00:00
58,321,4,2025-10-29 14:00:00
269,39,1,2025-10-29 15:00:00
308,465,2,2025-10-29 16:00:00
570,259,4,2025-10-29 17:00:00
288,426,5,2025-10-29 18:00:00
977,327,4,2025-10-29 19:00:00
105,411,2,2025-10-29 20:00:00
228,412,5,2025-10-29 21:00:00
247,492,5,2025-10-29 22:00:00
494,479,4,2025-10-30 00:00:00
83,271,4,2025-10-30 01:00:00
186,437,5,2025-10-30 02:00:00
252,496,4,2025-10-30 03:00:00
355,72,5,2025-10-30 04:00:00
750,70,2,2025-10-30 05:00:00
872,220,3,2025-10-30 06:00:00
696,4,5,2025-10-30 07:00:00
796,350,5,2025-10-30 08:00:00
897,491,5,2025-10-30 09:00:00
938,401,5,2025-10-30 10:00:00
210,290,5,2025-10-30 11:00:00
816,380,4,2025-10-30 12:00:00
808,390,4,2025-10-30 13:00:00
609,292,4,2025-10-30 14:00:00
447,355,4,2025-10-30 15:00:00
460,231,4,2025-10-30 16:00:00
968,423,4,2025-10-30 17:00:00
472,80,2,2025-10-30 18:00:00
720,66,2,2025-10-30 19:00:00
370,136,5,2025-10-30 20:00:00
900,399,1,2025-10-30 21:00:00
934,191,2,2025-10-30 22:00:00
492,347,4,2025-10-30 23:00:00
137,449,4,2025-10-31 01:00:00
367,59,2,2025-10-31 02:00:00
912,266,2,2025-10-31 03:00:00
184,7,5,2025-10-31 04:00:00
588,368,5,2025-10-31 05:00:00
287,202,2,2025-10-31 06:00:00
472,332,4,2025-10-31 07:00:00
375,465,4,2025-10-31 08:00:00
654,237,5,2025-10-31 09:00:00
749,268,4,2025-10-31 10:00:00
537,79,3,2025-10-31 11:00:00
511,46,4,2025-10-31 12:00:00
802,243,3,2025-10-31 13:00:00
579,288,3,2025-10-31 14:00:00
250,160,4,2025-10-31 15:00:00
920,115,5,2025-10-31 16:00:00
510,474,4,2025-10-31 17:00:00
630,462,3,2025-10-31 18:00:00
73,114,5,2025-10-31 19:00:00
282,126,5,2025-10-31 20:00:00
916,90,4,2025-10-31 21:00:00
960,61,3,2025-10-31 22:00:00
360,453,4,2025-10-31 23:00:00
10,500,1,2025-11-01 00:00:00
211,317,4,2025-11-01 01:00:00
835,102,5,2025-11-01 02:00:00
152,114,3,2025-11-01 03:00:00
5,174,2,2025-11-01 04:00:00
195,452,1,2025-11-01 05:00:00
954,92,4,2025-11-01 06:00:00
283,183,3,2025-11-01 07:00:00
464,385,4,2025-11-01 08:00:00
113,205,3,2025-11-01 09:00:00
271,363,2,2025-11-01 10:00:00
163,195,4,2025-11-01 11:00:00
460,305,4,2025-11-01 12:00:00
105,498,4,2025-11-01 13:00:00
693,25,3,2025-11-01 14:00:00
556,234,3,2025-11-01 15:00:00
282,16,5,2025-11-01 16:00:00
687,469,5,2025-11-01 17:00:00
162,141,5,2025-11-01 18:00:00
983,436,2,2025-11-01 19:00:00
351,108,3,2025-11-01 20:00:00
434,420,4,2025-11-01 21:00:00
852,456,5,2025-11-01 22:00:00
140,300,5,2025-11-01 23:00:00
471,339,5,2025-11-02 00:00:00
132,303,1,2025-11-02 01:00:00
87,380,5,2025-11-02 02:00:00
688,80,5,2025-11-02 03:00:00
368,276,4,2025-11-02 05:00:00
129,402,4,2025-11-02 06:00:00
246,438,3,2025-11-02 07:00:00
601,268,4,2025-11-02 08:00:00
578,112,5,2025-11-02 09:00:00
670,409,5,2025-11-02 10:00:00
899,316,5,2025-11-02 11:00:00
378,500,4,2025-11-02 12:00:00
149,75,4,2025-11-02 13:00:00
985,214,4,2025-11-02 14:00:00
852,500,4,2025-11-02 15:00:00
433,366,1,2025-11-02 16:00:00
628,34,5,2025-11-02 17:00:00
726,141,3,2025-11-02 18:00:00
469,494,1,2025-11-02 19:00:00
446,166,1,2025-11-02 20:00:00
481,396,5,2025-11-02 21:00:00
884,231,3,2025-11-02 22:00:00
294,292,4,2025-11-02 23:00:00
765,28,5,2025-11-03 00:00:00
143,475,4,2025-11-03 01:00:00
250,295,1,2025-11-03 02:00:00
878,333,4,2025-11-03 03:00:00
948,427,2,2025-11-03 04:00:00
975,360,2,2025-11-03 05:00:00
25,115,3,2025-11-03 07:00:00
789,159,4,2025-11-03 08:00:00
984,258,4,2025-11-03 09:00:00
889,373,3,2025-11-03 10:00:00
901,90,1,2025-11-03 12:00:00
70,245,3,2025-11-03 13:00:00
625,298,4,2025-11-03 14:00:00
875,31,3,2025-11-03 15:00:00
112,317,4,2025-11-03 16:00:00
364,358,1,2025-11-03 17:00:00
303,312,4,2025-11-03 18:00:00
471,470,5,2025-11-03 19:00:00
964,228,4,2025-11-03 20:00:00
91,339,5,2025-11-03 21:00:00
530,128,4,2025-11-03 22:00:00
661,270,5,2025-11-03 23:00:00
988,270,3,2025-11-04 00:00:00
739,498,5,2025-11-04 01:00:00
726,413,4,2025-11-04 02:00:00
872,209,5,2025-11-04 03:00:00
663,178,5,2025-11-04 04:00:00
192,306,4,2025-11-04 05:00:00
963,191,5,2025-11-04 06:00:00
552,357,4,2025-11-04 07:00:00
242,457,4,2025-11-04 08:00:00
138,449,4,2025-11-04 09:00:00
345,68,2,2025-11-04 10:00:00
180,327,4,2025-11-04 11:00:00
712,267,5,2025-11-04 12:00:00
203,362,5,2025-11-04 14:00:00
573,467,4,2025-11-04 15:00:00
192,360,3,2025-11-04 16:00:00
890,128,3,2025-11-04 18:00:00
237,264,1,2025-11-04 19:00:00
693,221,4,2025-11-04 20:00:00
311,242,5,2025-11-04 21:00:00
549,485,3,2025-11-04 22:00:00
56,244,2,2025-11-04 23:00:00
443,427,3,2025-11-05 00:00:00
237,393,3,2025-11-05 01:00:00
870,19,4,2025-11-05 02:00:00
861,396,3,2025-11-05 03:00:00
197,155,3,2025-11-05 04:00:00
585,229,5,2025-11-05 05:00:00
571,368,3,2025-11-05 06:00:00
752,58,5,2025-11-05 07:00:00
514,281,4,2025-11-05 08:00:00
449,45,3,2025-11-05 09:00:00
360,102,5,2025-11-05 10:00:00
700,48,4,2025-11-05 11:00:00
819,50,1,2025-11-05 12:00:00
30,81,1,2025-11-05 13:00:00
779,300,5,2025-11-05 14:00:00
988,59,4,2025-11-05 15:00:00
108,161,4,2025-11-05 16:00:00
844,103,2,2025-11-05 17:00:00
935,334,2,2025-11-05 18:00:00
602,412,5,2025-11-05 19:00:00
717,274,5,2025-11-05 20:00:00
891,183,4,2025-11-05 21:00:00
968,417,3,2025-11-05 22:00:00
959,116,5,2025-11-05 23:00:00
960,362,4,2025-11-06 00:00:00
445,399,5,2025-11-06 01:00:00
893,445,1,2025-11-06 02:00:00
438,267,4,2025-11-06 03:00:00
732,164,5,2025-11-06 04:00:00
890,143,3,2025-11-06 05:00:00
606,437,5,2025-11-06 06:00:00
457,318,4,2025-11-06 07:00:00
615,304,2,2025-11-06 08:00:00
735,94,5,2025-11-06 09:00:00
698,250,2,2025-11-06 10:00:00
981,399,5,2025-11-06 11:00:00
696,447,5,2025-11-06 12:00:00
495,497,5,2025-11-06 13:00:00
674,343,5,2025-11-06 14:00:00
543,306,4,2025-11-06 16:00:00
564,316,5,2025-11-06 17:00:00
857,240,1,2025-11-06 18:00:00
588,59,2,2025-11-06 19:00:00
897,15,4,2025-11-06 20:00:00
439,285,1,2025-11-06 21:00:00
278,203,5,2025-11-06 22:00:00
552,237,4,2025-11-06 23:00:00
613,466,3,2025-11-07 00:00:00
111,296,3,2025-11-07 01:00:00
385,287,5,2025-11-07 02:00:00
761,214,2,2025-11-07 04:00:00
191,11,5,2025-11-07 05:00:00
490,337,4,2025-11-07 06:00:00
694,225,4,2025-11-07 07:00:00
426,318,5,2025-11-07 08:00:00
405,203,3,2025-11-07 09:00:00
335,231,4,2025-11-07 10:00:00
22,51,2,2025-11-07 12:00:00
678,57,2,2025-11-07 13:00:00
611,132,2,2025-11-07 14:00:00
208,420,4,2025-11-07 15:00:00
8,403,2,2025-11-07 16:00:00
702,280,4,2025-11-07 17:00:00
687,297,4,2025-11-07 18:00:00
785,305,5,2025-11-07 19:00:00
529,466,4,2025-11-07 20:00:00
602,225,5,2025-11-07 21:00:00
653,174,1,2025-11-07 22:00:00
657,292,5,2025-11-07 23:00:00
166,266,1,2025-11-08 00:00:00
496,78,3,2025-11-08 02:00:00
590,135,4,2025-11-08 03:00:00
774,342,2,2025-11-08 05:00:00
163,253,5,2025-11-08 06:00:00
366,475,5,2025-11-08 07:00:00
526,176,2,2025-11-08 08:00:00
239,421,5,2025-11-08 09:00:00
72,459,2,2025-11-08 10:00:00
445,420,5,2025-11-08 11:00:00
655,60,5,2025-11-08 12:00:00
822,461,2,2025-11-08 13:00:00
509,352,4,2025-11-08 14:00:00
795,254,3,2025-11-08 15:00:00
269,8,3,2025-11-08 16:00:00
753,391,5,2025-11-08 17:00:00
415,107,4,2025-11-08 18:00:00
60,337,4,2025-11-08 21:00:00
6,342,4,2025-11-08 22:00:00
709,430,5,2025-11-08 23:00:00
982,290,1,2025-11-09 00:00:00
570,84,5,2025-11-09 01:00:00
817,117,4,2025-11-09 02:00:00
407,200,4,2025-11-09 03:00:00
217,22,3,2025-11-09 04:00:00
26,226,4,2025-11-09 06:00:00
815,405,4,2025-11-09 07:00:00
5,271,4,2025-11-09 08:00:00
986,389,3,2025-11-09 09:00:00
532,102,1,2025-11-09 10:00:00
390,145,5,2025-11-09 11:00:00
710,456,3,2025-11-09 12:00:00
571,147,5,2025-11-09 13:00:00
448,261,4,2025-11-09 14:00:00
388,14,4,2025-11-09 17:00:00
785,266,5,2025-11-09 18:00:00
249,287,5,2025-11-09 19:00:00
526,141,2,2025-11-09 20:00:00
462,383,5,2025-11-09 21:00:00
13,406,4,2025-11-09 22:00:00
903,293,5,2025-11-09 23:00:00
384,423,3,2025-11-10 00:00:00
556,394,1,2025-11-10 01:00:00
887,31,4,2025-11-10 02:00:00
399,171,3,2025-11-10 03:00:00
19,355,5,2025-11-10 04:00:00
575,205,2,2025-11-10 05:00:00
491,478,1,2025-11-10 06:00:00
751,482,1,2025-11-10 07:00:00
419,420,3,2025-11-10 08:00:00
337,291,4,2025-11-10 09:00:00
419,111,4,2025-11-10 10:00:00
915,68,3,2025-11-10 11:00:00
916,183,2,2025-11-10 12:00:00
612,373,3,2025-11-10 13:00:00
675,196,2,2025-11-10 14:00:00
928,126,5,2025-11-10 15:00:00
122,175,5,2025-11-10 16:00:00
432,262,5,2025-11-10 17:00:00
44,375,5,2025-11-10 18:00:00
872,412,5,2025-11-10 19:00:00
920,286,4,2025-11-10 20:00:00
317,155,4,2025-11-10 21:00:00
381,69,5,2025-11-10 22:00:00
145,108,4,2025-11-10 23:00:00
327,423,3,2025-11-11 00:00:00
363,35,4,2025-11-11 01:00:00
50,359,5,2025-11-11 02:00:00
65,44,5,2025-11-11 03:00:00
355,143,3,2025-11-11 04:00:00
800,211,5,2025-11-11 05:00:00
164,478,5,2025-11-11 06:00:00
141,486,3,2025-11-11 07:00:00
966,416,5,2025-11-11 08:00:00
826,488,5,2025-11-11 09:00:00
128,285,1,2025-11-11 10:00:00
398,447,4,2025-11-11 11:00:00
933,6,3,2025-11-11 12:00:00
880,218,4,2025-11-11 13:00:00
463,27,5,2025-11-11 14:00:00
751,227,4,2025-11-11 15:00:00
836,284,4,2025-11-11 16:00:00
808,389,5,2025-11-11 17:00:00
187,425,5,2025-11-11 18:00:00
720,56,1,2025-11-11 19:00:00
732,368,5,2025-11-11 20:00:00
912,310,2,2025-11-11 21:00:00
190,336,3,2025-11-11 22:00:00
388,105,5,2025-11-11 23:00:00
429,18,5,2025-11-12 00:00:00
858,205,5,2025-11-12 01:00:00
284,43,1,2025-11-12 02:00:00
864,89,2,2025-11-12 03:00:00
237,74,5,2025-11-12 04:00:00
194,157,2,2025-11-12 05:00:00
287,266,1,2025-11-12 06:00:00
771,134,5,2025-11-12 07:00:00
758,464,4,2025-11-12 08:00:00
136,89,3,2025-11-12 09:00:00
792,236,2,2025-11-12 10:00:00
783,132,5,2025-11-12 11:00:00
171,229,5,2025-11-12 12:00:00
159,34,1,2025-11-12 13:00:00
487,417,3,2025-11-12 15:00:00
557,132,5,2025-11-12 16:00:00
962,428,3,2025-11-12 17:00:00
776,354,5,2025-11-12 18:00:00
504,287,4,2025-11-12 20:00:00
876,336,5,2025-11-12 21:00:00
371,450,4,2025-11-12 22:00:00
103,497,5,2025-11-12 23:00:00
125,442,3,2025-11-13 00:00:00
313,316,2,2025-11-13 01:00:00
976,258,4,2025-11-13 02:00:00
798,454,4,2025-11-13 04:00:00
458,125,5,2025-11-13 05:00:00
658,151,5,2025-11-13 07:00:00
882,359,4,2025-11-13 08:00:00
197,247,3,2025-11-13 09:00:00
885,175,2,2025-11-13 10:00:00
733,372,5,2025-11-13 11:00:00
423,492,1,2025-11-13 12:00:00
572,357,2,2025-11-13 13:00:00
610,302,1,2025-11-13 14:00:00
171,80,4,2025-11-13 15:00:00
382,107,4,2025-11-13 16:00:00
173,300,1,2025-11-13 17:00:00
663,403,4,2025-11-13 18:00:00
453,305,3,2025-11-13 19:00:00
350,344,5,2025-11-13 20:00:00
902,58,5,2025-11-13 21:00:00
952,91,4,2025-11-13 22:00:00
634,135,4,2025-11-13 23:00:00
494,350,3,2025-11-14 00:00:00
620,169,5,2025-11-14 01:00:00
4,334,3,2025-11-14 02:00:00
93,122,3,2025-11-14 03:00:00
6,236,5,2025-11-14 05:00:00
288,399,5,2025-11-14 06:00:00
618,76,5,2025-11-14 07:00:00
146,309,5,2025-11-14 08:00:00
783,477,5,2025-11-14 09:00:00
424,23,3,2025-11-14 10:00:00
608,73,5,2025-11-14 12:00:00
457,88,3,2025-11-14 13:00:00
741,103,4,2025-11-14 14:00:00
202,94,1,2025-11-14 15:00:00
212,449,5,2025-11-14 16:00:00
6,316,4,2025-11-14 17:00:00
624,266,3,2025-11-14 18:00:00
376,253,3,2025-11-14 19:00:00
891,358,5,2025-11-14 20:00:00
447,58,4,2025-11-14 21:00:00
835,431,4,2025-11-14 22:00:00
106,399,4,2025-11-14 23:00:00
651,9,2,2025-11-15 00:00:00
811,13,1,2025-11-15 01:00:00
401,407,4,2025-11-15 02:00:00
96,417,4,2025-11-15 03:00:00
388,393,3,2025-11-15 04:00:00
959,131,4,2025-11-15 05:00:00
452,222,1,2025-11-15 06:00:00
849,329,5,2025-11-15 07:00:00
809,372,3,2025-11-15 08:00:00
979,153,1,2025-11-15 09:00:00
901,381,2,2025-11-15 10:00:00
416,367,2,2025-11-15 11:00:00
726,472,2,2025-11-15 12:00:00
504,480,4,2025-11-15 13:00:00
454,71,5,2025-11-15 14:00:00
291,420,3,2025-11-15 15:00:00
534,345,4,2025-11-15 16:00:00
193,20,5,2025-11-15 17:00:00
980,81,3,2025-11-15 18:00:00
150,438,5,2025-11-15 19:00:00
880,228,2,2025-11-15 20:00:00
759,346,2,2025-11-15 21:00:00
779,19,4,2025-11-15 22:00:00
973,444,3,2025-11-15 23:00:00
763,165,5,2025-11-16 00:00:00
515,368,1,2025-11-16 01:00:00
393,387,4,2025-11-16 02:00:00
316,107,4,2025-11-16 03:00:00
76,377,1,2025-11-16 04:00:00
599,348,5,2025-11-16 05:00:00
270,214,4,2025-11-16 06:00:00
225,239,5,2025-11-16 07:00:00
530,147,5,2025-11-16 08:00:00
113,181,3,2025-11-16 09:00:00
251,430,4,2025-11-16 10:00:00
233,336,3,2025-11-16 11:00:00
841,440,3,2025-11-16 12:00:00
791,198,1,2025-11-16 13:00:00
714,485,5,2025-11-16 14:00:00
83,287,4,2025-11-16 15:00:00
125,53,1,2025-11-16 16:00:00
175,369,1,2025-11-16 17:00:00
69,240,3,2025-11-16 18:00:00
47,290,1,2025-11-16 19:00:00
884,287,3,2025-11-16 20:00:00
256,188,1,2025-11-16 21:00:00
727,395,1,2025-11-16 22:00:00
30,484,4,2025-11-16 23:00:00
281,6,5,2025-11-17 00:00:00
924,283,4,2025-11-17 01:00:00
994,263,5,2025-11-17 02:00:00
237,49,1,2025-11-17 03:00:00
248,352,5,2025-11-17 04:00:00
368,200,1,2025-11-17 05:00:00
25,33,5,2025-11-17 07:00:00
586,303,5,2025-11-17 08:00:00
718,244,5,2025-11-17 09:00:00
490,172,4,2025-11-17 10:00:00
494,207,3,2025-11-17 11:00:00
314,375,4,2025-11-17 12:00:00
606,283,4,2025-11-17 13:00:00
375,478,1,2025-11-17 14:00:00
639,22,4,2025-11-17 15:00:00
937,47,4,2025-11-17 16:00:00
25,349,1,2025-11-17 17:00:00
334,489,4,2025-11-17 18:00:00
355,432,4,2025-11-17 19:00:00
116,158,2,2025-11-17 20:00:00
48,258,4,2025-11-17 21:00:00
738,143,5,2025-11-17 22:00:00
778,47,5,2025-11-17 23:00:00
99,27,4,2025-11-18 00:00:00
459,455,3,2025-11-18 01:00:00
523,27,2,2025-11-18 02:00:00
597,469,1,2025-11-18 03:00:00
405,397,3,2025-11-18 04:00:00
214,439,5,2025-11-18 05:00:00
903,75,5,2025-11-18 07:00:00
503,187,3,2025-11-18 08:00:00
721,10,2,2025-11-18 09:00:00
448,121,4,2025-11-18 10:00:00
894,289,4,2025-11-18 11:00:00
576,462,4,2025-11-18 12:00:00
258,165,4,2025-11-18 13:00:00
844,382,5,2025-11-18 14:00:00
121,264,5,2025-11-18 15:00:00
810,161,4,2025-11-18 16:00:00
54,418,1,2025-11-18 18:00:00
331,327,4,2025-11-18 19:00:00
784,391,3,2025-11-18 20:00:00
241,297,3,2025-11-18 21:00:00
755,118,2,2025-11-18 22:00:00
530,484,2,2025-11-18 23:00:00
483,311,5,2025-11-19 00:00:00
187,263,4,2025-11-19 01:00:00
858,84,5,2025-11-19 02:00:00
656,146,2,2025-11-19 03:00:00
262,493,3,2025-11-19 04:00:00
953,171,4,2025-11-19 05:00:00
364,489,3,2025-11-19 06:00:00
491,334,4,2025-11-19 07:00:00
431,424,4,2025-11-19 08:00:00
239,309,5,2025-11-19 09:00:00
304,14,4,2025-11-19 10:00:00
298,149,4,2025-11-19 11:00:00
76,369,3,2025-11-19 12:00:00
700,251,5,2025-11-19 13:00:00
333,57,4,2025-11-19 14:00:00
900,347,3,2025-11-19 15:00:00
999,302,3,2025-11-19 16:00:00
758,410,4,2025-11-19 17:00:00
642,347,5,2025-11-19 18:00:00
474,408,2,2025-11-19 19:00:00
827,133,5,2025-11-19 20:00:00
923,170,4,2025-11-19 21:00:00
283,102,4,2025-11-19 22:00:00
591,476,5,2025-11-19 23:00:00
72,106,4,2025-11-20 00:00:00
263,171,5,2025-11-20 01:00:00
703,128,4,2025-11-20 02:00:00
879,250,3,2025-11-20 03:00:00
887,32,4,2025-11-20 04:00:00
942,216,5,2025-11-20 05:00:00
575,262,5,2025-11-20 06:00:00
1000,330,2,2025-11-20 07:00:00
892,494,3,2025-11-20 08:00:00
12,244,4,2025-11-20 09:00:00
141,451,4,2025-11-20 10:00:00
766,391,2,2025-11-20 11:00:00
555,285,3,2025-11-20 12:00:00
17,290,5,2025-11-20 13:00:00
63,263,5,2025-11-20 14:00:00
253,337,5,2025-11-20 15:00:00
465,333,5,2025-11-20 16:00:00
804,85,5,2025-11-20 18:00:00
981,415,4,2025-11-20 19:00:00
520,329,5,2025-11-20 20:00:00
837,45,3,2025-11-20 21:00:00
90,303,3,2025-11-20 22:00:00
720,333,5,2025-11-20 23:00:00
804,465,5,2025-11-21 00:00:00
796,200,5,2025-11-21 01:00:00
630,201,5,2025-11-21 02:00:00
861,329,3,2025-11-21 03:00:00
175,168,5,2025-11-21 04:00:00
76,240,5,2025-11-21 05:00:00
613,372,5,2025-11-21 06:00:00
926,286,4,2025-11-21 07:00:00
663,190,1,2025-11-21 08:00:00
400,71,4,2025-11-21 09:00:00
782,145,4,2025-11-21 10:00:00
970,359,5,2025-11-21 11:00:00
71,486,4,2025-11-21 12:00:00
180,389,4,2025-11-21 13:00:00
124,209,5,2025-11-21 14:00:00
381,360,2,2025-11-21 15:00:00
293,378,3,2025-11-21 16:00:00
797,385,4,2025-11-21 17:00:00
195,208,3,2025-11-21 18:00:00
911,465,3,2025-11-21 19:00:00
228,222,5,2025-11-21 20:00:00
431,287,4,2025-11-21 21:00:00
942,163,2,2025-11-21 22:00:00
436,365,3,2025-11-21 23:00:00
787,72,1,2025-11-22 00:00:00
461,240,4,2025-11-22 01:00:00
618,414,2,2025-11-22 02:00:00
21,127,5,2025-11-22 03:00:00
64,487,4,2025-11-22 04:00:00
165,85,1,2025-11-22 05:00:00
27,15,3,2025-11-22 06:00:00
311,248,4,2025-11-22 07:00:00
285,482,3,2025-11-22 08:00:00
660,312,4,2025-11-22 09:00:00
281,444,5,2025-11-22 10:00:00
838,283,3,2025-11-22 11:00:00
831,2,3,2025-11-22 12:00:00
164,74,5,2025-11-22 13:00:00
898,64,3,2025-11-22 14:00:00
918,261,1,2025-11-22 15:00:00
224,347,2,2025-11-22 16:00:00
784,324,5,2025-11-22 17:00:00
146,239,5,2025-11-22 18:00:00
965,397,3,2025-11-22 19:00:00
950,337,4,2025-11-22 20:00:00
868,341,2,2025-11-22 21:00:00
30,279,4,2025-11-22 22:00:00
45,353,2,2025-11-22 23:00:00
787,434,1,2025-11-23 00:00:00
471,380,5,2025-11-23 01:00:00
34,463,3,2025-11-23 02:00:00
653,462,2,2025-11-23 03:00:00
427,201,5,2025-11-23 04:00:00
830,492,5,2025-11-23 05:00:00
886,293,4,2025-11-23 06:00:00
221,286,5,2025-11-23 07:00:00
868,221,4,2025-11-23 08:00:00
534,407,2,2025-11-23 09:00:00
692,162,1,2025-11-23 10:00:00
948,448,3,2025-11-23 11:00:00
367,183,2,2025-11-23 12:00:00
841,373,1,2025-11-23 14:00:00
743,265,4,2025-11-23 15:00:00
915,498,2,2025-11-23 16:00:00
550,132,3,2025-11-23 17:00:00
582,322,4,2025-11-23 18:00:00
116,120,3,2025-11-23 19:00:00
239,380,3,2025-11-23 20:00:00
335,219,5,2025-11-23 21:00:00
441,417,5,2025-11-23 22:00:00
148,160,4,2025-11-23 23:00:00
9,300,4,2025-11-24 00:00:00
288,109,4,2025-11-24 01:00:00
388,238,1,2025-11-24 02:00:00
50,293,2,2025-11-24 03:00:00
850,475,4,2025-11-24 04:00:00
517,476,3,2025-11-24 05:00:00
916,67,1,2025-11-24 06:00:00
855,316,3,2025-11-24 07:00:00
638,187,2,2025-11-24 08:00:00
677,49,3,2025-11-24 10:00:00
278,256,2,2025-11-24 11:00:00
954,435,4,2025-11-24 12:00:00
836,107,4,2025-11-24 13:00:00
989,8,4,2025-11-24 14:00:00
300,236,4,2025-11-24 15:00:00
802,178,4,2025-11-24 16:00:00
589,242,5,2025-11-24 17:00:00
810,41,3,2025-11-24 18:00:00
649,357,3,2025-11-24 19:00:00
618,245,5,2025-11-24 20:00:00
607,113,2,2025-11-24 21:00:00
135,365,3,2025-11-24 22:00:00
580,256,2,2025-11-24 23:00:00
147,166,1,2025-11-25 00:00:00
490,342,3,2025-11-25 01:00:00
478,78,1,2025-11-25 02:00:00
159,207,2,2025-11-25 03:00:00
384,311,3,2025-11-25 04:00:00
163,366,1,2025-11-25 05:00:00
441,196,5,2025-11-25 06:00:00
853,402,5,2025-11-25 07:00:00
189,321,4,2025-11-25 08:00:00
415,64,5,2025-11-25 09:00:00
339,140,4,2025-11-25 10:00:00
607,374,5,2025-11-25 11:00:00
181,425,2,2025-11-25 12:00:00
288,42,5,2025-11-25 13:00:00
834,373,5,2025-11-25 14:00:00
187,444,3,2025-11-25 15:00:00
884,306,4,2025-11-25 16:00:00
138,209,5,2025-11-25 17:00:00
130,467,3,2025-11-25 18:00:00
194,420,4,2025-11-25 19:00:00
316,304,2,2025-11-25 20:00:00
984,455,2,2025-11-25 21:00:00
785,73,1,2025-11-25 22:00:00
864,392,4,2025-11-25 23:00:00
144,153,4,2025-11-26 00:00:00
16,135,5,2025-11-26 01:00:00
302,362,4,2025-11-26 02:00:00
423,264,3,2025-11-26 03:00:00
245,216,1,2025-11-26 04:00:00
927,209,5,2025-11-26 05:00:00
107,204,4,2025-11-26 06:00:00
88,110,5,2025-11-26 07:00:00
129,31,1,2025-11-26 08:00:00
907,12,4,2025-11-26 09:00:00
887,127,3,2025-11-26 10:00:00
341,313,1,2025-11-26 11:00:00
4,194,5,2025-11-26 12:00:00
327,140,4,2025-11-26 13:00:00
410,27,3,2025-11-26 14:00:00
879,46,5,2025-11-26 15:00:00
306,135,4,2025-11-26 16:00:00
908,317,1,2025-11-26 17:00:00
607,442,5,2025-11-26 18:00:00
721,58,3,2025-11-26 19:00:00
225,13,5,2025-11-26 20:00:00
971,437,5,2025-11-26 21:00:00
992,449,4,2025-11-26 23:00:00
321,49,1,2025-11-27 00:00:00
559,291,3,2025-11-27 01:00:00
988,94,5,2025-11-27 02:00:00
181,95,3,2025-11-27 03:00:00
618,145,2,2025-11-27 04:00:00
711,72,4,2025-11-27 05:00:00
386,451,4,2025-11-27 06:00:00
618,379,4,2025-11-27 07:00:00
792,10,5,2025-11-27 08:00:00
772,162,4,2025-11-27 09:00:00
108,214,5,2025-11-27 10:00:00
531,4,3,2025-11-27 11:00:00
410,224,4,2025-11-27 12:00:00
971,381,3,2025-11-27 13:00:00
296,29,5,2025-11-27 14:00:00
818,302,4,2025-11-27 15:00:00
171,203,5,2025-11-27 16:00:00
331,430,5,2025-11-27 17:00:00
493,77,5,2025-11-27 18:00:00
195,59,4,2025-11-27 19:00:00
12,445,4,2025-11-27 20:00:00
195,196,4,2025-11-27 21:00:00
490,322,3,2025-11-27 22:00:00
795,418,5,2025-11-27 23:00:00
881,107,5,2025-11-28 00:00:00
182,342,5,2025-11-28 01:00:00
962,389,4,2025-11-28 02:00:00
817,9,1,2025-11-28 03:00:00
656,20,4,2025-11-28 04:00:00
898,149,3,2025-11-28 05:00:00
316,383,5,2025-11-28 06:00:00
694,17,5,2025-11-28 07:00:00
30,12,2,2025-11-28 08:00:00
596,476,4,2025-11-28 09:00:00
678,82,4,2025-11-28 10:00:00
796,67,4,2025-11-28 11:00:00
793,133,4,2025-11-28 12:00:00
96,444,3,2025-11-28 13:00:00
381,53,3,2025-11-28 14:00:00
778,436,5,2025-11-28 15:00:00
444,206,1,2025-11-28 16:00:00
298,432,5,2025-11-28 17:00:00
808,474,4,2025-11-28 18:00:00
737,403,5,2025-11-28 19:00:00
845,233,5,2025-11-28 20:00:00
361,401,4,2025-11-28 21:00:00
374,54,4,2025-11-28 22:00:00
554,487,4,2025-11-28 23:00:00
303,490,3,2025-11-29 00:00:00
421,68,2,2025-11-29 01:00:00
246,490,4,2025-11-29 02:00:00
720,291,5,2025-11-29 03:00:00
237,344,3,2025-11-29 04:00:00
185,397,4,2025-11-29 06:00:00
468,161,5,2025-11-29 07:00:00
754,15,2,2025-11-29 08:00:00
363,191,3,2025-11-29 09:00:00
283,15,5,2025-11-29 10:00:00
553,287,1,2025-11-29 11:00:00
336,363,4,2025-11-29 12:00:00
162,412,4,2025-11-29 13:00:00
160,10,3,2025-11-29 14:00:00
474,57,4,2025-11-29 15:00:00
601,199,5,2025-11-29 16:00:00
322,161,2,2025-11-29 17:00:00
12,263,3,2025-11-29 18:00:00
424,389,4,2025-11-29 19:00:00
73,474,4,2025-11-29 20:00:00
588,381,4,2025-11-29 21:00:00
858,253,5,2025-11-29 22:00:00
522,80,3,2025-11-30 00:00:00
864,124,3,2025-11-30 01:00:00
505,313,2,2025-11-30 02:00:00
738,72,5,2025-11-30 03:00:00
688,470,3,2025-11-30 04:00:00
788,482,4,2025-11-30 05:00:00
39,168,5,2025-11-30 06:00:00
60,284,4,2025-11-30 07:00:00
578,494,2,2025-11-30 08:00:00
321,36,4,2025-11-30 09:00:00
435,312,4,2025-11-30 10:00:00
636,175,5,2025-11-30 11:00:00
676,199,4,2025-11-30 12:00:00
408,116,2,2025-11-30 13:00:00
923,424,3,2025-11-30 14:00:00
386,315,5,2025-11-30 15:00:00
671,427,5,2025-11-30 16:00:00
569,220,1,2025-11-30 17:00:00
78,379,1,2025-11-30 18:00:00
194,66,4,2025-11-30 19:00:00
285,265,4,2025-11-30 20:00:00
527,134,2,2025-11-30 21:00:00
524,119,4,2025-11-30 22:00:00
613,122,5,2025-11-30 23:00:00
156,321,4,2025-12-01 00:00:00
340,387,4,2025-12-01 01:00:00
125,458,5,2025-12-01 02:00:00
871,421,3,2025-12-01 03:00:00
280,383,4,2025-12-01 04:00:00
917,492,4,2025-12-01 05:00:00
906,87,4,2025-12-01 06:00:00
622,289,5,2025-12-01 07:00:00
846,137,3,2025-12-01 08:00:00
869,53,1,2025-12-01 09:00:00
658,205,5,2025-12-01 10:00:00
728,348,3,2025-12-01 11:00:00
910,51,3,2025-12-01 12:00:00
674,327,4,2025-12-01 13:00:00
128,410,5,2025-12-01 14:00:00
314,400,4,2025-12-01 15:00:00
332,40,4,2025-12-01 16:00:00
454,218,5,2025-12-01 18:00:00
36,179,5,2025-12-01 19:00:00
685,39,2,2025-12-01 20:00:00
420,183,5,2025-12-01 21:00:00
22,224,5,2025-12-01 22:00:00
206,164,4,2025-12-01 23:00:00
639,234,4,2025-12-02 00:00:00
848,377,4,2025-12-02 01:00:00
957,193,4,2025-12-02 02:00:00
356,497,5,2025-12-02 03:00:00
440,85,2,2025-12-02 04:00:00
729,461,3,2025-12-02 05:00:00
96,243,2,2025-12-02 06:00:00
929,474,5,2025-12-02 07:00:00
941,173,4,2025-12-02 08:00:00
164,393,4,2025-12-02 09:00:00
148,37,5,2025-12-02 10:00:00
530,87,5,2025-12-02 11:00:00
294,129,5,2025-12-02 12:00:00
195,194,1,2025-12-02 13:00:00
480,43,5,2025-12-02 15:00:00
877,412,3,2025-12-02 16:00:00
123,356,3,2025-12-02 17:00:00
400,159,4,2025-12-02 18:00:00
699,105,5,2025-12-02 19:00:00
965,453,4,2025-12-02 20:00:00
452,229,4,2025-12-02 21:00:00
661,217,4,2025-12-02 22:00:00
104,264,3,2025-12-02 23:00:00
755,418,5,2025-12-03 00:00:00
462,487,3,2025-12-03 01:00:00
743,49,4,2025-12-03 02:00:00
991,352,2,2025-12-03 03:00:00
710,123,5,2025-12-03 05:00:00
396,459,5,2025-12-03 06:00:00
912,303,3,2025-12-03 07:00:00
337,25,2,2025-12-03 08:00:00
599,131,3,2025-12-03 09:00:00
142,429,3,2025-12-03 10:00:00
317,370,4,2025-12-03 11:00:00
711,436,4,2025-12-03 12:00:00
558,224,5,2025-12-03 13:00:00
800,500,5,2025-12-03 14:00:00
527,99,3,2025-12-03 15:00:00
556,352,5,2025-12-03 16:00:00
401,290,5,2025-12-03 17:00:00
681,485,4,2025-12-03 18:00:00
310,500,5,2025-12-03 19:00:00
495,197,5,2025-12-03 20:00:00
556,109,4,2025-12-03 21:00:00
610,348,5,2025-12-03 22:00:00
773,220,4,2025-12-03 23:00:00
109,264,4,2025-12-04 00:00:00
795,411,3,2025-12-04 01:00:00
372,208,5,2025-12-04 02:00:00
855,319,2,2025-12-04 03:00:00
616,82,4,2025-12-04 04:00:00
768,25,4,2025-12-04 05:00:00
891,186,4,2025-12-04 06:00:00
206,432,4,2025-12-04 07:00:00
847,385,4,2025-12-04 08:00:00
43,8,3,2025-12-04 09:00:00
865,124,5,2025-12-04 10:00:00
245,149,4,2025-12-04 11:00:00
287,98,5,2025-12-04 12:00:00
355,216,3,2025-12-04 13:00:00
785,101,4,2025-12-04 14:00:00
476,218,5,2025-12-04 15:00:00
83,367,3,2025-12-04 16:00:00
950,413,1,2025-12-04 18:00:00
190,414,4,2025-12-04 19:00:00
983,259,4,2025-12-04 20:00:00
800,391,4,2025-12-04 21:00:00
936,356,4,2025-12-04 22:00:00
909,11,2,2025-12-04 23:00:00
251,416,4,2025-12-05 00:00:00
724,59,3,2025-12-05 01:00:00
291,250,4,2025-12-05 02:00:00
645,140,3,2025-12-05 03:00:00
201,335,4,2025-12-05 04:00:00
797,38,4,2025-12-05 05:00:00
326,122,5,2025-12-05 06:00:00
511,408,4,2025-12-05 07:00:00
409,65,3,2025-12-05 08:00:00
607,146,4,2025-12-05 09:00:00
790,302,4,2025-12-05 10:00:00
962,125,3,2025-12-05 11:00:00
941,312,4,2025-12-05 12:00:00
837,191,4,2025-12-05 13:00:00
508,263,3,2025-12-05 14:00:00
731,490,3,2025-12-05 15:00:00
601,361,2,2025-12-05 16:00:00
641,182,4,2025-12-05 19:00:00
724,159,2,2025-12-05 20:00:00
940,353,3,2025-12-05 21:00:00
855,308,3,2025-12-05 22:00:00
608,478,4,2025-12-05 23:00:00
587,287,5,2025-12-06 00:00:00
566,263,4,2025-12-06 02:00:00
344,217,4,2025-12-06 03:00:00
971,400,1,2025-12-06 04:00:00
925,406,2,2025-12-06 05:00:00
54,484,2,2025-12-06 06:00:00
730,181,2,2025-12-06 07:00:00
528,91,3,2025-12-06 08:00:00
611,17,4,2025-12-06 09:00:00
532,125,2,2025-12-06 10:00:00
558,260,5,2025-12-06 11:00:00
963,445,5,2025-12-06 12:00:00
193,378,5,2025-12-06 13:00:00
895,355,1,2025-12-06 14:00:00
58,489,5,2025-12-06 15:00:00
437,214,5,2025-12-06 16:00:00
111,239,5,2025-12-06 17:00:00
849,419,5,2025-12-06 19:00:00
706,172,1,2025-12-06 20:00:00
925,143,1,2025-12-06 21:00:00
852,317,2,2025-12-06 22:00:00
326,244,5,2025-12-06 23:00:00
8,232,1,2025-12-07 00:00:00
29,172,2,2025-12-07 01:00:00
112,277,5,2025-12-07 02:00:00
947,77,2,2025-12-07 03:00:00
673,303,5,2025-12-07 04:00:00
131,331,5,2025-12-07 05:00:00
188,49,1,2025-12-07 06:00:00
675,437,1,2025-12-07 07:00:00
709,248,4,2025-12-07 08:00:00
475,283,5,2025-12-07 09:00:00
364,287,5,2025-12-07 10:00:00
204,428,3,2025-12-07 11:00:00
621,500,3,2025-12-07 13:00:00
276,158,5,2025-12-07 14:00:00
73,18,3,2025-12-07 15:00:00
679,381,2,2025-12-07 16:00:00
772,63,5,2025-12-07 17:00:00
243,128,4,2025-12-07 18:00:00
787,16,1,2025-12-07 19:00:00
102,163,5,2025-12-07 20:00:00
987,446,4,2025-12-07 21:00:00
685,251,4,2025-12-07 22:00:00
171,137,4,2025-12-07 23:00:00
653,318,4,2025-12-08 00:00:00
909,295,4,2025-12-08 01:00:00
188,179,5,2025-12-08 02:00:00
441,229,4,2025-12-08 03:00:00
86,371,4,2025-12-08 04:00:00
476,394,4,2025-12-08 05:00:00
52,180,4,2025-12-08 06:00:00
111,396,2,2025-12-08 07:00:00
949,72,3,2025-12-08 08:00:00
877,318,4,2025-12-08 09:00:00
854,387,4,2025-12-08 10:00:00
43,83,4,2025-12-08 11:00:00
211,379,5,2025-12-08 12:00:00
968,395,1,2025-12-08 13:00:00
200,136,4,2025-12-08 14:00:00
810,218,4,2025-12-08 15:00:00
858,109,3,2025-12-08 16:00:00
752,378,3,2025-12-08 17:00:00
627,407,2,2025-12-08 18:00:00
26,119,3,2025-12-08 19:00:00
919,394,3,2025-12-08 20:00:00
299,18,4,2025-12-08 21:00:00
77,332,4,2025-12-08 22:00:00
137,154,5,2025-12-09 00:00:00
20,11,4,2025-12-09 01:00:00
440,138,2,2025-12-09 02:00:00
211,387,3,2025-12-09 03:00:00
752,62,1,2025-12-09 04:00:00
551,71,5,2025-12-09 05:00:00
435,61,5,2025-12-09 06:00:00
780,132,2,2025-12-09 07:00:00
207,61,4,2025-12-09 08:00:00
991,488,5,2025-12-09 09:00:00
439,392,5,2025-12-09 10:00:00
974,358,4,2025-12-09 11:00:00
779,269,3,2025-12-09 12:00:00
666,12,3,2025-12-09 13:00:00
42,35,5,2025-12-09 14:00:00
411,486,5,2025-12-09 15:00:00
523,438,4,2025-12-09 16:00:00
806,51,2,2025-12-09 17:00:00
610,43,5,2025-12-09 18:00:00
427,228,5,2025-12-09 19:00:00
275,111,2,2025-12-09 20:00:00
448,322,1,2025-12-09 21:00:00
902,15,4,2025-12-09 22:00:00
942,177,3,2025-12-09 23:00:00
884,162,3,2025-12-10 00:00:00
742,39,2,2025-12-10 01:00:00
369,26,5,2025-12-10 02:00:00
938,112,5,2025-12-10 03:00:00
577,432,5,2025-12-10 05:00:00
867,473,4,2025-12-10 06:00:00
232,51,3,2025-12-10 07:00:00
443,367,4,2025-12-10 09:00:00
52,388,5,2025-12-10 10:00:00
886,98,4,2025-12-10 11:00:00
943,411,4,2025-12-10 12:00:00
376,375,3,2025-12-10 13:00:00
263,170,3,2025-12-10 14:00:00
267,56,4,2025-12-10 15:00:00
359,221,5,2025-12-10 16:00:00
317,325,4,2025-12-10 17:00:00
324,146,2,2025-12-10 18:00:00
921,445,1,2025-12-10 19:00:00
908,260,5,2025-12-10 20:00:00
870,50,3,2025-12-10 22:00:00
878,340,5,2025-12-10 23:00:00
652,326,5,2025-12-11 00:00:00
939,404,5,2025-12-11 01:00:00
629,174,3,2025-12-11 03:00:00
421,283,5,2025-12-11 04:00:00
46,26,5,2025-12-11 05:00:00
821,160,5,2025-12-11 06:00:00
600,10,4,2025-12-11 07:00:00
720,82,5,2025-12-11 08:00:00
889,256,1,2025-12-11 09:00:00
269,105,3,2025-12-11 10:00:00
601,140,3,2025-12-11 11:00:00
381,202,5,2025-12-11 12:00:00
566,24,3,2025-12-11 14:00:00
953,373,5,2025-12-11 15:00:00
116,435,3,2025-12-11 16:00:00
630,422,3,2025-12-11 17:00:00
260,46,5,2025-12-11 18:00:00
75,217,5,2025-12-11 19:00:00
480,392,4,2025-12-11 20:00:00
305,55,5,2025-12-11 21:00:00
7,78,3,2025-12-11 22:00:00
366,491,5,2025-12-11 23:00:00
634,159,5,2025-12-12 00:00:00
523,344,3,2025-12-12 01:00:00
348,272,5,2025-12-12 02:00:00
438,148,2,2025-12-12 03:00:00
215,38,2,2025-12-12 04:00:00
429,111,5,2025-12-12 05:00:00
791,15,2,2025-12-12 06:00:00
498,78,1,2025-12-12 07:00:00
540,76,3,2025-12-12 08:00:00
747,418,2,2025-12-12 09:00:00
367,328,5,2025-12-12 10:00:00
313,275,5,2025-12-12 11:00:00
538,494,4,2025-12-12 12:00:00
54,376,4,2025-12-12 14:00:00
541,219,3,2025-12-12 15:00:00
467,63,3,2025-12-12 16:00:00
865,361,2,2025-12-12 17:00:00
164,461,4,2025-12-12 18:00:00
782,32,4,2025-12-12 19:00:00
334,479,5,2025-12-12 20:00:00
547,233,5,2025-12-12 21:00:00
798,110,5,2025-12-12 22:00:00
348,165,3,2025-12-12 23:00:00
273,194,5,2025-12-13 00:00:00
963,7,5,2025-12-13 01:00:00
720,432,5,2025-12-13 02:00:00
750,139,1,2025-12-13 03:00:00
414,459,4,2025-12-13 04:00:00
500,343,4,2025-12-13 05:00:00
93,287,3,2025-12-13 06:00:00
685,428,5,2025-12-13 07:00:00
79,301,3,2025-12-13 08:00:00
622,456,3,2025-12-13 09:00:00
217,56,4,2025-12-13 10:00:00
947,160,3,2025-12-13 11:00:00
358,496,5,2025-12-13 12:00:00
618,149,4,2025-12-13 13:00:00
507,287,4,2025-12-13 14:00:00
559,257,4,2025-12-13 15:00:00
181,461,2,2025-12-13 16:00:00
246,349,5,2025-12-13 18:00:00
244,324,4,2025-12-13 19:00:00
506,292,5,2025-12-13 20:00:00
422,335,4,2025-12-13 21:00:00
320,187,4,2025-12-13 22:00:00
87,323,5,2025-12-13 23:00:00
217,184,4,2025-12-14 00:00:00
278,469,5,2025-12-14 03:00:00
849,386,5,2025-12-14 04:00:00
722,262,4,2025-12-14 05:00:00
169,415,3,2025-12-14 06:00:00
330,310,4,2025-12-14 07:00:00
650,344,5,2025-12-14 08:00:00
441,424,1,2025-12-14 09:00:00
391,145,5,2025-12-14 10:00:00
496,261,5,2025-12-14 11:00:00
381,2,4,2025-12-14 12:00:00
306,314,2,2025-12-14 13:00:00
742,12,4,2025-12-14 14:00:00
987,261,2,2025-12-14 15:00:00
673,444,2,2025-12-14 17:00:00
513,169,4,2025-12-14 18:00:00
748,148,3,2025-12-14 19:00:00
949,200,5,2025-12-14 20:00:00
188,385,5,2025-12-14 21:00:00
930,312,5,2025-12-14 22:00:00
516,70,3,2025-12-14 23:00:00
913,312,1,2025-12-15 00:00:00
644,54,4,2025-12-15 01:00:00
427,395,2,2025-12-15 02:00:00
502,259,2,2025-12-15 03:00:00
730,351,4,2025-12-15 04:00:00
260,28,4,2025-12-15 05:00:00
513,367,1,2025-12-15 06:00:00
71,363,4,2025-12-15 07:00:00
478,120,4,2025-12-15 08:00:00
178,133,3,2025-12-15 09:00:00
457,380,5,2025-12-15 10:00:00
189,90,2,2025-12-15 11:00:00
291,16,3,2025-12-15 12:00:00
520,287,2,2025-12-15 13:00:00
765,284,2,2025-12-15 14:00:00
920,391,5,2025-12-15 15:00:00
979,230,3,2025-12-15 16:00:00
292,137,5,2025-12-15 17:00:00
946,295,4,2025-12-15 18:00:00
756,227,4,2025-12-15 19:00:00
635,427,5,2025-12-15 20:00:00
811,27,5,2025-12-15 21:00:00
283,332,1,2025-12-15 22:00:00
544,117,5,2025-12-15 23:00:00
846,89,4,2025-12-16 00:00:00
377,107,3,2025-12-16 01:00:00
658,221,4,2025-12-16 02:00:00
156,223,5,2025-12-16 03:00:00
508,122,2,2025-12-16 04:00:00
413,382,5,2025-12-16 05:00:00
528,354,3,2025-12-16 06:00:00
355,33,3,2025-12-16 07:00:00
559,91,5,2025-12-16 08:00:00
763,184,4,2025-12-16 09:00:00
187,376,1,2025-12-16 10:00:00
31,258,4,2025-12-16 11:00:00
260,398,5,2025-12-16 12:00:00
421,13,4,2025-12-16 13:00:00
529,24,2,2025-12-16 14:00:00
551,325,4,2025-12-16 15:00:00
304,34,5,2025-12-16 16:00:00
942,247,4,2025-12-16 17:00:00
986,343,5,2025-12-16 18:00:00
944,19,5,2025-12-16 19:00:00
489,49,4,2025-12-16 21:00:00
644,427,3,2025-12-16 22:00:00
542,400,2,2025-12-16 23:00:00
670,180,3,2025-12-17 00:00:00
278,370,5,2025-12-17 01:00:00
203,372,2,2025-12-17 02:00:00
66,488,3,2025-12-17 03:00:00
108,226,3,2025-12-17 04:00:00
268,433,1,2025-12-17 05:00:00
222,395,4,2025-12-17 06:00:00
804,78,5,2025-12-17 07:00:00
530,496,1,2025-12-17 08:00:00
90,431,2,2025-12-17 09:00:00
693,207,5,2025-12-17 10:00:00
255,35,4,2025-12-17 11:00:00
455,250,5,2025-12-17 12:00:00
253,71,3,2025-12-17 13:00:00
383,364,4,2025-12-17 15:00:00
442,310,4,2025-12-17 16:00:00
858,470,2,2025-12-17 17:00:00
599,279,3,2025-12-17 18:00:00
90,152,5,2025-12-17 19:00:00
749,227,3,2025-12-17 20:00:00
390,243,2,2025-12-17 21:00:00
44,317,4,2025-12-17 23:00:00
712,392,4,2025-12-18 00:00:00
664,48,4,2025-12-18 01:00:00
598,112,4,2025-12-18 02:00:00
19,204,4,2025-12-18 03:00:00
101,477,5,2025-12-18 04:00:00
914,382,4,2025-12-18 05:00:00
766,343,3,2025-12-18 07:00:00
357,26,5,2025-12-18 08:00:00
542,421,1,2025-12-18 09:00:00
761,480,4,2025-12-18 10:00:00
938,308,3,2025-12-18 11:00:00
33,166,4,2025-12-18 12:00:00
970,249,3,2025-12-18 13:00:00
229,262,5,2025-12-18 14:00:00
524,264,1,2025-12-18 15:00:00
630,17,4,2025-12-18 16:00:00
862,76,5,2025-12-18 17:00:00
155,446,3,2025-12-18 18:00:00
423,470,1,2025-12-18 19:00:00
905,254,4,2025-12-18 20:00:00
246,206,5,2025-12-18 21:00:00
405,34,1,2025-12-18 22:00:00
844,147,1,2025-12-18 23:00:00
759,326,4,2025-12-19 00:00:00
541,338,3,2025-12-19 01:00:00
161,228,4,2025-12-19 02:00:00
747,118,5,2025-12-19 03:00:00
702,165,2,2025-12-19 04:00:00
117,38,5,2025-12-19 05:00:00
271,399,4,2025-12-19 06:00:00
770,358,5,2025-12-19 07:00:00
692,296,5,2025-12-19 08:00:00
487,137,4,2025-12-19 09:00:00
885,309,4,2025-12-19 10:00:00
172,246,5,2025-12-19 11:00:00
950,198,3,2025-12-19 12:00:00
274,374,3,2025-12-19 13:00:00
259,66,5,2025-12-19 14:00:00
135,80,4,2025-12-19 15:00:00
683,52,1,2025-12-19 16:00:00
722,129,5,2025-12-19 17:00:00
748,414,4,2025-12-19 18:00:00
422,380,2,2025-12-19 19:00:00
421,368,1,2025-12-19 20:00:00
186,481,3,2025-12-19 21:00:00
929,1,5,2025-12-19 22:00:00
364,167,5,2025-12-19 23:00:00
955,16,3,2025-12-20 00:00:00
607,145,5,2025-12-20 01:00:00
523,368,4,2025-12-20 03:00:00
580,102,3,2025-12-20 04:00:00
722,406,3,2025-12-20 06:00:00
196,470,1,2025-12-20 07:00:00
881,99,2,2025-12-20 08:00:00
98,159,3,2025-12-20 09:00:00
605,40,5,2025-12-20 10:00:00
984,155,5,2025-12-20 11:00:00
22,36,5,2025-12-20 12:00:00
450,381,3,2025-12-20 13:00:00
172,247,4,2025-12-20 14:00:00
383,4,4,2025-12-20 15:00:00
134,497,3,2025-12-20 16:00:00
426,374,1,2025-12-20 17:00:00
25,453,4,2025-12-20 18:00:00
503,281,1,2025-12-20 19:00:00
185,351,5,2025-12-20 20:00:00
85,334,4,2025-12-20 21:00:00
567,414,3,2025-12-20 22:00:00
763,431,4,2025-12-20 23:00:00
144,249,3,2025-12-21 00:00:00
863,12,3,2025-12-21 01:00:00
910,283,3,2025-12-21 02:00:00
679,429,5,2025-12-21 03:00:00
412,216,3,2025-12-21 04:00:00
224,319,4,2025-12-21 05:00:00
220,311,3,2025-12-21 06:00:00
179,414,3,2025-12-21 07:00:00
631,82,3,2025-12-21 08:00:00
433,14,4,2025-12-21 09:00:00
265,56,4,2025-12-21 10:00:00
954,403,5,2025-12-21 11:00:00
429,342,3,2025-12-21 12:00:00
662,282,1,2025-12-21 13:00:00
416,199,4,2025-12-21 14:00:00
453,348,2,2025-12-21 15:00:00
727,166,3,2025-12-21 16:00:00
197,453,3,2025-12-21 17:00:00
554,292,5,2025-12-21 18:00:00
53,146,4,2025-12-21 19:00:00
443,78,4,2025-12-21 21:00:00
330,112,5,2025-12-21 22:00:00
251,23,3,2025-12-21 23:00:00
807,375,3,2025-12-22 00:00:00
890,116,4,2025-12-22 01:00:00
783,142,4,2025-12-22 02:00:00
967,480,1,2025-12-22 03:00:00
925,197,4,2025-12-22 04:00:00
123,278,4,2025-12-22 05:00:00
879,28,5,2025-12-22 06:00:00
339,76,3,2025-12-22 08:00:00
778,18,4,2025-12-22 09:00:00
348,100,4,2025-12-22 10:00:00
29,479,3,2025-12-22 11:00:00
975,461,5,2025-12-22 12:00:00
35,468,4,2025-12-22 13:00:00
396,365,2,2025-12-22 15:00:00
623,292,5,2025-12-22 16:00:00
294,125,4,2025-12-22 17:00:00
589,7,1,2025-12-22 18:00:00
349,23,3,2025-12-22 19:00:00
147,162,1,2025-12-22 20:00:00
67,117,4,2025-12-22 21:00:00
904,370,3,2025-12-22 22:00:00
520,352,5,2025-12-22 23:00:00
122,21,5,2025-12-23 00:00:00
340,252,5,2025-12-23 01:00:00
175,326,4,2025-12-23 02:00:00
900,464,5,2025-12-23 03:00:00
691,483,3,2025-12-23 04:00:00
597,431,4,2025-12-23 05:00:00
451,309,3,2025-12-23 06:00:00
557,84,2,2025-12-23 07:00:00
136,362,1,2025-12-23 08:00:00
855,41,4,2025-12-23 09:00:00
16,203,2,2025-12-23 10:00:00
333,416,5,2025-12-23 11:00:00
195,128,5,2025-12-23 12:00:00
496,142,2,2025-12-23 13:00:00
9,344,4,2025-12-23 14:00:00
828,492,5,2025-12-23 15:00:00
334,103,3,2025-12-23 16:00:00
333,107,5,2025-12-23 17:00:00
327,479,5,2025-12-23 18:00:00
15,17,2,2025-12-23 19:00:00
839,25,1,2025-12-23 20:00:00
614,64,5,2025-12-23 21:00:00
226,457,5,2025-12-23 22:00:00
425,342,4,2025-12-23 23:00:00
790,375,1,2025-12-24 00:00:00
408,237,4,2025-12-24 01:00:00
113,176,3,2025-12-24 02:00:00
997,291,5,2025-12-24 03:00:00
428,293,5,2025-12-24 04:00:00
1,311,4,2025-12-24 05:00:00
266,401,3,2025-12-24 06:00:00
491,156,5,2025-12-24 07:00:00
208,385,3,2025-12-24 08:00:00
622,53,1,2025-12-24 09:00:00
712,73,4,2025-12-24 10:00:00
952,183,4,2025-12-24 11:00:00
369,369,5,2025-12-24 12:00:00
985,189,5,2025-12-24 13:00:00
306,13,3,2025-12-24 14:00:00
12,47,4,2025-12-24 15:00:00
345,448,4,2025-12-24 16:00:00
465,160,3,2025-12-24 17:00:00
700,284,5,2025-12-24 18:00:00
666,53,4,2025-12-24 19:00:00
494,287,5,2025-12-24 20:00:00
368,8,4,2025-12-24 21:00:00
846,72,3,2025-12-24 22:00:00
937,380,2,2025-12-24 23:00:00
420,98,3,2025-12-25 00:00:00
889,87,3,2025-12-25 01:00:00
791,330,4,2025-12-25 02:00:00
171,101,2,2025-12-25 03:00:00
134,496,5,2025-12-25 04:00:00
965,281,2,2025-12-25 05:00:00
427,371,4,2025-12-25 06:00:00
25,289,1,2025-12-25 07:00:00
190,196,3,2025-12-25 09:00:00
141,391,3,2025-12-25 10:00:00
555,97,4,2025-12-25 11:00:00
846,450,4,2025-12-25 12:00:00
796,368,4,2025-12-25 13:00:00
658,430,4,2025-12-25 14:00:00
444,261,5,2025-12-25 16:00:00
319,121,5,2025-12-25 17:00:00
441,366,1,2025-12-25 18:00:00
92,273,5,2025-12-25 19:00:00
179,332,5,2025-12-25 20:00:00
56,52,5,2025-12-25 21:00:00
155,396,4,2025-12-25 22:00:00
672,318,3,2025-12-25 23:00:00
111,163,5,2025-12-26 00:00:00
137,190,5,2025-12-26 01:00:00
232,277,4,2025-12-26 02:00:00
992,85,4,2025-12-26 03:00:00
468,194,2,2025-12-26 04:00:00
732,181,3,2025-12-26 05:00:00
481,21,5,2025-12-26 06:00:00
68,399,1,2025-12-26 07:00:00
814,203,4,2025-12-26 08:00:00
249,202,5,2025-12-26 09:00:00
994,466,3,2025-12-26 10:00:00
323,151,1,2025-12-26 11:00:00
922,384,5,2025-12-26 12:00:00
904,159,2,2025-12-26 13:00:00
976,439,5,2025-12-26 15:00:00
432,309,5,2025-12-26 17:00:00
487,66,4,2025-12-26 18:00:00
606,423,4,2025-12-26 19:00:00
429,263,5,2025-12-26 20:00:00
269,472,4,2025-12-26 21:00:00
709,167,4,2025-12-26 22:00:00
537,288,4,2025-12-26 23:00:00
148,154,3,2025-12-27 00:00:00
118,343,4,2025-12-27 01:00:00
850,206,3,2025-12-27 02:00:00
367,413,3,2025-12-27 03:00:00
850,153,5,2025-12-27 04:00:00
66,184,3,2025-12-27 05:00:00
970,159,3,2025-12-27 06:00:00
813,194,3,2025-12-27 07:00:00
370,2,4,2025-12-27 08:00:00
175,215,5,2025-12-27 09:00:00
831,175,5,2025-12-27 10:00:00
588,75,5,2025-12-27 11:00:00
495,285,5,2025-12-27 12:00:00
973,127,5,2025-12-27 13:00:00
114,490,3,2025-12-27 14:00:00
111,483,4,2025-12-27 15:00:00
761,49,3,2025-12-27 16:00:00
439,457,3,2025-12-27 17:00:00
715,32,4,2025-12-27 18:00:00
147,158,4,2025-12-27 19:00:00
35,15,4,2025-12-27 20:00:00
999,318,3,2025-12-27 21:00:00
309,334,3,2025-12-27 22:00:00
538,243,3,2025-12-27 23:00:00
750,17,5,2025-12-28 00:00:00
14,22,4,2025-12-28 01:00:00
374,244,5,2025-12-28 02:00:00
557,414,5,2025-12-28 03:00:00
428,81,4,2025-12-28 04:00:00
728,144,3,2025-12-28 05:00:00
233,436,4,2025-12-28 06:00:00
705,8,5,2025-12-28 07:00:00
563,448,4,2025-12-28 08:00:00
939,167,3,2025-12-28 09:00:00
887,287,4,2025-12-28 10:00:00
726,268,3,2025-12-28 11:00:00
663,289,5,2025-12-28 12:00:00
440,186,4,2025-12-28 13:00:00
502,12,3,2025-12-28 14:00:00
275,281,3,2025-12-28 15:00:00
850,422,5,2025-12-28 16:00:00
76,304,5,2025-12-28 17:00:00
439,466,4,2025-12-28 18:00:00
732,83,4,2025-12-28 19:00:00
860,55,4,2025-12-28 20:00:00
956,131,3,2025-12-28 21:00:00
699,125,5,2025-12-28 22:00:00
289,483,4,2025-12-28 23:00:00
915,325,1,2025-12-29 00:00:00
540,419,3,2025-12-29 01:00:00
891,51,2,2025-12-29 02:00:00
692,27,3,2025-12-29 03:00:00
253,165,4,2025-12-29 04:00:00
126,494,1,2025-12-29 05:00:00
177,469,5,2025-12-29 06:00:00
37,400,4,2025-12-29 07:00:00
410,476,3,2025-12-29 08:00:00
611,281,3,2025-12-29 09:00:00
610,33,4,2025-12-29 10:00:00
127,62,3,2025-12-29 11:00:00
483,145,1,2025-12-29 12:00:00
168,171,1,2025-12-29 13:00:00
592,286,3,2025-12-29 14:00:00
294,297,2,2025-12-29 15:00:00
845,117,1,2025-12-29 16:00:00
638,4,5,2025-12-29 17:00:00
343,66,3,2025-12-29 18:00:00
310,60,4,2025-12-29 19:00:00
662,393,2,2025-12-29 20:00:00
528,287,1,2025-12-29 21:00:00
540,345,5,2025-12-29 22:00:00
419,229,2,2025-12-29 23:00:00
444,100,1,2025-12-30 00:00:00
685,119,4,2025-12-30 01:00:00
558,69,1,2025-12-30 02:00:00
840,152,4,2025-12-30 03:00:00
236,280,3,2025-12-30 04:00:00
214,498,1,2025-12-30 06:00:00
85,429,5,2025-12-30 07:00:00
794,223,4,2025-12-30 08:00:00
744,165,4,2025-12-30 09:00:00
85,442,4,2025-12-30 10:00:00
921,211,5,2025-12-30 11:00:00
489,279,4,2025-12-30 12:00:00
65,419,5,2025-12-30 13:00:00
646,63,4,2025-12-30 14:00:00
663,374,3,2025-12-30 15:00:00
627,370,5,2025-12-30 16:00:00
64,262,5,2025-12-30 17:00:00
343,6,2,2025-12-30 18:00:00
939,248,4,2025-12-30 19:00:00
875,229,4,2025-12-30 20:00:00
919,286,2,2025-12-30 21:00:00
352,257,5,2025-12-30 22:00:00
158,63,4,2025-12-30 23:00:00
589,392,4,2025-12-31 00:00:00
491,28,2,2025-12-31 01:00:00
658,345,3,2025-12-31 02:00:00
855,417,2,2025-12-31 03:00:00
463,53,3,2025-12-31 04:00:00
225,252,4,2025-12-31 05:00:00
917,38,5,2025-12-31 06:00:00
313,308,4,2025-12-31 07:00:00
615,334,3,2025-12-31 08:00:00
919,139,1,2025-12-31 09:00:00
859,386,4,2025-12-31 10:00:00
813,53,4,2025-12-31 11:00:00
940,94,5,2025-12-31 12:00:00
466,94,5,2025-12-31 13:00:00
88,452,5,2025-12-31 14:00:00
883,461,1,2025-12-31 15:00:00
303,263,5,2025-12-31 16:00:00
680,486,2,2025-12-31 17:00:00
435,323,4,2025-12-31 18:00:00
682,137,4,2025-12-31 19:00:00
135,462,4,2025-12-31 20:00:00
50,372,2,2025-12-31 21:00:00
432,447,4,2025-12-31 22:00:00
340,256,1,2025-12-31 23:00:00
347,395,1,2026-01-01 00:00:00
646,37,4,2026-01-01 01:00:00
347,142,5,2026-01-01 02:00:00
245,8,4,2026-01-01 04:00:00
109,251,1,2026-01-01 05:00:00
825,135,1,2026-01-01 06:00:00
799,59,2,2026-01-01 07:00:00
533,123,5,2026-01-01 08:00:00
90,447,3,2026-01-01 09:00:00
296,263,5,2026-01-01 10:00:00
112,120,5,2026-01-01 11:00:00
813,439,4,2026-01-01 12:00:00
589,259,5,2026-01-01 13:00:00
177,323,3,2026-01-01 14:00:00
343,18,4,2026-01-01 15:00:00
660,301,5,2026-01-01 16:00:00
101,353,4,2026-01-01 17:00:00
758,485,3,2026-01-01 18:00:00
629,92,3,2026-01-01 19:00:00
604,164,5,2026-01-01 20:00:00
401,144,1,2026-01-01 21:00:00
28,335,5,2026-01-01 22:00:00
962,315,4,2026-01-02 00:00:00
537,402,4,2026-01-02 01:00:00
58,433,4,2026-01-02 02:00:00
498,238,4,2026-01-02 03:00:00
297,174,5,2026-01-02 04:00:00
134,83,4,2026-01-02 05:00:00
331,157,5,2026-01-02 06:00:00
249,454,2,2026-01-02 07:00:00
550,109,1,2026-01-02 08:00:00
902,178,1,2026-01-02 09:00:00
941,250,2,2026-01-02 10:00:00
75,495,4,2026-01-02 11:00:00
654,253,4,2026-01-02 12:00:00
834,55,5,2026-01-02 13:00:00
168,155,2,2026-01-02 14:00:00
771,391,3,2026-01-02 15:00:00
503,91,5,2026-01-02 16:00:00
355,126,5,2026-01-02 18:00:00
531,139,5,2026-01-02 21:00:00
146,5,5,2026-01-02 22:00:00
960,66,5,2026-01-02 23:00:00
241,111,1,2026-01-03 00:00:00
884,184,5,2026-01-03 01:00:00
893,268,4,2026-01-03 02:00:00
344,170,2,2026-01-03 03:00:00
749,362,3,2026-01-03 04:00:00
35,244,5,2026-01-03 05:00:00
702,331,4,2026-01-03 06:00:00
1,138,5,2026-01-03 07:00:00
996,28,2,2026-01-03 08:00:00
153,7,4,2026-01-03 09:00:00
429,398,3,2026-01-03 10:00:00
945,333,4,2026-01-03 11:00:00
126,317,4,2026-01-03 13:00:00
491,51,1,2026-01-03 14:00:00
482,426,2,2026-01-03 15:00:00
345,136,1,2026-01-03 16:00:00
912,178,5,2026-01-03 17:00:00
738,129,3,2026-01-03 18:00:00
221,197,3,2026-01-03 19:00:00
919,500,5,2026-01-03 21:00:00
723,107,1,2026-01-03 22:00:00
25,48,2,2026-01-03 23:00:00
528,138,4,2026-01-04 00:00:00
182,399,5,2026-01-04 01:00:00
499,103,4,2026-01-04 02:00:00
841,47,3,2026-01-04 03:00:00
641,477,4,2026-01-04 04:00:00
42,153,5,2026-01-04 05:00:00
915,368,4,2026-01-04 06:00:00
481,6,3,2026-01-04 07:00:00
930,11,3,2026-01-04 08:00:00
748,143,5,2026-01-04 10:00:00
872,272,4,2026-01-04 11:00:00
439,312,3,2026-01-04 12:00:00
402,66,4,2026-01-04 13:00:00
546,420,3,2026-01-04 14:00:00
345,339,3,2026-01-04 15:00:00
893,422,5,2026-01-04 16:00:00
45,498,3,2026-01-04 17:00:00
646,469,3,2026-01-04 18:00:00
21,331,5,2026-01-04 19:00:00
634,256,2,2026-01-04 20:00:00
70,489,5,2026-01-04 21:00:00
864,127,4,2026-01-04 22:00:00
873,131,5,2026-01-04 23:00:00
48,482,5,2026-01-05 00:00:00
491,18,5,2026-01-05 01:00:00
551,207,3,2026-01-05 02:00:00
287,89,4,2026-01-05 03:00:00
10,438,5,2026-01-05 04:00:00
542,498,1,2026-01-05 05:00:00
756,243,5,2026-01-05 06:00:00
274,463,3,2026-01-05 07:00:00
956,350,2,2026-01-05 08:00:00
600,17,3,2026-01-05 09:00:00
756,466,1,2026-01-05 10:00:00
381,223,5,2026-01-05 11:00:00
329,370,5,2026-01-05 12:00:00
479,363,4,2026-01-05 13:00:00
15,210,5,2026-01-05 14:00:00
516,99,4,2026-01-05 15:00:00
191,13,5,2026-01-05 16:00:00
168,319,5,2026-01-05 17:00:00
521,270,3,2026-01-05 18:00:00
621,187,4,2026-01-05 19:00:00
137,420,4,2026-01-05 20:00:00
154,274,5,2026-01-05 21:00:00
209,14,5,2026-01-05 23:00:00
272,281,5,2026-01-06 00:00:00
143,44,4,2026-01-06 01:00:00
611,377,5,2026-01-06 02:00:00
889,295,3,2026-01-06 03:00:00
820,396,3,2026-01-06 04:00:00
69,104,5,2026-01-06 05:00:00
247,445,2,2026-01-06 06:00:00
261,62,3,2026-01-06 07:00:00
788,53,4,2026-01-06 08:00:00
79,309,4,2026-01-06 09:00:00
623,419,5,2026-01-06 11:00:00
770,118,4,2026-01-06 12:00:00
605,321,4,2026-01-06 13:00:00
525,131,5,2026-01-06 14:00:00
772,299,4,2026-01-06 15:00:00
938,306,2,2026-01-06 16:00:00
621,199,5,2026-01-06 17:00:00
330,393,5,2026-01-06 18:00:00
189,36,3,2026-01-06 19:00:00
95,279,5,2026-01-06 20:00:00
617,216,4,2026-01-06 21:00:00
8,74,3,2026-01-06 22:00:00
67,306,4,2026-01-06 23:00:00
496,55,3,2026-01-07 00:00:00
191,496,3,2026-01-07 01:00:00
366,381,5,2026-01-07 02:00:00
768,12,5,2026-01-07 03:00:00
521,83,3,2026-01-07 04:00:00
990,32,5,2026-01-07 05:00:00
117,408,3,2026-01-07 06:00:00
267,86,2,2026-01-07 07:00:00
611,451,1,2026-01-07 08:00:00
485,232,3,2026-01-07 09:00:00
509,411,3,2026-01-07 10:00:00
298,445,5,2026-01-07 11:00:00
909,275,3,2026-01-07 12:00:00
164,201,3,2026-01-07 13:00:00
376,51,5,2026-01-07 14:00:00
653,320,3,2026-01-07 15:00:00
268,256,4,2026-01-07 16:00:00
549,241,4,2026-01-07 17:00:00
74,205,2,2026-01-07 18:00:00
508,386,5,2026-01-07 19:00:00
73,420,1,2026-01-07 20:00:00
308,477,3,2026-01-07 21:00:00
199,384,3,2026-01-07 22:00:00
130,395,4,2026-01-07 23:00:00
758,482,4,2026-01-08 00:00:00
824,196,4,2026-01-08 01:00:00
572,452,4,2026-01-08 02:00:00
791,244,4,2026-01-08 03:00:00
615,320,3,2026-01-08 04:00:00
832,89,5,2026-01-08 06:00:00
487,282,4,2026-01-08 07:00:00
853,139,1,2026-01-08 08:00:00
151,87,4,2026-01-08 09:00:00
669,2,2,2026-01-08 10:00:00
206,467,4,2026-01-08 11:00:00
986,349,2,2026-01-08 12:00:00
179,168,5,2026-01-08 13:00:00
197,119,2,2026-01-08 14:00:00
735,500,5,2026-01-08 15:00:00
89,388,2,2026-01-08 16:00:00
799,80,4,2026-01-08 17:00:00
434,111,5,2026-01-08 18:00:00
788,165,3,2026-01-08 19:00:00
748,382,5,2026-01-08 20:00:00
183,445,3,2026-01-08 21:00:00
209,219,5,2026-01-08 22:00:00
493,5,5,2026-01-08 23:00:00
130,399,2,2026-01-09 00:00:00
665,215,5,2026-01-09 01:00:00
13,497,2,2026-01-09 02:00:00
871,466,2,2026-01-09 04:00:00
732,491,2,2026-01-09 05:00:00
106,282,4,2026-01-09 06:00:00
375,6,4,2026-01-09 07:00:00
582,379,5,2026-01-09 08:00:00
707,300,3,2026-01-09 09:00:00
698,58,5,2026-01-09 10:00:00
99,337,1,2026-01-09 11:00:00
594,302,1,2026-01-09 12:00:00
587,102,5,2026-01-09 13:00:00
886,426,5,2026-01-09 14:00:00
852,48,5,2026-01-09 15:00:00
192,370,4,2026-01-09 16:00:00
325,411,3,2026-01-09 17:00:00
979,276,1,2026-01-09 18:00:00
726,454,4,2026-01-09 19:00:00
827,371,4,2026-01-09 20:00:00
956,163,3,2026-01-09 21:00:00
467,332,4,2026-01-09 22:00:00
894,432,5,2026-01-09 23:00:00
367,451,5,2026-01-10 00:00:00
318,496,3,2026-01-10 01:00:00
144,196,4,2026-01-10 02:00:00
384,377,2,2026-01-10 03:00:00
216,436,2,2026-01-10 04:00:00
361,365,5,2026-01-10 05:00:00
324,324,4,2026-01-10 06:00:00
15,132,5,2026-01-10 07:00:00
217,423,2,2026-01-10 08:00:00
492,405,5,2026-01-10 09:00:00
951,492,2,2026-01-10 10:00:00
547,66,5,2026-01-10 11:00:00
183,400,3,2026-01-10 12:00:00
270,391,2,2026-01-10 13:00:00
945,83,3,2026-01-10 14:00:00
467,491,2,2026-01-10 15:00:00
870,481,4,2026-01-10 16:00:00
612,265,5,2026-01-10 17:00:00
519,229,3,2026-01-10 18:00:00
542,273,4,2026-01-10 19:00:00
467,219,5,2026-01-10 20:00:00
305,225,4,2026-01-10 21:00:00
985,113,3,2026-01-10 22:00:00
144,140,5,2026-01-10 23:00:00
111,185,2,2026-01-11 00:00:00
232,173,4,2026-01-11 01:00:00
691,376,5,2026-01-11 02:00:00
584,11,1,2026-01-11 03:00:00
722,397,5,2026-01-11 04:00:00
732,159,3,2026-01-11 05:00:00
592,205,2,2026-01-11 06:00:00
500,230,3,2026-01-11 07:00:00
595,26,5,2026-01-11 08:00:00
554,319,5,2026-01-11 09:00:00
273,159,3,2026-01-11 10:00:00
703,278,2,2026-01-11 11:00:00
173,390,3,2026-01-11 12:00:00
973,148,4,2026-01-11 13:00:00
7,469,5,2026-01-11 14:00:00
155,266,5,2026-01-11 15:00:00
522,83,5,2026-01-11 16:00:00
546,419,4,2026-01-11 17:00:00
548,26,2,2026-01-11 18:00:00
921,71,1,2026-01-11 19:00:00
518,37,4,2026-01-11 20:00:00
920,392,4,2026-01-11 21:00:00
914,133,5,2026-01-11 22:00:00
215,428,3,2026-01-11 23:00:00
134,484,1,2026-01-12 00:00:00
285,126,4,2026-01-12 01:00:00
126,115,5,2026-01-12 02:00:00
921,92,5,2026-01-12 03:00:00
439,242,1,2026-01-12 04:00:00
849,451,5,2026-01-12 05:00:00
686,487,4,2026-01-12 06:00:00
152,200,3,2026-01-12 07:00:00
331,207,3,2026-01-12 08:00:00
538,117,4,2026-01-12 09:00:00
383,219,4,2026-01-12 10:00:00
115,305,4,2026-01-12 11:00:00
894,243,4,2026-01-12 12:00:00
482,292,2,2026-01-12 13:00:00
284,464,3,2026-01-12 14:00:00
899,282,5,2026-01-12 15:00:00
75,301,4,2026-01-12 16:00:00
166,317,4,2026-01-12 17:00:00
189,172,2,2026-01-12 18:00:00
78,388,1,2026-01-12 19:00:00
947,76,3,2026-01-12 20:00:00
602,209,1,2026-01-12 21:00:00
688,314,4,2026-01-12 22:00:00
21,105,5,2026-01-12 23:00:00
566,492,3,2026-01-13 00:00:00
184,26,5,2026-01-13 01:00:00
871,351,5,2026-01-13 02:00:00
827,500,4,2026-01-13 04:00:00
328,482,2,2026-01-13 05:00:00
179,128,4,2026-01-13 06:00:00
788,413,2,2026-01-13 07:00:00
112,137,3,2026-01-13 08:00:00
736,334,4,2026-01-13 09:00:00
726,36,1,2026-01-13 10:00:00
59,388,2,2026-01-13 11:00:00
327,59,3,2026-01-13 12:00:00
905,230,4,2026-01-13 13:00:00
621,421,5,2026-01-13 14:00:00
897,124,2,2026-01-13 15:00:00
669,88,3,2026-01-13 16:00:00
191,337,4,2026-01-13 17:00:00
200,141,3,2026-01-13 18:00:00
312,404,4,2026-01-13 19:00:00
708,273,3,2026-01-13 20:00:00
35,51,5,2026-01-13 21:00:00
379,475,4,2026-01-13 22:00:00
387,55,2,2026-01-13 23:00:00
758,417,4,2026-01-14 00:00:00
237,405,4,2026-01-14 01:00:00
616,337,3,2026-01-14 02:00:00
519,150,1,2026-01-14 03:00:00
283,153,3,2026-01-14 04:00:00
1,451,4,2026-01-14 05:00:00
731,219,2,2026-01-14 06:00:00
464,219,4,2026-01-14 07:00:00
967,396,5,2026-01-14 09:00:00
172,399,4,2026-01-14 10:00:00
553,468,4,2026-01-14 12:00:00
123,342,5,2026-01-14 13:00:00
843,258,3,2026-01-14 14:00:00
298,388,3,2026-01-14 15:00:00
885,45,2,2026-01-14 16:00:00
929,269,4,2026-01-14 17:00:00
690,311,2,2026-01-14 18:00:00
575,160,3,2026-01-14 19:00:00
484,278,4,2026-01-14 20:00:00
165,345,5,2026-01-14 21:00:00
699,475,5,2026-01-14 22:00:00
383,55,5,2026-01-14 23:00:00
209,145,3,2026-01-15 00:00:00
739,454,5,2026-01-15 01:00:00
389,179,5,2026-01-15 03:00:00
560,208,4,2026-01-15 04:00:00
224,136,3,2026-01-15 05:00:00
3,445,2,2026-01-15 06:00:00
372,353,5,2026-01-15 07:00:00
687,394,1,2026-01-15 08:00:00
446,482,3,2026-01-15 09:00:00
611,275,4,2026-01-15 10:00:00
116,384,1,2026-01-15 11:00:00
270,398,5,2026-01-15 12:00:00
447,323,3,2026-01-15 13:00:00
368,183,1,2026-01-15 14:00:00
253,61,5,2026-01-15 15:00:00
317,440,3,2026-01-15 16:00:00
415,63,5,2026-01-15 17:00:00
95,361,4,2026-01-15 18:00:00
785,215,4,2026-01-15 19:00:00
892,360,3,2026-01-15 20:00:00
24,139,4,2026-01-15 21:00:00
628,431,3,2026-01-15 22:00:00
663,134,5,2026-01-15 23:00:00
850,34,1,2026-01-16 00:00:00
50,193,3,2026-01-16 01:00:00
502,355,5,2026-01-16 02:00:00
718,473,4,2026-01-16 03:00:00
498,320,4,2026-01-16 04:00:00
335,477,4,2026-01-16 05:00:00
79,87,1,2026-01-16 06:00:00
582,210,1,2026-01-16 07:00:00
27,462,5,2026-01-16 08:00:00
271,81,3,2026-01-16 09:00:00
562,322,3,2026-01-16 10:00:00
804,415,4,2026-01-16 11:00:00
247,339,3,2026-01-16 12:00:00
776,480,5,2026-01-16 13:00:00
591,190,4,2026-01-16 14:00:00
387,438,5,2026-01-16 15:00:00
702,348,3,2026-01-16 16:00:00
559,233,3,2026-01-16 17:00:00
973,392,5,2026-01-16 18:00:00
361,426,3,2026-01-16 19:00:00
866,169,4,2026-01-16 20:00:00
984,443,5,2026-01-16 21:00:00
488,251,4,2026-01-16 22:00:00
352,168,4,2026-01-16 23:00:00
701,231,3,2026-01-17 00:00:00
928,150,5,2026-01-17 01:00:00
256,152,2,2026-01-17 02:00:00
222,38,5,2026-01-17 03:00:00
884,386,2,2026-01-17 04:00:00
753,381,5,2026-01-17 05:00:00
781,297,4,2026-01-17 06:00:00
1,489,2,2026-01-17 07:00:00
546,275,4,2026-01-17 08:00:00
446,105,3,2026-01-17 09:00:00
79,386,2,2026-01-17 10:00:00
334,352,5,2026-01-17 12:00:00
349,467,5,2026-01-17 14:00:00
98,16,1,2026-01-17 15:00:00
82,350,4,2026-01-17 16:00:00
502,150,5,2026-01-17 17:00:00
967,142,5,2026-01-17 18:00:00
477,116,2,2026-01-17 19:00:00
927,312,4,2026-01-17 20:00:00
704,65,2,2026-01-17 21:00:00
765,429,3,2026-01-17 22:00:00
921,310,5,2026-01-17 23:00:00
550,194,3,2026-01-18 00:00:00
14,342,3,2026-01-18 01:00:00
392,430,2,2026-01-18 02:00:00
347,161,1,2026-01-18 03:00:00
310,463,2,2026-01-18 04:00:00
386,306,5,2026-01-18 05:00:00
209,361,1,2026-01-18 06:00:00
357,278,4,2026-01-18 07:00:00
974,296,5,2026-01-18 08:00:00
601,39,4,2026-01-18 09:00:00
568,361,5,2026-01-18 10:00:00
93,459,4,2026-01-18 12:00:00
340,68,3,2026-01-18 13:00:00
597,7,5,2026-01-18 14:00:00
445,85,5,2026-01-18 15:00:00
22,132,2,2026-01-18 17:00:00
291,76,4,2026-01-18 18:00:00
485,250,4,2026-01-18 19:00:00
784,347,5,2026-01-18 20:00:00
634,209,4,2026-01-18 22:00:00
128,84,4,2026-01-18 23:00:00
625,223,1,2026-01-19 00:00:00
939,253,5,2026-01-19 01:00:00
273,410,3,2026-01-19 02:00:00
848,31,4,2026-01-19 03:00:00
442,355,2,2026-01-19 04:00:00
503,201,2,2026-01-19 05:00:00
132,52,5,2026-01-19 07:00:00
597,368,4,2026-01-19 08:00:00
935,72,3,2026-01-19 09:00:00
482,21,5,2026-01-19 10:00:00
862,16,4,2026-01-19 11:00:00
390,435,4,2026-01-19 12:00:00
593,16,4,2026-01-19 13:00:00
999,402,1,2026-01-19 14:00:00
985,175,3,2026-01-19 15:00:00
325,312,2,2026-01-19 16:00:00
69,412,4,2026-01-19 17:00:00
660,338,3,2026-01-19 18:00:00
448,78,4,2026-01-19 19:00:00
528,440,3,2026-01-19 20:00:00
819,240,2,2026-01-19 21:00:00
617,37,5,2026-01-19 22:00:00
165,232,5,2026-01-19 23:00:00
488,400,2,2026-01-20 00:00:00
713,213,5,2026-01-20 01:00:00
709,193,4,2026-01-20 02:00:00
426,60,5,2026-01-20 03:00:00
697,189,2,2026-01-20 04:00:00
834,267,2,2026-01-20 05:00:00
265,126,5,2026-01-20 06:00:00
612,322,4,2026-01-20 08:00:00
342,382,5,2026-01-20 09:00:00
832,32,4,2026-01-20 10:00:00
278,312,3,2026-01-20 12:00:00
674,261,2,2026-01-20 13:00:00
439,387,5,2026-01-20 14:00:00
157,412,5,2026-01-20 15:00:00
422,346,4,2026-01-20 16:00:00
251,471,4,2026-01-20 17:00:00
878,94,5,2026-01-20 18:00:00
609,328,3,2026-01-20 19:00:00
530,100,3,2026-01-20 20:00:00
327,285,4,2026-01-20 21:00:00
961,461,4,2026-01-20 22:00:00
895,315,5,2026-01-20 23:00:00
513,406,4,2026-01-21 01:00:00
216,494,5,2026-01-21 02:00:00
132,353,2,2026-01-21 03:00:00
260,357,4,2026-01-21 04:00:00
125,117,2,2026-01-21 05:00:00
82,199,4,2026-01-21 06:00:00
283,279,5,2026-01-21 07:00:00
683,70,3,2026-01-21 08:00:00
59,335,5,2026-01-21 09:00:00
544,79,3,2026-01-21 10:00:00
161,424,2,2026-01-21 11:00:00
284,354,4,2026-01-21 12:00:00
106,14,5,2026-01-21 13:00:00
105,29,1,2026-01-21 14:00:00
439,144,3,2026-01-21 15:00:00
228,477,4,2026-01-21 16:00:00
582,10,1,2026-01-21 18:00:00
318,47,3,2026-01-21 19:00:00
464,260,5,2026-01-21 20:00:00
802,12,5,2026-01-21 21:00:00
599,298,1,2026-01-21 22:00:00
882,226,4,2026-01-21 23:00:00
874,260,2,2026-01-22 00:00:00
472,84,4,2026-01-22 01:00:00
56,348,1,2026-01-22 02:00:00
625,348,1,2026-01-22 03:00:00
13,6,5,2026-01-22 04:00:00
440,398,1,2026-01-22 05:00:00
18,247,3,2026-01-22 06:00:00
694,35,5,2026-01-22 07:00:00
973,175,5,2026-01-22 08:00:00
113,442,2,2026-01-22 09:00:00
229,65,4,2026-01-22 10:00:00
171,147,4,2026-01-22 11:00:00
295,57,4,2026-01-22 12:00:00
189,193,5,2026-01-22 13:00:00
426,13,5,2026-01-22 14:00:00
977,392,5,2026-01-22 15:00:00
79,18,3,2026-01-22 16:00:00
658,246,4,2026-01-22 17:00:00
919,163,4,2026-01-22 18:00:00
182,343,3,2026-01-22 19:00:00
499,114,2,2026-01-22 20:00:00
798,500,2,2026-01-22 21:00:00
762,282,2,2026-01-22 22:00:00
866,233,3,2026-01-22 23:00:00
826,166,3,2026-01-23 00:00:00
708,468,3,2026-01-23 01:00:00
835,322,4,2026-01-23 02:00:00
71,26,4,2026-01-23 03:00:00
248,126,3,2026-01-23 04:00:00
146,313,5,2026-01-23 05:00:00
618,484,4,2026-01-23 06:00:00
775,281,5,2026-01-23 07:00:00
296,286,5,2026-01-23 08:00:00
582,466,2,2026-01-23 09:00:00
470,391,4,2026-01-23 10:00:00
506,283,4,2026-01-23 11:00:00
193,139,3,2026-01-23 12:00:00
68,101,1,2026-01-23 13:00:00
494,392,5,2026-01-23 14:00:00
817,11,2,2026-01-23 15:00:00
52,382,5,2026-01-23 16:00:00
882,216,5,2026-01-23 17:00:00
363,30,4,2026-01-23 18:00:00
797,94,2,2026-01-23 19:00:00
917,116,4,2026-01-23 20:00:00
846,271,3,2026-01-23 22:00:00
521,440,5,2026-01-23 23:00:00
763,291,3,2026-01-24 00:00:00
431,39,4,2026-01-24 01:00:00
844,24,5,2026-01-24 02:00:00
298,264,2,2026-01-24 03:00:00
435,43,4,2026-01-24 04:00:00
696,170,4,2026-01-24 05:00:00
691,340,4,2026-01-24 06:00:00
198,169,5,2026-01-24 07:00:00
128,303,5,2026-01-24 08:00:00
532,26,4,2026-01-24 09:00:00
984,180,4,2026-01-24 10:00:00
411,472,4,2026-01-24 11:00:00
934,150,5,2026-01-24 12:00:00
840,133,4,2026-01-24 13:00:00
65,143,3,2026-01-24 14:00:00
694,164,1,2026-01-24 15:00:00
241,101,5,2026-01-24 16:00:00
369,63,3,2026-01-24 17:00:00
536,93,4,2026-01-24 18:00:00
384,207,5,2026-01-24 19:00:00
431,475,3,2026-01-24 20:00:00
967,433,4,2026-01-24 21:00:00
83,311,2,2026-01-24 22:00:00
982,72,5,2026-01-24 23:00:00
831,60,1,2026-01-25 00:00:00
697,441,4,2026-01-25 01:00:00
951,29,4,2026-01-25 02:00:00
828,19,5,2026-01-25 03:00:00
611,479,2,2026-01-25 04:00:00
574,73,4,2026-01-25 05:00:00
286,394,3,2026-01-25 06:00:00
989,357,3,2026-01-25 07:00:00
534,394,5,2026-01-25 08:00:00
212,481,5,2026-01-25 10:00:00
413,313,5,2026-01-25 12:00:00
499,438,4,2026-01-25 13:00:00
425,440,3,2026-01-25 14:00:00
554,324,4,2026-01-25 15:00:00
610,453,5,2026-01-25 16:00:00
961,87,5,2026-01-25 17:00:00
543,359,4,2026-01-25 18:00:00
158,183,5,2026-01-25 19:00:00
112,197,5,2026-01-25 20:00:00
402,244,5,2026-01-25 21:00:00
759,328,4,2026-01-25 22:00:00
122,465,5,2026-01-25 23:00:00
273,385,5,2026-01-26 00:00:00
294,118,2,2026-01-26 01:00:00
398,498,5,2026-01-26 02:00:00
471,396,3,2026-01-26 03:00:00
985,419,4,2026-01-26 04:00:00
207,372,5,2026-01-26 05:00:00
110,462,4,2026-01-26 06:00:00
440,496,5,2026-01-26 07:00:00
278,82,4,2026-01-26 08:00:00
963,458,3,2026-01-26 09:00:00
568,247,1,2026-01-26 10:00:00
887,463,4,2026-01-26 11:00:00
915,234,5,2026-01-26 12:00:00
569,417,3,2026-01-26 13:00:00
940,467,4,2026-01-26 14:00:00
482,482,3,2026-01-26 15:00:00
803,365,5,2026-01-26 16:00:00
114,153,1,2026-01-26 17:00:00
893,272,5,2026-01-26 18:00:00
897,392,3,2026-01-26 19:00:00
820,35,1,2026-01-26 20:00:00
853,213,5,2026-01-26 21:00:00
477,211,4,2026-01-26 22:00:00
710,430,4,2026-01-26 23:00:00
933,139,5,2026-01-27 00:00:00
321,189,4,2026-01-27 01:00:00
179,300,5,2026-01-27 02:00:00
897,395,5,2026-01-27 03:00:00
219,252,4,2026-01-27 04:00:00
789,395,3,2026-01-27 05:00:00
949,150,3,2026-01-27 06:00:00
528,341,5,2026-01-27 07:00:00
492,219,5,2026-01-27 08:00:00
891,82,3,2026-01-27 09:00:00
61,190,2,2026-01-27 10:00:00
54,234,3,2026-01-27 11:00:00
680,176,4,2026-01-27 12:00:00
538,232,2,2026-01-27 13:00:00
848,358,5,2026-01-27 14:00:00
988,478,5,2026-01-27 15:00:00
65,63,5,2026-01-27 16:00:00
612,435,1,2026-01-27 17:00:00
586,429,5,2026-01-27 18:00:00
704,495,5,2026-01-27 19:00:00
171,237,2,2026-01-27 20:00:00
273,33,4,2026-01-27 21:00:00
889,213,5,2026-01-27 22:00:00
699,60,5,2026-01-27 23:00:00
535,379,2,2026-01-28 00:00:00
940,397,4,2026-01-28 02:00:00
693,450,5,2026-01-28 03:00:00
327,57,5,2026-01-28 04:00:00
108,427,3,2026-01-28 05:00:00
847,301,3,2026-01-28 06:00:00
162,287,5,2026-01-28 07:00:00
452,279,5,2026-01-28 09:00:00
206,214,5,2026-01-28 10:00:00
590,239,3,2026-01-28 11:00:00
16,285,5,2026-01-28 12:00:00
327,481,1,2026-01-28 13:00:00
608,31,5,2026-01-28 14:00:00
659,206,4,2026-01-28 15:00:00
2,458,5,2026-01-28 16:00:00
10,274,5,2026-01-28 17:00:00
434,11,1,2026-01-28 18:00:00
125,359,2,2026-01-28 19:00:00
81,47,4,2026-01-28 20:00:00
485,3,5,2026-01-28 21:00:00
652,130,5,2026-01-28 22:00:00
838,438,5,2026-01-28 23:00:00
150,72,4,2026-01-29 00:00:00
800,159,3,2026-01-29 01:00:00
873,392,1,2026-01-29 02:00:00
340,427,3,2026-01-29 03:00:00
129,432,4,2026-01-29 04:00:00
438,130,5,2026-01-29 05:00:00
751,22,3,2026-01-29 06:00:00
501,380,5,2026-01-29 07:00:00
58,389,3,2026-01-29 08:00:00
198,135,3,2026-01-29 09:00:00
211,20,4,2026-01-29 10:00:00
914,220,4,2026-01-29 11:00:00
902,333,5,2026-01-29 12:00:00
45,130,4,2026-01-29 13:00:00
97,32,3,2026-01-29 14:00:00
279,90,5,2026-01-29 15:00:00
535,259,5,2026-01-29 16:00:00
410,425,4,2026-01-29 17:00:00
461,298,3,2026-01-29 18:00:00
391,333,3,2026-01-29 19:00:00
847,249,1,2026-01-29 20:00:00
44,469,1,2026-01-29 21:00:00
27,173,5,2026-01-29 22:00:00
794,357,2,2026-01-29 23:00:00
97,471,4,2026-01-30 00:00:00
975,455,4,2026-01-30 01:00:00
548,401,5,2026-01-30 02:00:00
621,476,2,2026-01-30 03:00:00
567,384,4,2026-01-30 04:00:00
704,47,3,2026-01-30 05:00:00
219,478,3,2026-01-30 06:00:00
185,197,3,2026-01-30 07:00:00
69,408,4,2026-01-30 08:00:00
829,455,1,2026-01-30 09:00:00
130,379,4,2026-01-30 10:00:00
567,34,2,2026-01-30 11:00:00
890,254,5,2026-01-30 12:00:00
609,248,4,2026-01-30 13:00:00
848,434,5,2026-01-30 14:00:00
599,42,2,2026-01-30 15:00:00
806,289,5,2026-01-30 16:00:00
720,27,2,2026-01-30 18:00:00
334,462,5,2026-01-30 19:00:00
925,59,5,2026-01-30 20:00:00
154,147,5,2026-01-30 21:00:00
547,496,5,2026-01-30 22:00:00
79,115,2,2026-01-30 23:00:00
579,486,3,2026-01-31 00:00:00
855,460,4,2026-01-31 01:00:00
413,387,2,2026-01-31 02:00:00
546,199,5,2026-01-31 03:00:00
609,128,4,2026-01-31 04:00:00
169,376,5,2026-01-31 05:00:00
681,483,4,2026-01-31 06:00:00
663,153,4,2026-01-31 07:00:00
314,339,5,2026-01-31 10:00:00
32,444,5,2026-01-31 11:00:00
287,83,4,2026-01-31 12:00:00
594,23,5,2026-01-31 13:00:00
43,11,4,2026-01-31 14:00:00
903,187,5,2026-01-31 15:00:00
617,469,3,2026-01-31 16:00:00
1,116,4,2026-01-31 17:00:00
573,162,4,2026-01-31 18:00:00
270,103,4,2026-01-31 19:00:00
180,243,3,2026-01-31 20:00:00
736,7,4,2026-01-31 21:00:00
518,362,4,2026-01-31 22:00:00
103,172,2,2026-01-31 23:00:00
583,247,5,2026-02-01 01:00:00
226,192,4,2026-02-01 03:00:00
670,114,1,2026-02-01 04:00:00
917,358,2,2026-02-01 06:00:00
126,314,4,2026-02-01 07:00:00
956,276,1,2026-02-01 08:00:00
209,411,3,2026-02-01 09:00:00
97,373,2,2026-02-01 10:00:00
74,444,1,2026-02-01 11:00:00
627,136,5,2026-02-01 12:00:00
191,357,5,2026-02-01 13:00:00
682,195,4,2026-02-01 14:00:00
819,258,3,2026-02-01 15:00:00
960,278,5,2026-02-01 16:00:00
716,70,5,2026-02-01 17:00:00
56,359,5,2026-02-01 18:00:00
720,360,4,2026-02-01 19:00:00
553,36,1,2026-02-01 20:00:00
32,108,2,2026-02-01 21:00:00
574,140,5,2026-02-01 23:00:00
667,465,4,2026-02-02 00:00:00
284,22,3,2026-02-02 01:00:00
721,339,4,2026-02-02 02:00:00
832,329,5,2026-02-02 03:00:00
494,204,5,2026-02-02 04:00:00
187,380,4,2026-02-02 05:00:00
498,224,3,2026-02-02 06:00:00
442,223,3,2026-02-02 07:00:00
130,81,5,2026-02-02 08:00:00
639,407,5,2026-02-02 09:00:00
292,330,2,2026-02-02 10:00:00
114,191,2,2026-02-02 11:00:00
199,286,4,2026-02-02 12:00:00
13,147,3,2026-02-02 13:00:00
271,282,4,2026-02-02 14:00:00
601,474,4,2026-02-02 15:00:00
215,384,5,2026-02-02 16:00:00
444,11,5,2026-02-02 17:00:00
790,276,3,2026-02-02 18:00:00
512,374,4,2026-02-02 19:00:00
986,173,5,2026-02-02 21:00:00
993,452,5,2026-02-02 22:00:00
715,303,3,2026-02-02 23:00:00
74,204,2,2026-02-03 00:00:00
101,248,4,2026-02-03 02:00:00
176,314,2,2026-02-03 03:00:00
427,266,4,2026-02-03 04:00:00
117,22,4,2026-02-03 05:00:00
166,327,4,2026-02-03 06:00:00
41,24,5,2026-02-03 07:00:00
429,194,3,2026-02-03 08:00:00
344,96,5,2026-02-03 09:00:00
424,469,1,2026-02-03 10:00:00
366,445,2,2026-02-03 11:00:00
120,263,4,2026-02-03 12:00:00
609,72,4,2026-02-03 13:00:00
657,243,1,2026-02-03 14:00:00
728,383,4,2026-02-03 15:00:00
229,38,3,2026-02-03 16:00:00
825,405,5,2026-02-03 17:00:00
130,392,4,2026-02-03 18:00:00
352,377,4,2026-02-03 19:00:00
889,89,5,2026-02-03 20:00:00
318,28,5,2026-02-03 21:00:00
984,92,4,2026-02-03 22:00:00
836,159,4,2026-02-04 00:00:00
337,372,3,2026-02-04 01:00:00
273,228,2,2026-02-04 02:00:00
117,473,3,2026-02-04 03:00:00
818,372,5,2026-02-04 04:00:00
368,376,3,2026-02-04 05:00:00
94,41,2,2026-02-04 06:00:00
168,37,3,2026-02-04 07:00:00
954,125,4,2026-02-04 08:00:00
715,422,4,2026-02-04 09:00:00
341,179,4,2026-02-04 10:00:00
914,37,5,2026-02-04 12:00:00
695,101,4,2026-02-04 13:00:00
925,31,4,2026-02-04 14:00:00
152,190,5,2026-02-04 15:00:00
586,146,5,2026-02-04 16:00:00
877,90,4,2026-02-04 17:00:00
913,6,5,2026-02-04 18:00:00
274,393,4,2026-02-04 19:00:00
554,139,3,2026-02-04 20:00:00
496,95,3,2026-02-04 21:00:00
724,119,4,2026-02-04 22:00:00
101,366,4,2026-02-04 23:00:00
557,120,4,2026-02-05 00:00:00
82,386,5,2026-02-05 01:00:00
529,123,4,2026-02-05 02:00:00
73,285,3,2026-02-05 03:00:00
14,366,1,2026-02-05 04:00:00
433,377,5,2026-02-05 05:00:00
157,179,5,2026-02-05 06:00:00
735,490,4,2026-02-05 07:00:00
132,325,5,2026-02-05 08:00:00
338,407,5,2026-02-05 09:00:00
404,484,5,2026-02-05 10:00:00
376,7,3,2026-02-05 11:00:00
888,384,4,2026-02-05 12:00:00
559,312,2,2026-02-05 13:00:00
107,127,5,2026-02-05 14:00:00
620,77,5,2026-02-05 15:00:00
265,234,5,2026-02-05 16:00:00
205,318,4,2026-02-05 17:00:00
79,74,4,2026-02-05 18:00:00
155,484,4,2026-02-05 19:00:00
783,464,3,2026-02-05 20:00:00
988,271,4,2026-02-05 21:00:00
997,309,1,2026-02-05 22:00:00
247,427,5,2026-02-05 23:00:00
531,467,4,2026-02-06 00:00:00
858,469,5,2026-02-06 01:00:00
948,120,5,2026-02-06 02:00:00
538,35,3,2026-02-06 03:00:00
729,207,3,2026-02-06 04:00:00
154,496,5,2026-02-06 05:00:00
154,270,5,2026-02-06 06:00:00
686,93,3,2026-02-06 07:00:00
92,453,1,2026-02-06 08:00:00
433,378,4,2026-02-06 09:00:00
480,274,3,2026-02-06 11:00:00
693,179,5,2026-02-06 12:00:00
131,129,4,2026-02-06 13:00:00
450,125,4,2026-02-06 14:00:00
993,27,5,2026-02-06 15:00:00
810,64,4,2026-02-06 16:00:00
787,60,5,2026-02-06 17:00:00
273,219,2,2026-02-06 18:00:00
929,217,3,2026-02-06 19:00:00
588,169,2,2026-02-06 20:00:00
177,149,3,2026-02-06 21:00:00
696,270,5,2026-02-06 22:00:00
831,116,5,2026-02-06 23:00:00
643,245,5,2026-02-07 00:00:00
875,148,4,2026-02-07 01:00:00
49,92,5,2026-02-07 02:00:00
567,85,4,2026-02-07 03:00:00
666,87,1,2026-02-07 04:00:00
712,120,4,2026-02-07 06:00:00
308,450,3,2026-02-07 07:00:00
868,340,3,2026-02-07 08:00:00
885,24,3,2026-02-07 09:00:00
630,375,4,2026-02-07 10:00:00
775,89,2,2026-02-07 11:00:00
46,37,5,2026-02-07 12:00:00
302,342,4,2026-02-07 13:00:00
868,383,3,2026-02-07 14:00:00
912,408,5,2026-02-07 15:00:00
408,271,4,2026-02-07 16:00:00
189,12,3,2026-02-07 17:00:00
822,494,5,2026-02-07 18:00:00
830,95,3,2026-02-07 19:00:00
129,491,5,2026-02-07 20:00:00
561,448,4,2026-02-07 21:00:00
537,31,3,2026-02-07 22:00:00
266,437,4,2026-02-07 23:00:00
118,350,3,2026-02-08 00:00:00
464,233,2,2026-02-08 01:00:00
144,340,2,2026-02-08 02:00:00
442,328,3,2026-02-08 03:00:00
200,300,5,2026-02-08 04:00:00
157,286,5,2026-02-08 05:00:00
487,35,5,2026-02-08 06:00:00
860,21,3,2026-02-08 07:00:00
134,111,4,2026-02-08 08:00:00
912,488,3,2026-02-08 09:00:00
148,319,4,2026-02-08 10:00:00
336,348,5,2026-02-08 11:00:00
71,487,1,2026-02-08 12:00:00
233,145,5,2026-02-08 13:00:00
334,12,5,2026-02-08 14:00:00
811,244,5,2026-02-08 15:00:00
666,498,4,2026-02-08 16:00:00
90,146,5,2026-02-08 17:00:00
334,239,5,2026-02-08 18:00:00
199,92,5,2026-02-08 19:00:00
161,316,3,2026-02-08 20:00:00
538,323,4,2026-02-08 21:00:00
121,115,3,2026-02-08 22:00:00
301,15,5,2026-02-08 23:00:00
724,272,5,2026-02-09 00:00:00
575,22,4,2026-02-09 01:00:00
963,118,5,2026-02-09 02:00:00
436,369,5,2026-02-09 03:00:00
68,95,3,2026-02-09 04:00:00
765,447,4,2026-02-09 05:00:00
922,415,4,2026-02-09 06:00:00
459,257,5,2026-02-09 07:00:00
514,331,3,2026-02-09 08:00:00
398,262,5,2026-02-09 09:00:00
620,87,4,2026-02-09 10:00:00
286,393,2,2026-02-09 11:00:00
561,436,2,2026-02-09 12:00:00
140,464,2,2026-02-09 13:00:00
730,318,1,2026-02-09 14:00:00
556,58,4,2026-02-09 15:00:00
929,230,4,2026-02-09 16:00:00
781,108,2,2026-02-09 17:00:00
728,365,4,2026-02-09 19:00:00
894,141,2,2026-02-09 20:00:00
610,379,4,2026-02-09 21:00:00
748,160,5,2026-02-09 22:00:00
282,100,1,2026-02-09 23:00:00
661,265,2,2026-02-10 00:00:00
924,238,5,2026-02-10 01:00:00
816,238,5,2026-02-10 02:00:00
996,49,4,2026-02-10 03:00:00
936,165,4,2026-02-10 04:00:00
578,287,5,2026-02-10 05:00:00
746,415,5,2026-02-10 06:00:00
457,59,3,2026-02-10 07:00:00
87,183,4,2026-02-10 08:00:00
79,147,4,2026-02-10 09:00:00
205,447,1,2026-02-10 10:00:00
791,386,5,2026-02-10 11:00:00
337,301,4,2026-02-10 12:00:00
254,96,3,2026-02-10 13:00:00
304,43,5,2026-02-10 14:00:00
380,354,2,2026-02-10 15:00:00
130,257,1,2026-02-10 16:00:00
596,213,4,2026-02-10 17:00:00
276,189,3,2026-02-10 18:00:00
699,131,5,2026-02-10 19:00:00
558,347,1,2026-02-10 20:00:00
899,300,3,2026-02-10 21:00:00
183,391,3,2026-02-10 22:00:00
268,289,5,2026-02-10 23:00:00
808,137,3,2026-02-11 00:00:00
322,30,4,2026-02-11 01:00:00
512,146,5,2026-02-11 02:00:00
612,312,5,2026-02-11 03:00:00
78,474,5,2026-02-11 04:00:00
784,468,4,2026-02-11 05:00:00
339,486,4,2026-02-11 06:00:00
674,105,4,2026-02-11 07:00:00
556,287,5,2026-02-11 08:00:00
509,456,5,2026-02-11 09:00:00
238,191,5,2026-02-11 10:00:00
134,471,5,2026-02-11 11:00:00
973,178,2,2026-02-11 12:00:00
192,345,5,2026-02-11 13:00:00
356,239,5,2026-02-11 14:00:00
278,1,5,2026-02-11 15:00:00
18,110,5,2026-02-11 16:00:00
524,338,4,2026-02-11 17:00:00
180,275,4,2026-02-11 18:00:00
123,371,1,2026-02-11 19:00:00
246,382,4,2026-02-11 20:00:00
734,234,4,2026-02-11 21:00:00
373,64,5,2026-02-11 22:00:00
51,244,5,2026-02-11 23:00:00
1000,53,5,2026-02-12 00:00:00
71,262,1,2026-02-12 01:00:00
480,17,4,2026-02-12 02:00:00
560,302,4,2026-02-12 03:00:00
19,493,1,2026-02-12 04:00:00
774,456,3,2026-02-12 05:00:00
84,374,5,2026-02-12 06:00:00
155,234,2,2026-02-12 07:00:00
565,73,1,2026-02-12 08:00:00
619,357,4,2026-02-12 09:00:00
357,439,5,2026-02-12 10:00:00
816,91,5,2026-02-12 11:00:00
443,6,5,2026-02-12 13:00:00
69,198,4,2026-02-12 14:00:00
523,365,5,2026-02-12 15:00:00
143,196,4,2026-02-12 16:00:00
192,470,3,2026-02-12 17:00:00
387,296,4,2026-02-12 18:00:00
378,347,5,2026-02-12 19:00:00
581,485,5,2026-02-12 20:00:00
535,322,3,2026-02-12 21:00:00
693,137,4,2026-02-12 22:00:00
293,267,5,2026-02-12 23:00:00
9,404,1,2026-02-13 00:00:00
271,116,5,2026-02-13 01:00:00
387,43,4,2026-02-13 02:00:00
93,231,3,2026-02-13 03:00:00
966,58,4,2026-02-13 04:00:00
529,206,4,2026-02-13 05:00:00
154,410,5,2026-02-13 06:00:00
405,294,5,2026-02-13 07:00:00
840,94,4,2026-02-13 08:00:00
149,36,5,2026-02-13 09:00:00
889,230,5,2026-02-13 10:00:00
267,227,3,2026-02-13 11:00:00
422,183,4,2026-02-13 12:00:00
840,262,4,2026-02-13 13:00:00
618,131,1,2026-02-13 14:00:00
472,65,3,2026-02-13 15:00:00
893,380,5,2026-02-13 16:00:00
547,448,4,2026-02-13 17:00:00
631,186,3,2026-02-13 18:00:00
526,117,3,2026-02-13 19:00:00
503,186,3,2026-02-13 20:00:00
14,274,4,2026-02-13 21:00:00
652,352,2,2026-02-13 23:00:00
806,413,3,2026-02-14 00:00:00
364,151,4,2026-02-14 01:00:00
119,384,2,2026-02-14 02:00:00
238,36,1,2026-02-14 03:00:00
546,326,1,2026-02-14 04:00:00
169,465,3,2026-02-14 05:00:00
522,466,2,2026-02-14 06:00:00
634,95,4,2026-02-14 07:00:00
913,134,4,2026-02-14 08:00:00
657,162,3,2026-02-14 09:00:00
963,44,5,2026-02-14 10:00:00
735,283,2,2026-02-14 12:00:00
883,356,3,2026-02-14 13:00:00
769,240,5,2026-02-14 14:00:00
871,426,3,2026-02-14 16:00:00
516,281,2,2026-02-14 17:00:00
938,74,4,2026-02-14 18:00:00
397,295,4,2026-02-14 19:00:00
866,238,4,2026-02-14 20:00:00
106,167,4,2026-02-14 21:00:00
85,140,3,2026-02-14 22:00:00
214,139,2,2026-02-14 23:00:00
121,369,4,2026-02-15 00:00:00
132,235,5,2026-02-15 01:00:00
850,3,2,2026-02-15 02:00:00
197,256,5,2026-02-15 03:00:00
19,371,4,2026-02-15 04:00:00
642,278,3,2026-02-15 05:00:00
12,4,5,2026-02-15 06:00:00
81,392,4,2026-02-15 07:00:00
330,270,4,2026-02-15 08:00:00
866,212,4,2026-02-15 09:00:00
774,216,2,2026-02-15 10:00:00
392,270,4,2026-02-15 11:00:00
637,476,4,2026-02-15 12:00:00
307,16,2,2026-02-15 13:00:00
267,416,4,2026-02-15 14:00:00
447,64,1,2026-02-15 15:00:00
895,460,5,2026-02-15 17:00:00
652,16,1,2026-02-15 18:00:00
841,52,4,2026-02-15 19:00:00
2,19,5,2026-02-15 20:00:00
520,325,2,2026-02-15 21:00:00
762,396,4,2026-02-15 22:00:00
651,93,4,2026-02-15 23:00:00
636,261,4,2026-02-16 00:00:00
309,298,4,2026-02-16 01:00:00
740,17,4,2026-02-16 02:00:00
522,111,2,2026-02-16 03:00:00
469,328,2,2026-02-16 04:00:00
212,360,5,2026-02-16 05:00:00
112,488,3,2026-02-16 06:00:00
8,94,5,2026-02-16 07:00:00
804,10,5,2026-02-16 08:00:00
477,212,1,2026-02-16 09:00:00
874,237,3,2026-02-16 10:00:00
460,254,3,2026-02-16 11:00:00
253,16,4,2026-02-16 12:00:00
526,489,5,2026-02-16 13:00:00
752,144,1,2026-02-16 14:00:00
438,42,3,2026-02-16 15:00:00
754,3,3,2026-02-16 16:00:00
981,407,2,2026-02-16 17:00:00
854,470,4,2026-02-16 18:00:00
661,377,4,2026-02-16 19:00:00
236,156,3,2026-02-16 20:00:00
306,494,4,2026-02-16 21:00:00
478,173,3,2026-02-16 22:00:00
679,484,3,2026-02-16 23:00:00
20,452,3,2026-02-17 00:00:00
216,486,4,2026-02-17 01:00:00
855,24,4,2026-02-17 02:00:00
135,275,2,2026-02-17 03:00:00
905,75,1,2026-02-17 04:00:00
129,40,2,2026-02-17 05:00:00
410,302,1,2026-02-17 06:00:00
422,40,4,2026-02-17 07:00:00
294,62,3,2026-02-17 08:00:00
246,238,4,2026-02-17 09:00:00
701,487,3,2026-02-17 10:00:00
556,245,4,2026-02-17 11:00:00
86,18,5,2026-02-17 12:00:00
556,140,4,2026-02-17 13:00:00
842,398,1,2026-02-17 14:00:00
375,495,1,2026-02-17 15:00:00
446,82,3,2026-02-17 16:00:00
378,189,4,2026-02-17 17:00:00
390,108,1,2026-02-17 18:00:00
657,234,3,2026-02-17 19:00:00
51,268,5,2026-02-17 20:00:00
242,104,2,2026-02-17 21:00:00
294,411,5,2026-02-17 22:00:00
920,134,5,2026-02-17 23:00:00
563,344,5,2026-02-18 00:00:00
266,371,5,2026-02-18 01:00:00
120,33,2,2026-02-18 02:00:00
712,237,2,2026-02-18 03:00:00
917,374,2,2026-02-18 04:00:00
248,336,2,2026-02-18 05:00:00
70,178,3,2026-02-18 06:00:00
853,12,5,2026-02-18 07:00:00
57,351,3,2026-02-18 08:00:00
382,441,3,2026-02-18 09:00:00
39,229,4,2026-02-18 10:00:00
984,309,2,2026-02-18 11:00:00
801,269,3,2026-02-18 12:00:00
443,378,3,2026-02-18 13:00:00
18,456,5,2026-02-18 14:00:00
952,358,4,2026-02-18 15:00:00
732,131,4,2026-02-18 16:00:00
825,249,2,2026-02-18 17:00:00
756,448,5,2026-02-18 18:00:00
352,468,3,2026-02-18 19:00:00
972,58,5,2026-02-18 20:00:00
816,4,5,2026-02-18 21:00:00
298,236,4,2026-02-18 22:00:00
283,173,4,2026-02-18 23:00:00
586,322,2,2026-02-19 00:00:00
110,371,3,2026-02-19 01:00:00
938,279,2,2026-02-19 03:00:00
544,237,5,2026-02-19 04:00:00
746,275,4,2026-02-19 05:00:00
794,296,4,2026-02-19 06:00:00
25,328,4,2026-02-19 07:00:00
843,400,2,2026-02-19 08:00:00
791,58,3,2026-02-19 09:00:00
738,363,3,2026-02-19 10:00:00
57,18,3,2026-02-19 11:00:00
180,36,5,2026-02-19 12:00:00
232,408,3,2026-02-19 13:00:00
894,129,4,2026-02-19 14:00:00
343,1,2,2026-02-19 15:00:00
477,64,5,2026-02-19 16:00:00
799,62,4,2026-02-19 17:00:00
576,366,4,2026-02-19 18:00:00
455,420,5,2026-02-19 19:00:00
232,331,5,2026-02-19 20:00:00
289,146,4,2026-02-19 21:00:00
258,17,4,2026-02-19 23:00:00
530,280,5,2026-02-20 00:00:00
687,98,4,2026-02-20 01:00:00
929,452,2,2026-02-20 02:00:00
229,227,5,2026-02-20 03:00:00
226,463,2,2026-02-20 04:00:00
596,386,3,2026-02-20 05:00:00
803,243,2,2026-02-20 06:00:00
435,479,3,2026-02-20 07:00:00
882,201,3,2026-02-20 08:00:00
758,394,4,2026-02-20 09:00:00
402,437,5,2026-02-20 10:00:00
622,473,1,2026-02-20 11:00:00
766,179,5,2026-02-20 12:00:00
88,453,2,2026-02-20 13:00:00
584,270,1,2026-02-20 14:00:00
893,234,4,2026-02-20 15:00:00
542,112,5,2026-02-20 16:00:00
684,486,2,2026-02-20 17:00:00
309,488,3,2026-02-20 18:00:00
906,66,2,2026-02-20 19:00:00
343,338,5,2026-02-20 20:00:00
436,349,3,2026-02-20 21:00:00
177,437,4,2026-02-20 22:00:00
194,245,4,2026-02-21 00:00:00
186,468,5,2026-02-21 01:00:00
218,448,5,2026-02-21 02:00:00
164,72,4,2026-02-21 03:00:00
161,357,4,2026-02-21 04:00:00
943,49,3,2026-02-21 05:00:00
525,496,5,2026-02-21 06:00:00
808,346,3,2026-02-21 07:00:00
601,190,5,2026-02-21 08:00:00
836,293,3,2026-02-21 09:00:00
42,177,3,2026-02-21 10:00:00
915,452,2,2026-02-21 11:00:00
210,161,4,2026-02-21 12:00:00
862,70,2,2026-02-21 14:00:00
275,33,3,2026-02-21 15:00:00
954,284,3,2026-02-21 16:00:00
279,344,4,2026-02-21 17:00:00
251,260,3,2026-02-21 18:00:00
310,322,1,2026-02-21 19:00:00
720,77,4,2026-02-21 20:00:00
833,110,5,2026-02-21 21:00:00
140,305,4,2026-02-21 22:00:00
792,384,5,2026-02-21 23:00:00
546,139,2,2026-02-22 00:00:00
821,35,5,2026-02-22 01:00:00
904,423,4,2026-02-22 02:00:00
530,394,4,2026-02-22 03:00:00
57,235,4,2026-02-22 04:00:00
112,330,3,2026-02-22 05:00:00
5,200,3,2026-02-22 06:00:00
410,325,4,2026-02-22 07:00:00
414,151,1,2026-02-22 08:00:00
182,34,4,2026-02-22 09:00:00
13,124,5,2026-02-22 10:00:00
339,367,3,2026-02-22 11:00:00
797,32,3,2026-02-22 12:00:00
259,272,3,2026-02-22 13:00:00
90,324,2,2026-02-22 14:00:00
616,310,2,2026-02-22 15:00:00
891,124,2,2026-02-22 16:00:00
698,412,1,2026-02-22 17:00:00
250,368,3,2026-02-22 18:00:00
255,492,3,2026-02-22 19:00:00
588,316,5,2026-02-22 20:00:00
898,78,5,2026-02-22 21:00:00
971,76,2,2026-02-22 22:00:00
108,60,3,2026-02-22 23:00:00
668,85,4,2026-02-23 00:00:00
594,368,2,2026-02-23 01:00:00
589,80,4,2026-02-23 02:00:00
485,374,3,2026-02-23 03:00:00
982,172,3,2026-02-23 04:00:00
972,258,5,2026-02-23 05:00:00
258,279,5,2026-02-23 06:00:00
639,221,5,2026-02-23 07:00:00
997,46,3,2026-02-23 08:00:00
903,491,5,2026-02-23 09:00:00
282,73,4,2026-02-23 10:00:00
986,54,4,2026-02-23 11:00:00
88,327,5,2026-02-23 12:00:00
204,221,5,2026-02-23 13:00:00
16,492,5,2026-02-23 14:00:00
151,381,3,2026-02-23 15:00:00
936,337,4,2026-02-23 16:00:00
254,9,4,2026-02-23 17:00:00
188,326,5,2026-02-23 18:00:00
544,84,3,2026-02-23 20:00:00
783,330,4,2026-02-23 21:00:00
997,329,1,2026-02-23 22:00:00
397,12,5,2026-02-23 23:00:00
517,481,2,2026-02-24 00:00:00
459,32,4,2026-02-24 01:00:00
330,418,5,2026-02-24 02:00:00
820,339,4,2026-02-24 03:00:00
845,289,5,2026-02-24 04:00:00
169,320,5,2026-02-24 05:00:00
693,304,1,2026-02-24 06:00:00
178,178,4,2026-02-24 08:00:00
655,114,4,2026-02-24 09:00:00
362,407,4,2026-02-24 10:00:00
760,26,4,2026-02-24 11:00:00
639,237,2,2026-02-24 12:00:00
775,310,4,2026-02-24 13:00:00
40,172,1,2026-02-24 14:00:00
924,233,2,2026-02-24 15:00:00
416,37,4,2026-02-24 16:00:00
355,265,4,2026-02-24 17:00:00
143,13,5,2026-02-24 19:00:00
752,496,3,2026-02-24 20:00:00
740,316,5,2026-02-24 21:00:00
853,106,3,2026-02-24 22:00:00
710,126,2,2026-02-24 23:00:00
577,336,5,2026-02-25 00:00:00
900,494,4,2026-02-25 01:00:00
11,384,3,2026-02-25 02:00:00
620,130,3,2026-02-25 03:00:00
26,479,2,2026-02-25 04:00:00
957,316,3,2026-02-25 05:00:00
421,256,1,2026-02-25 06:00:00
663,441,4,2026-02-25 07:00:00
221,115,5,2026-02-25 08:00:00
853,299,5,2026-02-25 09:00:00
237,124,5,2026-02-25 11:00:00
219,139,2,2026-02-25 13:00:00
487,206,5,2026-02-25 14:00:00
936,47,3,2026-02-25 15:00:00
461,217,3,2026-02-25 16:00:00
663,319,2,2026-02-25 17:00:00
635,391,4,2026-02-25 18:00:00
144,463,2,2026-02-25 19:00:00
990,350,5,2026-02-25 20:00:00
189,123,4,2026-02-25 21:00:00
255,31,4,2026-02-25 22:00:00
68,472,1,2026-02-25 23:00:00
616,55,5,2026-02-26 00:00:00
336,153,4,2026-02-26 01:00:00
671,456,4,2026-02-26 02:00:00
821,286,5,2026-02-26 03:00:00
874,36,1,2026-02-26 04:00:00
409,306,3,2026-02-26 05:00:00
300,398,4,2026-02-26 06:00:00
908,285,4,2026-02-26 07:00:00
357,373,3,2026-02-26 09:00:00
256,256,3,2026-02-26 10:00:00
353,178,5,2026-02-26 11:00:00
732,36,3,2026-02-26 12:00:00
521,254,3,2026-02-26 13:00:00
524,162,5,2026-02-26 14:00:00
837,21,4,2026-02-26 15:00:00
756,75,4,2026-02-26 17:00:00
694,481,4,2026-02-26 18:00:00
284,207,4,2026-02-26 19:00:00
312,460,1,2026-02-26 20:00:00
99,472,5,2026-02-26 21:00:00
197,178,2,2026-02-26 22:00:00
482,382,3,2026-02-26 23:00:00
878,37,2,2026-02-27 00:00:00
226,459,5,2026-02-27 01:00:00
845,120,4,2026-02-27 02:00:00
615,403,5,2026-02-27 03:00:00
618,118,4,2026-02-27 04:00:00
365,1,2,2026-02-27 05:00:00
368,209,3,2026-02-27 06:00:00
570,424,4,2026-02-27 07:00:00
590,311,3,2026-02-27 08:00:00
75,208,3,2026-02-27 09:00:00
42,154,5,2026-02-27 10:00:00
422,250,5,2026-02-27 11:00:00
181,315,5,2026-02-27 13:00:00
545,307,4,2026-02-27 14:00:00
71,107,1,2026-02-27 15:00:00
568,143,3,2026-02-27 16:00:00
105,8,3,2026-02-27 17:00:00
200,94,3,2026-02-27 18:00:00
101,398,3,2026-02-27 19:00:00
768,97,5,2026-02-27 20:00:00
307,490,4,2026-02-27 21:00:00
586,7,5,2026-02-27 22:00:00
683,274,3,2026-02-27 23:00:00
377,12,2,2026-02-28 00:00:00
655,2,5,2026-02-28 01:00:00
678,434,4,2026-02-28 02:00:00
399,349,5,2026-02-28 03:00:00
773,405,1,2026-02-28 04:00:00
221,7,5,2026-02-28 05:00:00
595,500,4,2026-02-28 06:00:00
307,12,4,2026-02-28 08:00:00
522,340,5,2026-02-28 09:00:00
396,57,1,2026-02-28 10:00:00
4,78,5,2026-02-28 11:00:00
863,74,4,2026-02-28 12:00:00
914,233,3,2026-02-28 13:00:00
848,279,2,2026-02-28 14:00:00
804,367,3,2026-02-28 16:00:00
281,314,4,2026-02-28 17:00:00
215,95,5,2026-02-28 18:00:00
972,308,4,2026-02-28 19:00:00
610,56,4,2026-02-28 20:00:00
420,10,2,2026-02-28 21:00:00
101,403,5,2026-02-28 22:00:00
963,147,3,2026-02-28 23:00:00
521,364,3,2026-03-01 00:00:00
573,87,4,2026-03-01 01:00:00
309,253,5,2026-03-01 02:00:00
658,187,5,2026-03-01 03:00:00
939,428,5,2026-03-01 04:00:00
931,233,5,2026-03-01 05:00:00
63,443,2,2026-03-01 07:00:00
633,224,4,2026-03-01 08:00:00
226,340,1,2026-03-01 09:00:00
105,4,2,2026-03-01 10:00:00
974,353,1,2026-03-01 11:00:00
772,112,2,2026-03-01 12:00:00
861,193,4,2026-03-01 13:00:00
425,141,3,2026-03-01 14:00:00
255,323,3,2026-03-01 15:00:00
429,140,5,2026-03-01 16:00:00
434,349,4,2026-03-01 17:00:00
207,439,5,2026-03-01 18:00:00
28,445,4,2026-03-01 19:00:00
682,95,3,2026-03-01 20:00:00
336,41,2,2026-03-01 21:00:00
588,420,4,2026-03-01 22:00:00
628,2,5,2026-03-01 23:00:00
69,278,2,2026-03-02 00:00:00
866,150,5,2026-03-02 01:00:00
746,41,4,2026-03-02 02:00:00
513,351,2,2026-03-02 03:00:00
167,116,4,2026-03-02 04:00:00
864,120,4,2026-03-02 05:00:00
730,237,1,2026-03-02 06:00:00
785,270,3,2026-03-02 07:00:00
368,349,5,2026-03-02 08:00:00
251,291,4,2026-03-02 09:00:00
859,434,3,2026-03-02 10:00:00
856,9,5,2026-03-02 11:00:00
931,239,3,2026-03-02 12:00:00
686,118,3,2026-03-02 13:00:00
170,352,3,2026-03-02 14:00:00
758,315,5,2026-03-02 15:00:00
935,312,4,2026-03-02 16:00:00
90,475,4,2026-03-02 17:00:00
561,10,5,2026-03-02 18:00:00
446,25,5,2026-03-02 19:00:00
294,497,2,2026-03-02 20:00:00
919,173,5,2026-03-02 21:00:00
150,225,5,2026-03-02 22:00:00
132,11,3,2026-03-02 23:00:00
433,101,3,2026-03-03 00:00:00
59,265,5,2026-03-03 01:00:00
969,391,3,2026-03-03 02:00:00
836,327,3,2026-03-03 03:00:00
199,418,5,2026-03-03 04:00:00
215,83,5,2026-03-03 05:00:00
898,276,1,2026-03-03 06:00:00
561,370,4,2026-03-03 07:00:00
472,490,4,2026-03-03 08:00:00
744,345,4,2026-03-03 09:00:00
247,261,5,2026-03-03 10:00:00
382,368,4,2026-03-03 11:00:00
991,221,4,2026-03-03 12:00:00
239,311,5,2026-03-03 13:00:00
927,219,1,2026-03-03 14:00:00
367,89,1,2026-03-03 15:00:00
168,485,4,2026-03-03 16:00:00
560,15,3,2026-03-03 17:00:00
51,246,2,2026-03-03 18:00:00
811,176,3,2026-03-03 19:00:00
610,4,4,2026-03-03 20:00:00
951,334,5,2026-03-03 21:00:00
728,376,2,2026-03-03 22:00:00
689,369,4,2026-03-03 23:00:00
380,465,3,2026-03-04 00:00:00
474,21,4,2026-03-04 01:00:00
80,208,4,2026-03-04 02:00:00
697,474,5,2026-03-04 03:00:00
367,137,1,2026-03-04 04:00:00
461,322,4,2026-03-04 05:00:00
911,363,2,2026-03-04 06:00:00
539,463,4,2026-03-04 07:00:00
452,419,5,2026-03-04 08:00:00
464,216,5,2026-03-04 09:00:00
960,368,3,2026-03-04 10:00:00
478,117,5,2026-03-04 11:00:00
926,179,3,2026-03-04 12:00:00
420,246,1,2026-03-04 13:00:00
707,128,5,2026-03-04 14:00:00
214,358,2,2026-03-04 15:00:00
369,78,1,2026-03-04 16:00:00
854,229,3,2026-03-04 17:00:00
114,293,3,2026-03-04 18:00:00
754,262,1,2026-03-04 19:00:00
503,82,5,2026-03-04 20:00:00
636,342,4,2026-03-04 21:00:00
817,338,4,2026-03-04 22:00:00
588,307,3,2026-03-04 23:00:00
311,66,4,2026-03-05 00:00:00
469,96,5,2026-03-05 01:00:00
824,145,5,2026-03-05 02:00:00
708,65,5,2026-03-05 03:00:00
863,9,4,2026-03-05 04:00:00
44,397,5,2026-03-05 05:00:00
415,484,3,2026-03-05 06:00:00
698,357,1,2026-03-05 07:00:00
855,186,5,2026-03-05 08:00:00
246,158,2,2026-03-05 09:00:00
949,31,1,2026-03-05 10:00:00
84,151,5,2026-03-05 11:00:00
207,319,5,2026-03-05 12:00:00
151,242,2,2026-03-05 13:00:00
668,156,5,2026-03-05 14:00:00
528,59,5,2026-03-05 15:00:00
165,10,5,2026-03-05 16:00:00
917,345,4,2026-03-05 17:00:00
975,124,5,2026-03-05 18:00:00
145,356,5,2026-03-05 19:00:00
37,346,4,2026-03-05 20:00:00
403,237,4,2026-03-05 22:00:00
414,333,4,2026-03-05 23:00:00
45,17,5,2026-03-06 00:00:00
402,424,3,2026-03-06 01:00:00
206,324,2,2026-03-06 02:00:00
62,23,5,2026-03-06 03:00:00
420,419,3,2026-03-06 04:00:00
868,459,4,2026-03-06 05:00:00
468,460,2,2026-03-06 06:00:00
820,9,4,2026-03-06 07:00:00
19,207,5,2026-03-06 08:00:00
365,45,5,2026-03-06 09:00:00
300,421,3,2026-03-06 10:00:00
7,453,5,2026-03-06 11:00:00
761,403,3,2026-03-06 12:00:00
428,331,4,2026-03-06 13:00:00
117,457,4,2026-03-06 14:00:00
580,483,5,2026-03-06 15:00:00
507,498,1,2026-03-06 16:00:00
546,27,4,2026-03-06 17:00:00
706,397,3,2026-03-06 18:00:00
325,441,1,2026-03-06 19:00:00
55,188,5,2026-03-06 20:00:00
778,140,4,2026-03-06 21:00:00
992,9,5,2026-03-06 22:00:00
42,234,3,2026-03-06 23:00:00
297,92,5,2026-03-07 00:00:00
973,77,5,2026-03-07 01:00:00
231,340,4,2026-03-07 02:00:00
453,244,4,2026-03-07 03:00:00
890,333,5,2026-03-07 04:00:00
394,155,5,2026-03-07 05:00:00
522,218,4,2026-03-07 06:00:00
358,447,4,2026-03-07 07:00:00
987,477,5,2026-03-07 08:00:00
444,285,1,2026-03-07 09:00:00
128,150,4,2026-03-07 10:00:00
691,329,5,2026-03-07 11:00:00
405,88,5,2026-03-07 12:00:00
392,106,5,2026-03-07 13:00:00
193,403,2,2026-03-07 14:00:00
604,294,5,2026-03-07 15:00:00
881,95,4,2026-03-07 16:00:00
743,253,3,2026-03-07 17:00:00
78,39,4,2026-03-07 18:00:00
85,399,5,2026-03-07 19:00:00
30,255,2,2026-03-07 20:00:00
725,54,5,2026-03-07 21:00:00
49,416,5,2026-03-07 22:00:00
777,243,1,2026-03-07 23:00:00
145,110,5,2026-03-08 00:00:00
69,254,5,2026-03-08 01:00:00
58,112,1,2026-03-08 02:00:00
697,174,3,2026-03-08 03:00:00
574,189,3,2026-03-08 04:00:00
479,221,3,2026-03-08 05:00:00
820,249,5,2026-03-08 06:00:00
445,52,3,2026-03-08 07:00:00
296,162,5,2026-03-08 08:00:00
678,457,5,2026-03-08 09:00:00
171,35,3,2026-03-08 10:00:00
575,454,4,2026-03-08 11:00:00
147,37,4,2026-03-08 12:00:00
484,334,4,2026-03-08 13:00:00
306,317,3,2026-03-08 14:00:00
673,111,2,2026-03-08 15:00:00
653,370,1,2026-03-08 16:00:00
846,177,2,2026-03-08 17:00:00
609,9,5,2026-03-08 18:00:00
446,275,3,2026-03-08 19:00:00
221,471,1,2026-03-08 20:00:00
555,121,4,2026-03-08 21:00:00
945,105,1,2026-03-08 22:00:00
804,156,1,2026-03-08 23:00:00
378,336,4,2026-03-09 00:00:00
620,26,4,2026-03-09 01:00:00
266,422,1,2026-03-09 02:00:00
95,296,4,2026-03-09 03:00:00
262,25,4,2026-03-09 04:00:00
825,355,4,2026-03-09 05:00:00
897,374,5,2026-03-09 06:00:00
71,69,3,2026-03-09 07:00:00
954,327,4,2026-03-09 08:00:00
219,151,5,2026-03-09 09:00:00
533,345,5,2026-03-09 10:00:00
92,65,5,2026-03-09 11:00:00
127,150,4,2026-03-09 12:00:00
80,320,4,2026-03-09 13:00:00
824,245,4,2026-03-09 14:00:00
238,452,5,2026-03-09 15:00:00
983,58,5,2026-03-09 16:00:00
372,156,3,2026-03-09 17:00:00
916,112,2,2026-03-09 18:00:00
486,123,3,2026-03-09 19:00:00
694,462,3,2026-03-09 20:00:00
25,353,5,2026-03-09 21:00:00
156,452,3,2026-03-09 22:00:00
517,362,2,2026-03-09 23:00:00
632,203,5,2026-03-10 00:00:00
789,487,2,2026-03-10 01:00:00
530,480,3,2026-03-10 02:00:00
943,4,4,2026-03-10 03:00:00
710,129,4,2026-03-10 04:00:00
57,26,3,2026-03-10 05:00:00
605,289,4,2026-03-10 06:00:00
19,465,2,2026-03-10 07:00:00
384,27,4,2026-03-10 08:00:00
865,42,4,2026-03-10 09:00:00
193,453,5,2026-03-10 10:00:00
387,64,4,2026-03-10 12:00:00
426,25,4,2026-03-10 13:00:00
277,72,2,2026-03-10 14:00:00
227,482,2,2026-03-10 15:00:00
745,361,5,2026-03-10 16:00:00
552,388,3,2026-03-10 17:00:00
323,268,4,2026-03-10 18:00:00
153,314,2,2026-03-10 19:00:00
639,95,5,2026-03-10 20:00:00
237,395,5,2026-03-10 21:00:00
998,357,3,2026-03-10 22:00:00
55,364,4,2026-03-10 23:00:00
980,315,4,2026-03-11 00:00:00
436,117,5,2026-03-11 01:00:00
684,164,1,2026-03-11 02:00:00
109,365,4,2026-03-11 03:00:00
866,278,4,2026-03-11 04:00:00
981,65,3,2026-03-11 05:00:00
951,260,3,2026-03-11 07:00:00
368,228,5,2026-03-11 08:00:00
983,200,1,2026-03-11 09:00:00
198,473,4,2026-03-11 10:00:00
371,220,3,2026-03-11 11:00:00
373,180,3,2026-03-11 12:00:00
973,358,4,2026-03-11 13:00:00
497,228,5,2026-03-11 14:00:00
599,484,4,2026-03-11 15:00:00
201,252,5,2026-03-11 16:00:00
849,299,4,2026-03-11 17:00:00
509,361,4,2026-03-11 18:00:00
322,430,4,2026-03-11 19:00:00
275,4,5,2026-03-11 20:00:00
211,141,4,2026-03-11 21:00:00
504,166,4,2026-03-11 22:00:00
903,254,4,2026-03-11 23:00:00
118,429,3,2026-03-12 00:00:00
703,153,3,2026-03-12 01:00:00
554,67,1,2026-03-12 02:00:00
42,55,5,2026-03-12 03:00:00
315,96,3,2026-03-12 04:00:00
788,167,3,2026-03-12 05:00:00
329,321,5,2026-03-12 06:00:00
17,331,4,2026-03-12 07:00:00
283,386,2,2026-03-12 08:00:00
943,453,5,2026-03-12 09:00:00
258,376,3,2026-03-12 10:00:00
575,342,4,2026-03-12 11:00:00
574,62,4,2026-03-12 12:00:00
612,174,3,2026-03-12 13:00:00
19,253,2,2026-03-12 14:00:00
529,461,3,2026-03-12 15:00:00
837,112,2,2026-03-12 16:00:00
423,215,3,2026-03-12 17:00:00
466,239,5,2026-03-12 18:00:00
373,415,4,2026-03-12 19:00:00
758,227,5,2026-03-12 20:00:00
763,230,4,2026-03-12 21:00:00
967,233,4,2026-03-12 22:00:00
81,163,2,2026-03-12 23:00:00
551,126,3,2026-03-13 00:00:00
548,429,4,2026-03-13 01:00:00
424,253,5,2026-03-13 02:00:00
429,333,1,2026-03-13 03:00:00
388,438,4,2026-03-13 04:00:00
998,199,1,2026-03-13 05:00:00
921,197,4,2026-03-13 06:00:00
709,122,4,2026-03-13 07:00:00
670,413,5,2026-03-13 08:00:00
204,456,2,2026-03-13 09:00:00
196,264,2,2026-03-13 10:00:00
728,54,4,2026-03-13 11:00:00
285,135,5,2026-03-13 12:00:00
969,339,3,2026-03-13 13:00:00
196,359,4,2026-03-13 14:00:00
307,151,4,2026-03-13 15:00:00
664,100,2,2026-03-13 16:00:00
837,32,3,2026-03-13 18:00:00
146,62,5,2026-03-13 19:00:00
938,429,4,2026-03-13 20:00:00
57,196,4,2026-03-13 21:00:00
723,30,1,2026-03-13 22:00:00
780,243,5,2026-03-13 23:00:00
210,106,3,2026-03-14 00:00:00
529,295,4,2026-03-14 01:00:00
798,133,5,2026-03-14 02:00:00
344,451,4,2026-03-14 03:00:00
715,22,3,2026-03-14 04:00:00
611,156,5,2026-03-14 05:00:00
279,406,3,2026-03-14 06:00:00
209,384,5,2026-03-14 07:00:00
641,214,2,2026-03-14 08:00:00
335,226,3,2026-03-14 09:00:00
288,285,2,2026-03-14 10:00:00
252,171,1,2026-03-14 11:00:00
265,42,3,2026-03-14 12:00:00
271,60,2,2026-03-14 13:00:00
924,375,5,2026-03-14 14:00:00
920,77,5,2026-03-14 15:00:00
700,455,1,2026-03-14 16:00:00
419,202,3,2026-03-14 17:00:00
726,220,4,2026-03-14 18:00:00
795,452,3,2026-03-14 19:00:00
211,187,5,2026-03-14 20:00:00
365,96,4,2026-03-14 21:00:00
76,342,4,2026-03-14 22:00:00
660,212,4,2026-03-14 23:00:00
321,368,4,2026-03-15 00:00:00
433,262,3,2026-03-15 02:00:00
109,329,1,2026-03-15 03:00:00
641,412,4,2026-03-15 04:00:00
522,77,4,2026-03-15 05:00:00
47,31,5,2026-03-15 06:00:00
379,39,3,2026-03-15 07:00:00
827,306,4,2026-03-15 08:00:00
96,334,2,2026-03-15 09:00:00
103,126,5,2026-03-15 11:00:00
892,165,5,2026-03-15 12:00:00
854,246,5,2026-03-15 13:00:00
146,109,5,2026-03-15 14:00:00
880,88,5,2026-03-15 15:00:00
942,200,3,2026-03-15 16:00:00
928,271,3,2026-03-15 17:00:00
27,51,4,2026-03-15 18:00:00
732,489,5,2026-03-15 19:00:00
530,198,4,2026-03-15 20:00:00
679,23,2,2026-03-15 21:00:00
945,153,5,2026-03-15 22:00:00
989,223,3,2026-03-15 23:00:00
82,430,4,2026-03-16 00:00:00
428,221,5,2026-03-16 01:00:00
584,151,5,2026-03-16 02:00:00
822,266,5,2026-03-16 03:00:00
479,73,5,2026-03-16 04:00:00
766,369,4,2026-03-16 05:00:00
162,77,4,2026-03-16 06:00:00
839,32,4,2026-03-16 07:00:00
932,369,5,2026-03-16 08:00:00
402,435,3,2026-03-16 09:00:00
508,493,3,2026-03-16 10:00:00
38,425,3,2026-03-16 11:00:00
955,65,4,2026-03-16 12:00:00
511,449,1,2026-03-16 13:00:00
393,357,5,2026-03-16 14:00:00
713,424,2,2026-03-16 15:00:00
200,164,2,2026-03-16 17:00:00
255,287,4,2026-03-16 18:00:00
179,54,3,2026-03-16 19:00:00
547,63,3,2026-03-16 20:00:00
594,257,5,2026-03-16 21:00:00
389,239,5,2026-03-16 22:00:00
398,436,5,2026-03-16 23:00:00
732,484,4,2026-03-17 00:00:00
158,441,5,2026-03-17 01:00:00
4,9,5,2026-03-17 02:00:00
167,470,5,2026-03-17 03:00:00
468,120,1,2026-03-17 04:00:00
960,348,1,2026-03-17 05:00:00
409,90,2,2026-03-17 06:00:00
412,372,5,2026-03-17 07:00:00
204,458,4,2026-03-17 08:00:00
194,312,4,2026-03-17 09:00:00
235,175,4,2026-03-17 10:00:00
718,3,5,2026-03-17 11:00:00
150,130,5,2026-03-17 12:00:00
159,54,5,2026-03-17 13:00:00
279,293,5,2026-03-17 14:00:00
404,415,4,2026-03-17 16:00:00
893,353,5,2026-03-17 17:00:00
678,224,5,2026-03-17 18:00:00
311,491,4,2026-03-17 19:00:00
68,12,1,2026-03-17 20:00:00
463,442,1,2026-03-17 21:00:00
88,195,2,2026-03-17 22:00:00
217,247,4,2026-03-17 23:00:00
1,368,4,2026-03-18 00:00:00
135,154,5,2026-03-18 01:00:00
697,78,4,2026-03-18 02:00:00
351,140,3,2026-03-18 03:00:00
140,500,2,2026-03-18 04:00:00
618,90,5,2026-03-18 05:00:00
133,144,4,2026-03-18 06:00:00
620,437,4,2026-03-18 07:00:00
178,72,4,2026-03-18 08:00:00
810,433,2,2026-03-18 09:00:00
358,177,1,2026-03-18 10:00:00
380,348,3,2026-03-18 11:00:00
908,263,3,2026-03-18 12:00:00
871,271,4,2026-03-18 13:00:00
658,105,4,2026-03-18 14:00:00
450,420,5,2026-03-18 15:00:00
586,72,5,2026-03-18 16:00:00
463,74,4,2026-03-18 17:00:00
990,143,4,2026-03-18 18:00:00
108,62,4,2026-03-18 19:00:00
122,146,2,2026-03-18 20:00:00
17,46,5,2026-03-18 21:00:00
196,229,4,2026-03-18 22:00:00
327,105,5,2026-03-18 23:00:00
318,109,5,2026-03-19 00:00:00
809,317,4,2026-03-19 01:00:00
479,121,2,2026-03-19 02:00:00
252,499,4,2026-03-19 03:00:00
503,43,4,2026-03-19 04:00:00
999,428,5,2026-03-19 05:00:00
119,99,1,2026-03-19 06:00:00
674,194,4,2026-03-19 07:00:00
710,311,5,2026-03-19 08:00:00
486,463,2,2026-03-19 10:00:00
45,229,5,2026-03-19 11:00:00
314,423,2,2026-03-19 12:00:00
179,484,5,2026-03-19 13:00:00
894,389,3,2026-03-19 14:00:00
418,185,5,2026-03-19 15:00:00
556,112,4,2026-03-19 16:00:00
783,399,3,2026-03-19 17:00:00
78,347,3,2026-03-19 18:00:00
326,272,3,2026-03-19 19:00:00
690,313,4,2026-03-19 20:00:00
357,484,5,2026-03-19 21:00:00
416,102,5,2026-03-19 22:00:00
963,210,5,2026-03-19 23:00:00
515,227,5,2026-03-20 00:00:00
214,281,5,2026-03-20 01:00:00
854,22,5,2026-03-20 02:00:00
74,248,3,2026-03-20 03:00:00
563,159,5,2026-03-20 04:00:00
579,379,3,2026-03-20 05:00:00
332,418,3,2026-03-20 07:00:00
93,343,3,2026-03-20 08:00:00
688,400,3,2026-03-20 09:00:00
657,454,4,2026-03-20 10:00:00
519,187,2,2026-03-20 11:00:00
269,143,5,2026-03-20 12:00:00
376,338,3,2026-03-20 13:00:00
834,358,3,2026-03-20 14:00:00
4,397,1,2026-03-20 15:00:00
138,24,3,2026-03-20 16:00:00
231,141,4,2026-03-20 17:00:00
600,449,3,2026-03-20 18:00:00
529,240,3,2026-03-20 19:00:00
52,292,1,2026-03-20 20:00:00
723,82,5,2026-03-20 22:00:00
325,48,4,2026-03-20 23:00:00
992,353,3,2026-03-21 00:00:00
970,358,3,2026-03-21 01:00:00
905,171,4,2026-03-21 02:00:00
731,262,3,2026-03-21 03:00:00
717,465,4,2026-03-21 04:00:00
723,68,5,2026-03-21 05:00:00
277,14,1,2026-03-21 06:00:00
536,30,2,2026-03-21 07:00:00
486,110,2,2026-03-21 08:00:00
516,212,4,2026-03-21 09:00:00
152,264,1,2026-03-21 10:00:00
955,438,4,2026-03-21 11:00:00
483,322,5,2026-03-21 12:00:00
259,485,1,2026-03-21 13:00:00
324,388,3,2026-03-21 14:00:00
869,202,5,2026-03-21 15:00:00
168,84,2,2026-03-21 16:00:00
688,444,1,2026-03-21 17:00:00
803,53,1,2026-03-21 19:00:00
479,355,5,2026-03-21 20:00:00
56,496,1,2026-03-21 21:00:00
620,256,4,2026-03-21 22:00:00
473,74,5,2026-03-21 23:00:00
296,220,3,2026-03-22 00:00:00
461,143,2,2026-03-22 01:00:00
324,100,2,2026-03-22 02:00:00
814,129,5,2026-03-22 03:00:00
846,406,5,2026-03-22 04:00:00
141,219,2,2026-03-22 05:00:00
667,477,5,2026-03-22 06:00:00
262,271,5,2026-03-22 07:00:00
785,458,5,2026-03-22 08:00:00
420,468,3,2026-03-22 09:00:00
744,22,5,2026-03-22 10:00:00
241,178,4,2026-03-22 11:00:00
355,48,5,2026-03-22 12:00:00
849,117,2,2026-03-22 13:00:00
770,329,2,2026-03-22 14:00:00
761,376,5,2026-03-22 15:00:00
589,179,5,2026-03-22 16:00:00
180,480,3,2026-03-22 17:00:00
820,362,3,2026-03-22 19:00:00
348,339,1,2026-03-22 20:00:00
171,360,1,2026-03-22 21:00:00
474,347,1,2026-03-22 22:00:00
534,179,4,2026-03-22 23:00:00
367,421,3,2026-03-23 00:00:00
107,482,2,2026-03-23 01:00:00
439,495,5,2026-03-23 02:00:00
835,49,2,2026-03-23 03:00:00
227,315,4,2026-03-23 04:00:00
444,394,5,2026-03-23 05:00:00
442,255,2,2026-03-23 06:00:00
396,30,3,2026-03-23 07:00:00
728,85,4,2026-03-23 08:00:00
581,277,4,2026-03-23 09:00:00
84,34,4,2026-03-23 10:00:00
615,329,4,2026-03-23 11:00:00
551,98,5,2026-03-23 12:00:00
13,434,1,2026-03-23 13:00:00
809,76,5,2026-03-23 14:00:00
825,175,3,2026-03-23 15:00:00
693,341,3,2026-03-23 16:00:00
493,249,2,2026-03-23 17:00:00
268,340,4,2026-03-23 18:00:00
120,178,2,2026-03-23 20:00:00
970,365,3,2026-03-23 21:00:00
353,228,3,2026-03-23 22:00:00
57,63,2,2026-03-23 23:00:00
40,268,5,2026-03-24 00:00:00
886,425,5,2026-03-24 01:00:00
336,415,5,2026-03-24 02:00:00
640,258,4,2026-03-24 03:00:00
173,144,4,2026-03-24 04:00:00
547,385,3,2026-03-24 05:00:00
259,388,4,2026-03-24 06:00:00
888,303,4,2026-03-24 07:00:00
517,500,5,2026-03-24 08:00:00
730,449,5,2026-03-24 09:00:00
523,52,5,2026-03-24 10:00:00
894,303,3,2026-03-24 11:00:00
839,99,3,2026-03-24 12:00:00
117,461,5,2026-03-24 13:00:00
184,306,5,2026-03-24 14:00:00
906,45,5,2026-03-24 15:00:00
874,42,3,2026-03-24 16:00:00
116,479,5,2026-03-24 17:00:00
162,468,4,2026-03-24 18:00:00
579,440,4,2026-03-24 19:00:00
712,327,5,2026-03-24 20:00:00
543,57,3,2026-03-24 21:00:00
587,488,4,2026-03-24 22:00:00
237,33,4,2026-03-24 23:00:00
839,412,4,2026-03-25 00:00:00
66,114,1,2026-03-25 01:00:00
809,114,4,2026-03-25 03:00:00
447,56,4,2026-03-25 04:00:00
416,44,5,2026-03-25 05:00:00
532,212,3,2026-03-25 06:00:00
441,352,5,2026-03-25 07:00:00
738,329,4,2026-03-25 08:00:00
946,34,4,2026-03-25 09:00:00
464,270,2,2026-03-25 10:00:00
921,196,3,2026-03-25 11:00:00
396,413,5,2026-03-25 12:00:00
711,125,1,2026-03-25 13:00:00
551,79,5,2026-03-25 14:00:00
657,255,2,2026-03-25 15:00:00
557,145,5,2026-03-25 16:00:00
395,83,4,2026-03-25 17:00:00
326,230,4,2026-03-25 18:00:00
893,137,2,2026-03-25 19:00:00
919,27,3,2026-03-25 20:00:00
91,177,2,2026-03-25 21:00:00
70,421,4,2026-03-25 23:00:00
166,412,5,2026-03-26 00:00:00
642,306,5,2026-03-26 01:00:00
214,311,4,2026-03-26 02:00:00
852,388,3,2026-03-26 03:00:00
601,213,3,2026-03-26 04:00:00
335,354,5,2026-03-26 05:00:00
764,403,2,2026-03-26 06:00:00
369,37,4,2026-03-26 07:00:00
861,388,1,2026-03-26 08:00:00
584,293,3,2026-03-26 09:00:00
677,179,4,2026-03-26 10:00:00
49,160,4,2026-03-26 11:00:00
52,429,4,2026-03-26 12:00:00
289,368,4,2026-03-26 13:00:00
790,12,3,2026-03-26 14:00:00
626,169,3,2026-03-26 15:00:00
239,312,4,2026-03-26 16:00:00
133,80,4,2026-03-26 17:00:00
999,14,1,2026-03-26 18:00:00
786,54,4,2026-03-26 19:00:00
166,447,4,2026-03-26 20:00:00
374,254,1,2026-03-26 21:00:00
373,65,5,2026-03-26 22:00:00
805,372,4,2026-03-26 23:00:00
478,58,3,2026-03-27 00:00:00
755,96,4,2026-03-27 01:00:00
479,21,4,2026-03-27 02:00:00
832,260,5,2026-03-27 03:00:00
650,73,5,2026-03-27 04:00:00
591,248,3,2026-03-27 05:00:00
682,127,2,2026-03-27 06:00:00
635,499,5,2026-03-27 07:00:00
300,470,2,2026-03-27 09:00:00
82,268,1,2026-03-27 10:00:00
87,128,5,2026-03-27 11:00:00
225,30,5,2026-03-27 12:00:00
16,94,2,2026-03-27 13:00:00
822,224,4,2026-03-27 14:00:00
358,316,3,2026-03-27 15:00:00
163,100,3,2026-03-27 16:00:00
668,81,4,2026-03-27 18:00:00
514,449,5,2026-03-27 19:00:00
350,398,4,2026-03-27 20:00:00
681,300,5,2026-03-27 22:00:00
464,108,1,2026-03-27 23:00:00
827,102,5,2026-03-28 00:00:00
837,410,5,2026-03-28 01:00:00
375,91,3,2026-03-28 02:00:00
92,365,2,2026-03-28 03:00:00
181,16,5,2026-03-28 04:00:00
301,263,1,2026-03-28 06:00:00
660,160,5,2026-03-28 07:00:00
792,253,3,2026-03-28 08:00:00
189,89,3,2026-03-28 09:00:00
859,95,4,2026-03-28 10:00:00
862,272,4,2026-03-28 11:00:00
314,247,3,2026-03-28 12:00:00
493,361,2,2026-03-28 13:00:00
923,378,4,2026-03-28 14:00:00
922,206,4,2026-03-28 15:00:00
128,345,5,2026-03-28 16:00:00
519,318,4,2026-03-28 17:00:00
426,286,4,2026-03-28 18:00:00
559,248,1,2026-03-28 19:00:00
565,455,5,2026-03-28 20:00:00
187,396,3,2026-03-28 21:00:00
550,67,4,2026-03-28 22:00:00
453,475,5,2026-03-28 23:00:00
471,46,5,2026-03-29 00:00:00
988,467,4,2026-03-29 01:00:00
738,43,5,2026-03-29 02:00:00
565,229,5,2026-03-29 03:00:00
911,439,5,2026-03-29 04:00:00
224,301,4,2026-03-29 05:00:00
154,444,4,2026-03-29 06:00:00
560,234,2,2026-03-29 07:00:00
351,199,4,2026-03-29 08:00:00
147,497,3,2026-03-29 09:00:00
905,336,4,2026-03-29 10:00:00
576,32,4,2026-03-29 11:00:00
349,264,2,2026-03-29 12:00:00
182,113,1,2026-03-29 13:00:00
637,461,3,2026-03-29 14:00:00
179,318,3,2026-03-29 15:00:00
39,459,4,2026-03-29 16:00:00
772,276,5,2026-03-29 17:00:00
894,146,5,2026-03-29 18:00:00
3,357,3,2026-03-29 19:00:00
64,6,2,2026-03-29 20:00:00
29,340,4,2026-03-29 21:00:00
372,480,4,2026-03-29 22:00:00
523,494,4,2026-03-29 23:00:00
97,108,3,2026-03-30 00:00:00
870,413,1,2026-03-30 01:00:00
442,260,3,2026-03-30 02:00:00
203,71,4,2026-03-30 03:00:00
411,427,5,2026-03-30 04:00:00
993,340,5,2026-03-30 05:00:00
21,162,4,2026-03-30 06:00:00
551,100,5,2026-03-30 07:00:00
735,327,5,2026-03-30 08:00:00
46,143,5,2026-03-30 10:00:00
66,244,5,2026-03-30 11:00:00
603,224,3,2026-03-30 12:00:00
164,214,1,2026-03-30 13:00:00
971,120,5,2026-03-30 14:00:00
111,168,4,2026-03-30 15:00:00
338,349,5,2026-03-30 16:00:00
123,217,5,2026-03-30 17:00:00
447,462,4,2026-03-30 19:00:00
611,434,4,2026-03-30 20:00:00
291,355,3,2026-03-30 21:00:00
671,322,2,2026-03-30 22:00:00
615,54,2,2026-03-31 00:00:00
897,208,3,2026-03-31 01:00:00
281,430,2,2026-03-31 02:00:00
43,80,5,2026-03-31 03:00:00
486,395,5,2026-03-31 04:00:00
596,380,4,2026-03-31 05:00:00
963,433,4,2026-03-31 06:00:00
703,483,5,2026-03-31 07:00:00
51,151,1,2026-03-31 08:00:00
898,55,3,2026-03-31 09:00:00
126,448,3,2026-03-31 11:00:00
492,35,3,2026-03-31 12:00:00
509,349,3,2026-03-31 13:00:00
960,495,3,2026-03-31 14:00:00
970,119,4,2026-03-31 15:00:00
581,197,3,2026-03-31 16:00:00
777,54,4,2026-03-31 17:00:00
258,259,4,2026-03-31 18:00:00
930,262,2,2026-03-31 19:00:00
188,343,5,2026-03-31 20:00:00
230,366,4,2026-03-31 21:00:00
189,312,2,2026-03-31 22:00:00
415,2,2,2026-03-31 23:00:00
10,82,5,2026-04-01 00:00:00
114,350,5,2026-04-01 01:00:00
76,422,4,2026-04-01 02:00:00
676,440,3,2026-04-01 03:00:00
502,5,4,2026-04-01 04:00:00
85,174,4,2026-04-01 05:00:00
49,497,5,2026-04-01 06:00:00
495,139,4,2026-04-01 07:00:00
838,193,3,2026-04-01 08:00:00
689,138,1,2026-04-01 09:00:00
387,297,2,2026-04-01 10:00:00
970,116,4,2026-04-01 11:00:00
389,44,2,2026-04-01 12:00:00
218,346,4,2026-04-01 13:00:00
701,289,4,2026-04-01 14:00:00
981,219,3,2026-04-01 15:00:00
346,56,4,2026-04-01 16:00:00
230,242,4,2026-04-01 17:00:00
236,258,5,2026-04-01 19:00:00
26,1,4,2026-04-01 20:00:00
584,449,3,2026-04-01 21:00:00
261,377,5,2026-04-01 22:00:00
766,381,5,2026-04-01 23:00:00
271,289,5,2026-04-02 00:00:00
123,470,4,2026-04-02 01:00:00
656,460,3,2026-04-02 02:00:00
257,103,3,2026-04-02 03:00:00
656,292,4,2026-04-02 04:00:00
421,149,2,2026-04-02 05:00:00
259,84,5,2026-04-02 06:00:00
948,420,3,2026-04-02 07:00:00
47,26,4,2026-04-02 08:00:00
863,175,4,2026-04-02 09:00:00
888,129,5,2026-04-02 11:00:00
208,422,4,2026-04-02 12:00:00
311,142,3,2026-04-02 13:00:00
747,346,1,2026-04-02 14:00:00
834,298,5,2026-04-02 16:00:00
438,135,2,2026-04-02 17:00:00
155,55,3,2026-04-02 18:00:00
678,56,3,2026-04-02 19:00:00
90,374,5,2026-04-02 20:00:00
698,76,3,2026-04-02 21:00:00
830,319,2,2026-04-02 22:00:00
358,408,2,2026-04-02 23:00:00
174,339,5,2026-04-03 00:00:00
217,457,5,2026-04-03 01:00:00
907,355,3,2026-04-03 02:00:00
776,493,4,2026-04-03 04:00:00
609,42,3,2026-04-03 05:00:00
629,352,1,2026-04-03 06:00:00
199,110,5,2026-04-03 07:00:00
832,70,5,2026-04-03 08:00:00
486,284,5,2026-04-03 09:00:00
533,126,4,2026-04-03 10:00:00
200,348,3,2026-04-03 11:00:00
371,296,5,2026-04-03 12:00:00
959,179,2,2026-04-03 13:00:00
853,413,3,2026-04-03 14:00:00
448,298,3,2026-04-03 15:00:00
248,374,5,2026-04-03 16:00:00
788,197,5,2026-04-03 17:00:00
264,261,2,2026-04-03 18:00:00
302,425,5,2026-04-03 20:00:00
31,61,5,2026-04-03 21:00:00
498,183,4,2026-04-03 22:00:00
249,412,2,2026-04-03 23:00:00
605,297,4,2026-04-04 00:00:00
777,367,4,2026-04-04 01:00:00
271,9,5,2026-04-04 02:00:00
606,413,2,2026-04-04 03:00:00
666,206,4,2026-04-04 04:00:00
394,422,2,2026-04-04 05:00:00
797,318,4,2026-04-04 06:00:00
502,54,3,2026-04-04 07:00:00
592,180,5,2026-04-04 08:00:00
804,104,3,2026-04-04 09:00:00
84,126,4,2026-04-04 10:00:00
365,34,4,2026-04-04 11:00:00
886,165,5,2026-04-04 12:00:00
549,433,5,2026-04-04 13:00:00
342,298,1,2026-04-04 14:00:00
839,270,1,2026-04-04 15:00:00
407,466,4,2026-04-04 16:00:00
425,289,4,2026-04-04 17:00:00
744,118,3,2026-04-04 18:00:00
93,354,5,2026-04-04 19:00:00
848,92,2,2026-04-04 20:00:00
614,100,5,2026-04-04 21:00:00
412,493,1,2026-04-04 22:00:00
432,496,2,2026-04-04 23:00:00
678,485,3,2026-04-05 00:00:00
159,87,4,2026-04-05 01:00:00
14,234,3,2026-04-05 02:00:00
373,401,5,2026-04-05 03:00:00
225,124,3,2026-04-05 04:00:00
505,203,1,2026-04-05 05:00:00
73,32,5,2026-04-05 06:00:00
249,357,5,2026-04-05 07:00:00
511,463,4,2026-04-05 08:00:00
603,452,5,2026-04-05 09:00:00
216,39,2,2026-04-05 10:00:00
973,94,3,2026-04-05 11:00:00
602,10,3,2026-04-05 12:00:00
541,215,5,2026-04-05 13:00:00
947,408,4,2026-04-05 14:00:00
817,100,1,2026-04-05 15:00:00
939,244,3,2026-04-05 16:00:00
988,58,1,2026-04-05 17:00:00
220,453,3,2026-04-05 18:00:00
840,357,4,2026-04-05 19:00:00
727,491,3,2026-04-05 20:00:00
221,320,1,2026-04-05 21:00:00
389,19,2,2026-04-05 22:00:00
554,357,4,2026-04-05 23:00:00
647,117,4,2026-04-06 00:00:00
42,136,4,2026-04-06 01:00:00
676,327,5,2026-04-06 02:00:00
873,296,2,2026-04-06 03:00:00
283,13,2,2026-04-06 04:00:00
58,101,5,2026-04-06 05:00:00
814,380,3,2026-04-06 06:00:00
834,155,4,2026-04-06 07:00:00
537,82,5,2026-04-06 08:00:00
73,88,4,2026-04-06 09:00:00
885,105,1,2026-04-06 10:00:00
923,130,5,2026-04-06 11:00:00
129,272,1,2026-04-06 12:00:00
599,14,4,2026-04-06 13:00:00
842,128,3,2026-04-06 14:00:00
426,401,4,2026-04-06 15:00:00
948,60,4,2026-04-06 16:00:00
665,454,4,2026-04-06 17:00:00
694,227,5,2026-04-06 18:00:00
125,17,5,2026-04-06 19:00:00
67,45,2,2026-04-06 20:00:00
6,38,5,2026-04-06 21:00:00
314,360,2,2026-04-06 23:00:00
326,64,5,2026-04-07 00:00:00
565,377,4,2026-04-07 01:00:00
578,253,2,2026-04-07 02:00:00
826,262,4,2026-04-07 03:00:00
506,444,3,2026-04-07 04:00:00
82,112,4,2026-04-07 05:00:00
599,102,4,2026-04-07 06:00:00
2,49,5,2026-04-07 07:00:00
204,277,1,2026-04-07 08:00:00
662,227,3,2026-04-07 09:00:00
805,23,2,2026-04-07 10:00:00
404,332,2,2026-04-07 11:00:00
103,185,5,2026-04-07 12:00:00
536,64,5,2026-04-07 13:00:00
368,157,5,2026-04-07 14:00:00
212,283,4,2026-04-07 15:00:00
577,390,5,2026-04-07 16:00:00
961,149,1,2026-04-07 17:00:00
209,327,2,2026-04-07 18:00:00
763,363,3,2026-04-07 19:00:00
897,169,5,2026-04-07 20:00:00
117,464,4,2026-04-07 21:00:00
628,133,4,2026-04-07 22:00:00
749,399,3,2026-04-07 23:00:00
478,405,4,2026-04-08 00:00:00
495,132,3,2026-04-08 02:00:00
771,197,4,2026-04-08 03:00:00
46,135,3,2026-04-08 04:00:00
823,35,5,2026-04-08 05:00:00
331,420,4,2026-04-08 06:00:00
216,377,3,2026-04-08 07:00:00
982,399,4,2026-04-08 08:00:00
960,220,2,2026-04-08 09:00:00
492,386,5,2026-04-08 10:00:00
813,376,5,2026-04-08 11:00:00
922,185,4,2026-04-08 12:00:00
845,5,3,2026-04-08 13:00:00
536,342,4,2026-04-08 15:00:00
511,241,3,2026-04-08 16:00:00
547,416,5,2026-04-08 18:00:00
536,456,5,2026-04-08 19:00:00
540,297,5,2026-04-08 20:00:00
484,426,4,2026-04-08 21:00:00
976,331,5,2026-04-08 22:00:00
1000,193,4,2026-04-08 23:00:00
16,495,3,2026-04-09 00:00:00
571,168,5,2026-04-09 01:00:00
977,339,5,2026-04-09 02:00:00
243,236,5,2026-04-09 03:00:00
950,294,5,2026-04-09 04:00:00
207,298,5,2026-04-09 05:00:00
912,248,4,2026-04-09 06:00:00
271,165,5,2026-04-09 07:00:00
761,312,4,2026-04-09 08:00:00
705,55,5,2026-04-09 11:00:00
847,473,3,2026-04-09 12:00:00
730,182,5,2026-04-09 13:00:00
115,22,3,2026-04-09 14:00:00
580,283,5,2026-04-09 15:00:00
299,105,4,2026-04-09 16:00:00
837,175,4,2026-04-09 17:00:00
483,294,5,2026-04-09 18:00:00
397,368,5,2026-04-09 19:00:00
394,39,5,2026-04-09 20:00:00
75,399,5,2026-04-09 21:00:00
978,375,1,2026-04-09 22:00:00
482,450,2,2026-04-09 23:00:00
103,445,5,2026-04-10 00:00:00
297,60,5,2026-04-10 01:00:00
178,392,3,2026-04-10 02:00:00
215,300,1,2026-04-10 03:00:00
967,299,3,2026-04-10 04:00:00
315,390,3,2026-04-10 05:00:00
39,212,5,2026-04-10 06:00:00
259,155,1,2026-04-10 07:00:00
716,173,3,2026-04-10 08:00:00
7,23,5,2026-04-10 09:00:00
49,240,2,2026-04-10 10:00:00
538,488,5,2026-04-10 11:00:00
869,122,4,2026-04-10 13:00:00
176,253,1,2026-04-10 14:00:00
591,141,3,2026-04-10 15:00:00
2,452,4,2026-04-10 16:00:00
895,340,5,2026-04-10 17:00:00
455,362,4,2026-04-10 18:00:00
928,320,1,2026-04-10 19:00:00
644,153,5,2026-04-10 20:00:00
498,214,5,2026-04-10 22:00:00
629,308,3,2026-04-10 23:00:00
800,317,1,2026-04-11 01:00:00
28,17,4,2026-04-11 02:00:00
333,296,4,2026-04-11 03:00:00
1,331,4,2026-04-11 04:00:00
188,345,1,2026-04-11 05:00:00
56,69,5,2026-04-11 06:00:00
547,85,5,2026-04-11 07:00:00
112,282,4,2026-04-11 08:00:00
798,208,4,2026-04-11 09:00:00
310,440,4,2026-04-11 10:00:00
36,40,2,2026-04-11 11:00:00
439,469,5,2026-04-11 12:00:00
729,496,3,2026-04-11 13:00:00
592,96,4,2026-04-11 14:00:00
826,452,4,2026-04-11 15:00:00
595,486,4,2026-04-11 16:00:00
577,250,5,2026-04-11 17:00:00
325,373,3,2026-04-11 18:00:00
640,136,5,2026-04-11 19:00:00
307,73,4,2026-04-11 20:00:00
534,301,1,2026-04-11 21:00:00
728,273,4,2026-04-11 22:00:00
619,169,5,2026-04-11 23:00:00
109,333,3,2026-04-12 00:00:00
372,393,4,2026-04-12 01:00:00
357,198,4,2026-04-12 02:00:00
181,347,4,2026-04-12 03:00:00
356,106,5,2026-04-12 04:00:00
68,359,4,2026-04-12 06:00:00
292,235,4,2026-04-12 07:00:00
692,280,3,2026-04-12 08:00:00
181,329,5,2026-04-12 09:00:00
466,377,1,2026-04-12 10:00:00
434,106,2,2026-04-12 11:00:00
464,395,5,2026-04-12 12:00:00
681,35,3,2026-04-12 13:00:00
914,157,5,2026-04-12 14:00:00
534,392,5,2026-04-12 15:00:00
66,273,3,2026-04-12 16:00:00
21,455,2,2026-04-12 17:00:00
612,396,2,2026-04-12 18:00:00
384,240,3,2026-04-12 19:00:00
812,207,3,2026-04-12 20:00:00
615,245,5,2026-04-12 21:00:00
559,93,5,2026-04-12 22:00:00
39,109,1,2026-04-12 23:00:00
285,306,5,2026-04-13 00:00:00
822,114,1,2026-04-13 01:00:00
602,24,4,2026-04-13 02:00:00
597,293,2,2026-04-13 03:00:00
785,462,1,2026-04-13 04:00:00
336,252,5,2026-04-13 05:00:00
188,267,4,2026-04-13 06:00:00
671,355,4,2026-04-13 07:00:00
73,443,1,2026-04-13 09:00:00
479,55,5,2026-04-13 10:00:00
974,27,5,2026-04-13 11:00:00
561,492,1,2026-04-13 12:00:00
101,323,3,2026-04-13 13:00:00
514,444,4,2026-04-13 14:00:00
756,2,4,2026-04-13 15:00:00
176,68,4,2026-04-13 16:00:00
238,402,4,2026-04-13 17:00:00
910,148,5,2026-04-13 18:00:00
59,469,3,2026-04-13 19:00:00
865,319,4,2026-04-13 20:00:00
99,462,4,2026-04-13 21:00:00
954,328,4,2026-04-13 22:00:00
871,130,3,2026-04-13 23:00:00
954,474,4,2026-04-14 00:00:00
495,83,4,2026-04-14 01:00:00
947,42,4,2026-04-14 02:00:00
980,156,3,2026-04-14 03:00:00
514,157,4,2026-04-14 04:00:00
297,107,5,2026-04-14 06:00:00
211,284,5,2026-04-14 07:00:00
123,188,4,2026-04-14 08:00:00
229,105,2,2026-04-14 09:00:00
594,112,4,2026-04-14 10:00:00
656,474,2,2026-04-14 11:00:00
388,133,5,2026-04-14 12:00:00
140,271,3,2026-04-14 13:00:00
391,73,5,2026-04-14 15:00:00
270,416,5,2026-04-14 16:00:00
12,346,4,2026-04-14 18:00:00
867,293,4,2026-04-14 19:00:00
389,143,3,2026-04-14 20:00:00
337,425,2,2026-04-14 21:00:00
506,260,2,2026-04-14 22:00:00
106,245,2,2026-04-14 23:00:00
32,437,5,2026-04-15 00:00:00
74,484,2,2026-04-15 01:00:00
171,340,5,2026-04-15 02:00:00
849,155,2,2026-04-15 03:00:00
69,149,5,2026-04-15 04:00:00
813,60,3,2026-04-15 05:00:00
362,86,4,2026-04-15 06:00:00
649,192,4,2026-04-15 07:00:00
433,327,5,2026-04-15 08:00:00
929,431,3,2026-04-15 09:00:00
996,182,5,2026-04-15 10:00:00
100,287,4,2026-04-15 11:00:00
658,273,3,2026-04-15 12:00:00
9,255,1,2026-04-15 13:00:00
574,434,5,2026-04-15 14:00:00
697,7,3,2026-04-15 15:00:00
29,126,5,2026-04-15 16:00:00
893,83,2,2026-04-15 17:00:00
114,28,4,2026-04-15 18:00:00
921,283,4,2026-04-15 20:00:00
143,397,3,2026-04-15 21:00:00
390,450,5,2026-04-15 22:00:00
632,470,5,2026-04-15 23:00:00
682,251,4,2026-04-16 00:00:00
157,468,4,2026-04-16 01:00:00
335,188,4,2026-04-16 02:00:00
861,383,5,2026-04-16 03:00:00
260,299,5,2026-04-16 04:00:00
82,69,3,2026-04-16 05:00:00
754,319,3,2026-04-16 06:00:00
441,326,5,2026-04-16 07:00:00
945,99,3,2026-04-16 08:00:00
172,193,5,2026-04-16 09:00:00
231,227,4,2026-04-16 10:00:00
720,451,1,2026-04-16 11:00:00
75,182,3,2026-04-16 12:00:00
270,420,4,2026-04-16 13:00:00
899,327,5,2026-04-16 14:00:00
626,93,3,2026-04-16 15:00:00
62,143,3,2026-04-16 16:00:00
874,203,5,2026-04-16 17:00:00
320,402,1,2026-04-16 18:00:00
102,492,4,2026-04-16 19:00:00
429,132,4,2026-04-16 20:00:00
874,472,1,2026-04-16 21:00:00
722,267,2,2026-04-16 22:00:00
954,134,3,2026-04-16 23:00:00
255,378,2,2026-04-17 00:00:00
532,179,4,2026-04-17 01:00:00
570,186,4,2026-04-17 02:00:00
112,444,4,2026-04-17 03:00:00
985,18,4,2026-04-17 04:00:00
313,463,3,2026-04-17 05:00:00
998,323,2,2026-04-17 06:00:00
461,401,3,2026-04-17 07:00:00
708,97,4,2026-04-17 08:00:00
887,34,5,2026-04-17 09:00:00
462,414,3,2026-04-17 10:00:00
865,403,4,2026-04-17 11:00:00
92,393,5,2026-04-17 12:00:00
52,424,5,2026-04-17 13:00:00
805,300,5,2026-04-17 14:00:00
520,351,2,2026-04-17 15:00:00
812,187,1,2026-04-17 16:00:00
98,347,3,2026-04-17 17:00:00
236,111,2,2026-04-17 18:00:00
901,409,4,2026-04-17 19:00:00
374,247,5,2026-04-17 20:00:00
581,71,4,2026-04-17 21:00:00
927,309,2,2026-04-17 22:00:00
557,432,2,2026-04-17 23:00:00
649,327,5,2026-04-18 00:00:00
234,212,4,2026-04-18 01:00:00
289,108,5,2026-04-18 03:00:00
638,177,5,2026-04-18 04:00:00
579,427,5,2026-04-18 05:00:00
542,228,4,2026-04-18 06:00:00
114,19,5,2026-04-18 07:00:00
204,322,4,2026-04-18 08:00:00
29,418,3,2026-04-18 09:00:00
643,248,3,2026-04-18 10:00:00
474,209,3,2026-04-18 11:00:00
697,216,2,2026-04-18 12:00:00
253,201,2,2026-04-18 13:00:00
798,438,4,2026-04-18 14:00:00
905,257,5,2026-04-18 15:00:00
922,106,4,2026-04-18 16:00:00
386,476,4,2026-04-18 17:00:00
62,311,3,2026-04-18 18:00:00
515,271,2,2026-04-18 19:00:00
430,383,4,2026-04-18 20:00:00
580,469,5,2026-04-18 21:00:00
537,271,3,2026-04-18 22:00:00
691,121,4,2026-04-18 23:00:00
141,407,5,2026-04-19 00:00:00
743,245,1,2026-04-19 01:00:00
300,66,3,2026-04-19 02:00:00
311,228,4,2026-04-19 04:00:00
471,370,1,2026-04-19 05:00:00
393,137,3,2026-04-19 06:00:00
642,194,4,2026-04-19 07:00:00
445,194,3,2026-04-19 08:00:00
758,146,5,2026-04-19 09:00:00
809,145,1,2026-04-19 10:00:00
172,489,2,2026-04-19 11:00:00
576,72,3,2026-04-19 12:00:00
31,354,5,2026-04-19 13:00:00
47,418,5,2026-04-19 14:00:00
130,453,5,2026-04-19 15:00:00
352,192,4,2026-04-19 16:00:00
978,44,5,2026-04-19 17:00:00
845,157,5,2026-04-19 18:00:00
622,446,3,2026-04-19 19:00:00
581,476,5,2026-04-19 20:00:00
58,16,5,2026-04-19 21:00:00
106,78,5,2026-04-19 22:00:00
812,52,5,2026-04-19 23:00:00
330,2,5,2026-04-20 00:00:00
768,232,5,2026-04-20 01:00:00
824,61,4,2026-04-20 02:00:00
383,382,3,2026-04-20 04:00:00
985,52,5,2026-04-20 05:00:00
162,297,5,2026-04-20 06:00:00
997,180,5,2026-04-20 07:00:00
286,31,5,2026-04-20 08:00:00
71,410,4,2026-04-20 09:00:00
767,155,4,2026-04-20 10:00:00
454,121,1,2026-04-20 11:00:00
886,51,2,2026-04-20 12:00:00
567,482,4,2026-04-20 13:00:00
397,176,2,2026-04-20 15:00:00
515,11,3,2026-04-20 16:00:00
26,392,3,2026-04-20 17:00:00
313,12,5,2026-04-20 18:00:00
126,355,4,2026-04-20 19:00:00
408,45,1,2026-04-20 20:00:00
565,290,5,2026-04-20 21:00:00
198,205,3,2026-04-20 22:00:00
811,219,4,2026-04-20 23:00:00
188,328,2,2026-04-21 00:00:00
698,431,5,2026-04-21 01:00:00
817,256,2,2026-04-21 02:00:00
810,248,5,2026-04-21 03:00:00
716,21,4,2026-04-21 04:00:00
484,41,2,2026-04-21 05:00:00
523,278,3,2026-04-21 07:00:00
871,277,5,2026-04-21 08:00:00
354,412,1,2026-04-21 09:00:00
986,195,5,2026-04-21 10:00:00
658,71,4,2026-04-21 11:00:00
597,270,3,2026-04-21 12:00:00
100,335,1,2026-04-21 13:00:00
616,73,5,2026-04-21 14:00:00
948,308,3,2026-04-21 15:00:00
558,427,2,2026-04-21 16:00:00
556,199,4,2026-04-21 17:00:00
278,76,3,2026-04-21 18:00:00
693,275,4,2026-04-21 19:00:00
699,283,1,2026-04-21 20:00:00
990,146,5,2026-04-21 21:00:00
626,13,4,2026-04-21 22:00:00
491,363,5,2026-04-21 23:00:00
255,129,3,2026-04-22 00:00:00
381,230,3,2026-04-22 01:00:00
892,85,5,2026-04-22 02:00:00
542,162,3,2026-04-22 03:00:00
264,397,4,2026-04-22 04:00:00
610,365,1,2026-04-22 05:00:00
825,371,5,2026-04-22 06:00:00
879,489,2,2026-04-22 07:00:00
329,51,5,2026-04-22 08:00:00
115,215,4,2026-04-22 09:00:00
276,1,1,2026-04-22 10:00:00
488,471,1,2026-04-22 11:00:00
281,377,5,2026-04-22 12:00:00
275,412,5,2026-04-22 13:00:00
773,123,4,2026-04-22 14:00:00
843,288,4,2026-04-22 15:00:00
719,200,3,2026-04-22 16:00:00
896,183,4,2026-04-22 17:00:00
328,410,4,2026-04-22 18:00:00
211,398,5,2026-04-22 19:00:00
727,216,3,2026-04-22 20:00:00
923,240,5,2026-04-22 21:00:00
552,349,1,2026-04-22 22:00:00
992,68,1,2026-04-22 23:00:00
26,319,5,2026-04-23 00:00:00
27,82,4,2026-04-23 01:00:00
702,142,3,2026-04-23 02:00:00
83,411,5,2026-04-23 03:00:00
896,41,4,2026-04-23 04:00:00
682,3,4,2026-04-23 06:00:00
413,94,3,2026-04-23 07:00:00
167,59,2,2026-04-23 08:00:00
700,228,3,2026-04-23 09:00:00
169,407,4,2026-04-23 10:00:00
801,18,1,2026-04-23 11:00:00
979,494,5,2026-04-23 12:00:00
229,239,4,2026-04-23 13:00:00
979,360,3,2026-04-23 14:00:00
609,74,4,2026-04-23 15:00:00
367,376,5,2026-04-23 16:00:00
528,332,4,2026-04-23 17:00:00
791,169,3,2026-04-23 18:00:00
647,264,2,2026-04-23 19:00:00
524,169,1,2026-04-23 22:00:00
72,429,4,2026-04-23 23:00:00
645,206,2,2026-04-24 00:00:00
106,357,5,2026-04-24 01:00:00
732,9,5,2026-04-24 02:00:00
885,346,4,2026-04-24 03:00:00
965,304,5,2026-04-24 04:00:00
689,115,4,2026-04-24 05:00:00
282,152,5,2026-04-24 06:00:00
133,87,4,2026-04-24 07:00:00
534,95,1,2026-04-24 08:00:00
975,231,5,2026-04-24 09:00:00
269,428,5,2026-04-24 10:00:00
412,186,5,2026-04-24 11:00:00
673,450,5,2026-04-24 12:00:00
619,114,4,2026-04-24 13:00:00
791,274,3,2026-04-24 14:00:00
865,464,2,2026-04-24 15:00:00
747,29,2,2026-04-24 16:00:00
18,203,3,2026-04-24 17:00:00
754,2,4,2026-04-24 18:00:00
117,78,4,2026-04-24 19:00:00
798,324,3,2026-04-24 20:00:00
794,231,4,2026-04-24 21:00:00
144,98,3,2026-04-24 22:00:00
717,117,4,2026-04-24 23:00:00
551,110,5,2026-04-25 00:00:00
929,167,4,2026-04-25 01:00:00
666,457,1,2026-04-25 02:00:00
688,488,4,2026-04-25 03:00:00
961,297,5,2026-04-25 04:00:00
753,455,4,2026-04-25 05:00:00
422,371,5,2026-04-25 06:00:00
898,337,1,2026-04-25 07:00:00
369,378,3,2026-04-25 08:00:00
646,87,3,2026-04-25 09:00:00
558,493,5,2026-04-25 10:00:00
50,459,4,2026-04-25 11:00:00
678,22,2,2026-04-25 12:00:00
106,210,3,2026-04-25 13:00:00
216,305,4,2026-04-25 14:00:00
658,412,5,2026-04-25 15:00:00
923,272,3,2026-04-25 16:00:00
425,490,2,2026-04-25 17:00:00
72,324,4,2026-04-25 18:00:00
988,446,3,2026-04-25 19:00:00
842,420,4,2026-04-25 20:00:00
785,278,4,2026-04-25 21:00:00
759,139,4,2026-04-25 22:00:00
446,341,5,2026-04-25 23:00:00
925,377,3,2026-04-26 00:00:00
186,232,5,2026-04-26 01:00:00
70,233,5,2026-04-26 02:00:00
974,80,3,2026-04-26 03:00:00
150,426,2,2026-04-26 04:00:00
774,457,5,2026-04-26 06:00:00
538,291,3,2026-04-26 07:00:00
935,441,4,2026-04-26 08:00:00
652,34,4,2026-04-26 09:00:00
99,329,2,2026-04-26 10:00:00
910,333,5,2026-04-26 11:00:00
278,454,4,2026-04-26 12:00:00
563,388,5,2026-04-26 13:00:00
663,252,4,2026-04-26 14:00:00
944,430,4,2026-04-26 15:00:00
455,476,4,2026-04-26 16:00:00
104,125,3,2026-04-26 17:00:00
946,11,5,2026-04-26 18:00:00
601,482,4,2026-04-26 19:00:00
653,317,5,2026-04-26 20:00:00
725,122,5,2026-04-26 21:00:00
233,35,4,2026-04-26 22:00:00
394,69,2,2026-04-26 23:00:00
501,313,5,2026-04-27 00:00:00
695,487,3,2026-04-27 01:00:00
251,139,5,2026-04-27 02:00:00
521,12,4,2026-04-27 03:00:00
79,125,2,2026-04-27 04:00:00
52,299,5,2026-04-27 05:00:00
898,147,5,2026-04-27 06:00:00
921,77,5,2026-04-27 07:00:00
781,68,2,2026-04-27 08:00:00
226,206,5,2026-04-27 09:00:00
51,236,4,2026-04-27 10:00:00
186,59,4,2026-04-27 11:00:00
34,258,5,2026-04-27 12:00:00
803,254,4,2026-04-27 13:00:00
742,392,2,2026-04-27 14:00:00
131,406,4,2026-04-27 15:00:00
632,243,4,2026-04-27 16:00:00
443,461,5,2026-04-27 17:00:00
838,277,3,2026-04-27 18:00:00
759,469,5,2026-04-27 19:00:00
432,220,5,2026-04-27 20:00:00
704,225,2,2026-04-27 21:00:00
497,413,1,2026-04-27 22:00:00
403,101,4,2026-04-27 23:00:00
323,342,5,2026-04-28 00:00:00
210,122,4,2026-04-28 01:00:00
615,218,5,2026-04-28 02:00:00
329,75,4,2026-04-28 03:00:00
372,331,4,2026-04-28 04:00:00
460,237,1,2026-04-28 05:00:00
133,482,2,2026-04-28 06:00:00
835,339,5,2026-04-28 07:00:00
651,240,5,2026-04-28 08:00:00
121,165,4,2026-04-28 09:00:00
606,334,4,2026-04-28 10:00:00
452,157,4,2026-04-28 11:00:00
965,211,2,2026-04-28 12:00:00
129,421,4,2026-04-28 13:00:00
91,277,4,2026-04-28 14:00:00
604,216,4,2026-04-28 15:00:00
575,218,4,2026-04-28 16:00:00
29,233,5,2026-04-28 17:00:00
722,376,3,2026-04-28 18:00:00
524,12,3,2026-04-28 19:00:00
333,432,3,2026-04-28 20:00:00
297,83,5,2026-04-28 21:00:00
130,431,4,2026-04-28 22:00:00
293,113,2,2026-04-28 23:00:00
173,478,5,2026-04-29 00:00:00
720,271,4,2026-04-29 01:00:00
944,195,2,2026-04-29 02:00:00
24,369,4,2026-04-29 03:00:00
99,141,5,2026-04-29 04:00:00
406,443,4,2026-04-29 05:00:00
356,457,4,2026-04-29 06:00:00
139,124,2,2026-04-29 07:00:00
503,141,3,2026-04-29 08:00:00
826,208,2,2026-04-29 09:00:00
174,115,3,2026-04-29 10:00:00
29,206,4,2026-04-29 11:00:00
931,456,4,2026-04-29 12:00:00
496,403,4,2026-04-29 13:00:00
655,441,4,2026-04-29 14:00:00
828,288,3,2026-04-29 15:00:00
351,355,2,2026-04-29 16:00:00
554,343,3,2026-04-29 17:00:00
299,149,3,2026-04-29 18:00:00
720,210,5,2026-04-29 19:00:00
842,112,5,2026-04-29 20:00:00
945,142,5,2026-04-29 21:00:00
192,464,4,2026-04-29 22:00:00
672,24,3,2026-04-29 23:00:00
64,49,5,2026-04-30 00:00:00
755,500,4,2026-04-30 01:00:00
770,288,1,2026-04-30 02:00:00
664,331,5,2026-04-30 03:00:00
215,365,1,2026-04-30 04:00:00
834,11,4,2026-04-30 05:00:00
166,188,4,2026-04-30 06:00:00
543,68,5,2026-04-30 07:00:00
883,445,5,2026-04-30 08:00:00
232,90,5,2026-04-30 09:00:00
794,110,4,2026-04-30 10:00:00
541,389,4,2026-04-30 11:00:00
195,164,2,2026-04-30 12:00:00
506,481,4,2026-04-30 13:00:00
768,206,4,2026-04-30 15:00:00
304,327,3,2026-04-30 17:00:00
833,74,4,2026-04-30 18:00:00
437,251,3,2026-04-30 19:00:00
323,450,3,2026-04-30 20:00:00
502,394,3,2026-04-30 21:00:00
858,355,3,2026-04-30 22:00:00
914,21,2,2026-04-30 23:00:00
393,296,5,2026-05-01 00:00:00
806,298,4,2026-05-01 01:00:00
599,328,4,2026-05-01 02:00:00
149,302,4,2026-05-01 03:00:00
761,338,3,2026-05-01 04:00:00
833,73,5,2026-05-01 05:00:00
405,374,5,2026-05-01 06:00:00
283,41,1,2026-05-01 07:00:00
362,94,1,2026-05-01 08:00:00
379,132,4,2026-05-01 09:00:00
198,99,3,2026-05-01 10:00:00
556,398,5,2026-05-01 11:00:00
356,398,4,2026-05-01 12:00:00
540,53,3,2026-05-01 13:00:00
429,496,4,2026-05-01 14:00:00
17,229,4,2026-05-01 15:00:00
639,128,2,2026-05-01 16:00:00
379,212,5,2026-05-01 17:00:00
680,285,1,2026-05-01 18:00:00
506,279,5,2026-05-01 19:00:00
756,495,2,2026-05-01 20:00:00
899,341,5,2026-05-01 21:00:00
76,159,1,2026-05-01 22:00:00
231,352,4,2026-05-01 23:00:00
716,233,4,2026-05-02 00:00:00
962,71,1,2026-05-02 01:00:00
248,205,4,2026-05-02 02:00:00
302,189,3,2026-05-02 03:00:00
726,151,4,2026-05-02 04:00:00
215,8,4,2026-05-02 05:00:00
158,332,5,2026-05-02 06:00:00
69,100,2,2026-05-02 07:00:00
393,16,2,2026-05-02 08:00:00
85,154,4,2026-05-02 09:00:00
267,157,5,2026-05-02 10:00:00
69,93,5,2026-05-02 11:00:00
611,262,4,2026-05-02 12:00:00
347,37,5,2026-05-02 13:00:00
962,161,5,2026-05-02 14:00:00
728,351,3,2026-05-02 15:00:00
927,174,2,2026-05-02 16:00:00
673,317,3,2026-05-02 17:00:00
423,425,3,2026-05-02 18:00:00
606,18,4,2026-05-02 19:00:00
174,486,4,2026-05-02 20:00:00
677,367,4,2026-05-02 21:00:00
115,351,2,2026-05-02 22:00:00
220,16,5,2026-05-02 23:00:00
956,360,4,2026-05-03 00:00:00
523,421,5,2026-05-03 02:00:00
343,270,3,2026-05-03 03:00:00
377,359,3,2026-05-03 04:00:00
130,68,4,2026-05-03 05:00:00
1000,30,5,2026-05-03 06:00:00
617,316,2,2026-05-03 07:00:00
539,309,5,2026-05-03 08:00:00
739,225,5,2026-05-03 09:00:00
2,164,4,2026-05-03 10:00:00
101,320,4,2026-05-03 12:00:00
533,14,3,2026-05-03 13:00:00
58,279,3,2026-05-03 14:00:00
389,432,5,2026-05-03 15:00:00
692,156,4,2026-05-03 16:00:00
941,122,2,2026-05-03 17:00:00
341,263,3,2026-05-03 18:00:00
861,170,4,2026-05-03 19:00:00
20,10,4,2026-05-03 20:00:00
255,452,4,2026-05-03 21:00:00
317,172,5,2026-05-03 22:00:00
38,358,4,2026-05-03 23:00:00
660,13,5,2026-05-04 00:00:00
386,161,1,2026-05-04 02:00:00
633,232,3,2026-05-04 03:00:00
928,476,3,2026-05-04 04:00:00
26,471,2,2026-05-04 05:00:00
454,160,3,2026-05-04 06:00:00
681,127,4,2026-05-04 07:00:00
323,48,1,2026-05-04 08:00:00
737,261,2,2026-05-04 09:00:00
513,61,2,2026-05-04 10:00:00
819,122,1,2026-05-04 11:00:00
773,90,4,2026-05-04 12:00:00
13,359,3,2026-05-04 13:00:00
915,255,5,2026-05-04 14:00:00
908,90,2,2026-05-04 15:00:00
560,3,5,2026-05-04 16:00:00
921,280,2,2026-05-04 17:00:00
825,117,4,2026-05-04 18:00:00
371,98,3,2026-05-04 19:00:00
291,162,5,2026-05-04 20:00:00
332,340,1,2026-05-04 21:00:00
606,375,5,2026-05-04 22:00:00
261,478,1,2026-05-04 23:00:00
994,298,3,2026-05-05 00:00:00
790,404,4,2026-05-05 01:00:00
871,297,5,2026-05-05 02:00:00
205,82,5,2026-05-05 03:00:00
697,358,4,2026-05-05 04:00:00
687,148,5,2026-05-05 05:00:00
950,6,5,2026-05-05 06:00:00
387,378,4,2026-05-05 07:00:00
892,185,4,2026-05-05 08:00:00
821,426,1,2026-05-05 09:00:00
468,252,4,2026-05-05 10:00:00
415,25,5,2026-05-05 11:00:00
69,41,4,2026-05-05 12:00:00
472,169,5,2026-05-05 13:00:00
104,3,5,2026-05-05 14:00:00
758,364,5,2026-05-05 15:00:00
161,171,2,2026-05-05 16:00:00
200,430,3,2026-05-05 17:00:00
216,57,1,2026-05-05 18:00:00
946,83,5,2026-05-05 19:00:00
212,330,3,2026-05-05 20:00:00
508,179,3,2026-05-05 21:00:00
16,133,3,2026-05-05 22:00:00
498,86,1,2026-05-05 23:00:00
884,457,3,2026-05-06 00:00:00
332,353,2,2026-05-06 01:00:00
717,271,3,2026-05-06 02:00:00
877,344,5,2026-05-06 03:00:00
551,94,4,2026-05-06 04:00:00
601,382,5,2026-05-06 05:00:00
942,356,4,2026-05-06 06:00:00
256,250,5,2026-05-06 07:00:00
992,295,5,2026-05-06 08:00:00
766,198,5,2026-05-06 09:00:00
728,79,2,2026-05-06 10:00:00
815,39,3,2026-05-06 12:00:00
172,308,3,2026-05-06 13:00:00
649,214,3,2026-05-06 14:00:00
1000,131,4,2026-05-06 15:00:00
498,157,4,2026-05-06 16:00:00
471,477,2,2026-05-06 17:00:00
384,382,5,2026-05-06 18:00:00
690,159,4,2026-05-06 19:00:00
589,493,1,2026-05-06 20:00:00
507,227,4,2026-05-06 22:00:00
992,45,1,2026-05-06 23:00:00
527,201,2,2026-05-07 00:00:00
804,22,5,2026-05-07 01:00:00
831,339,5,2026-05-07 02:00:00
325,242,2,2026-05-07 03:00:00
214,229,4,2026-05-07 04:00:00
208,394,3,2026-05-07 05:00:00
169,238,4,2026-05-07 06:00:00
330,149,4,2026-05-07 07:00:00
280,273,1,2026-05-07 08:00:00
978,67,3,2026-05-07 09:00:00
305,7,2,2026-05-07 10:00:00
146,233,4,2026-05-07 11:00:00
775,357,5,2026-05-07 12:00:00
516,292,5,2026-05-07 13:00:00
90,256,5,2026-05-07 14:00:00
453,67,5,2026-05-07 15:00:00
60,250,1,2026-05-07 16:00:00
311,77,5,2026-05-07 17:00:00
528,489,3,2026-05-07 18:00:00
227,414,5,2026-05-07 19:00:00
474,87,5,2026-05-07 20:00:00
978,252,4,2026-05-07 21:00:00
541,455,4,2026-05-07 22:00:00
663,222,3,2026-05-07 23:00:00
757,413,3,2026-05-08 00:00:00
782,72,5,2026-05-08 01:00:00
79,202,5,2026-05-08 02:00:00
433,417,2,2026-05-08 03:00:00
801,59,3,2026-05-08 04:00:00
153,276,2,2026-05-08 05:00:00
789,221,5,2026-05-08 06:00:00
401,157,5,2026-05-08 07:00:00
279,181,4,2026-05-08 08:00:00
57,213,4,2026-05-08 09:00:00
977,129,5,2026-05-08 10:00:00
186,243,3,2026-05-08 11:00:00
398,418,5,2026-05-08 12:00:00
788,480,2,2026-05-08 14:00:00
158,365,3,2026-05-08 15:00:00
787,270,4,2026-05-08 16:00:00
693,421,3,2026-05-08 17:00:00
359,163,4,2026-05-08 18:00:00
440,443,5,2026-05-08 19:00:00
589,24,5,2026-05-08 20:00:00
466,497,4,2026-05-08 21:00:00
663,193,4,2026-05-08 22:00:00
446,366,3,2026-05-08 23:00:00
750,390,4,2026-05-09 00:00:00
801,497,3,2026-05-09 01:00:00
743,452,5,2026-05-09 02:00:00
488,294,5,2026-05-09 03:00:00
530,129,2,2026-05-09 04:00:00
73,41,5,2026-05-09 05:00:00
929,31,5,2026-05-09 06:00:00
928,36,5,2026-05-09 07:00:00
701,457,4,2026-05-09 08:00:00
950,361,5,2026-05-09 09:00:00
17,253,4,2026-05-09 10:00:00
531,438,1,2026-05-09 11:00:00
731,365,1,2026-05-09 12:00:00
326,215,2,2026-05-09 13:00:00
995,287,3,2026-05-09 14:00:00
632,256,3,2026-05-09 15:00:00
613,413,5,2026-05-09 16:00:00
546,369,5,2026-05-09 17:00:00
596,469,5,2026-05-09 18:00:00
921,387,3,2026-05-09 19:00:00
708,186,5,2026-05-09 20:00:00
842,474,4,2026-05-09 21:00:00
202,61,4,2026-05-09 22:00:00
344,262,4,2026-05-09 23:00:00
853,276,5,2026-05-10 00:00:00
523,111,2,2026-05-10 01:00:00
400,430,5,2026-05-10 03:00:00
445,233,5,2026-05-10 05:00:00
765,23,4,2026-05-10 06:00:00
222,79,5,2026-05-10 07:00:00
383,494,5,2026-05-10 08:00:00
881,31,5,2026-05-10 09:00:00
592,4,5,2026-05-10 10:00:00
7,459,5,2026-05-10 11:00:00
272,118,2,2026-05-10 12:00:00
739,66,5,2026-05-10 13:00:00
16,400,3,2026-05-10 14:00:00
424,371,4,2026-05-10 15:00:00
524,287,4,2026-05-10 16:00:00
803,176,3,2026-05-10 17:00:00
753,123,3,2026-05-10 18:00:00
21,231,5,2026-05-10 19:00:00
690,43,5,2026-05-10 20:00:00
939,492,4,2026-05-10 21:00:00
228,4,4,2026-05-10 22:00:00
785,190,5,2026-05-10 23:00:00
288,304,3,2026-05-11 00:00:00
809,412,4,2026-05-11 01:00:00
134,250,4,2026-05-11 02:00:00
984,144,5,2026-05-11 03:00:00
283,487,3,2026-05-11 04:00:00
404,345,5,2026-05-11 05:00:00
665,382,3,2026-05-11 06:00:00
66,333,2,2026-05-11 07:00:00
649,453,2,2026-05-11 08:00:00
604,158,4,2026-05-11 09:00:00
437,65,4,2026-05-11 10:00:00
829,325,4,2026-05-11 11:00:00
934,270,3,2026-05-11 12:00:00
980,418,5,2026-05-11 14:00:00
966,440,5,2026-05-11 15:00:00
103,29,5,2026-05-11 16:00:00
993,466,5,2026-05-11 17:00:00
567,335,4,2026-05-11 18:00:00
769,238,1,2026-05-11 19:00:00
101,153,3,2026-05-11 20:00:00
198,94,3,2026-05-11 21:00:00
813,237,4,2026-05-11 22:00:00
226,322,5,2026-05-11 23:00:00
943,115,5,2026-05-12 00:00:00
463,296,3,2026-05-12 01:00:00
237,219,4,2026-05-12 02:00:00
26,246,4,2026-05-12 03:00:00
121,497,5,2026-05-12 04:00:00
910,399,1,2026-05-12 05:00:00
506,32,4,2026-05-12 06:00:00
182,20,5,2026-05-12 07:00:00
711,53,5,2026-05-12 08:00:00
814,206,3,2026-05-12 09:00:00
767,219,1,2026-05-12 10:00:00
543,305,5,2026-05-12 12:00:00
984,195,3,2026-05-12 13:00:00
315,461,5,2026-05-12 14:00:00
991,345,3,2026-05-12 15:00:00
797,82,4,2026-05-12 16:00:00
618,1,5,2026-05-12 17:00:00
736,167,3,2026-05-12 18:00:00
273,317,3,2026-05-12 19:00:00
910,183,4,2026-05-12 20:00:00
232,453,5,2026-05-12 21:00:00
420,386,2,2026-05-12 22:00:00
768,350,4,2026-05-12 23:00:00
442,273,4,2026-05-13 00:00:00
496,157,4,2026-05-13 01:00:00
24,373,5,2026-05-13 02:00:00
109,362,4,2026-05-13 03:00:00
703,388,4,2026-05-13 04:00:00
502,201,4,2026-05-13 05:00:00
859,192,5,2026-05-13 06:00:00
25,341,2,2026-05-13 07:00:00
187,299,5,2026-05-13 08:00:00
288,76,1,2026-05-13 09:00:00
628,140,4,2026-05-13 10:00:00
338,306,4,2026-05-13 11:00:00
878,196,3,2026-05-13 12:00:00
914,61,1,2026-05-13 13:00:00
37,476,2,2026-05-13 14:00:00
794,457,3,2026-05-13 15:00:00
137,360,5,2026-05-13 16:00:00
508,307,5,2026-05-13 17:00:00
227,480,1,2026-05-13 18:00:00
840,354,5,2026-05-13 20:00:00
916,83,3,2026-05-13 21:00:00
182,334,5,2026-05-13 22:00:00
874,5,3,2026-05-13 23:00:00
86,219,5,2026-05-14 00:00:00
467,412,4,2026-05-14 01:00:00
926,254,2,2026-05-14 02:00:00
53,474,3,2026-05-14 03:00:00
867,88,3,2026-05-14 05:00:00
235,209,4,2026-05-14 06:00:00
959,180,3,2026-05-14 07:00:00
779,208,4,2026-05-14 08:00:00
799,273,4,2026-05-14 09:00:00
433,65,4,2026-05-14 10:00:00
496,380,2,2026-05-14 11:00:00
999,21,4,2026-05-14 12:00:00
100,438,4,2026-05-14 13:00:00
990,367,5,2026-05-14 14:00:00
599,177,5,2026-05-14 15:00:00
403,363,2,2026-05-14 16:00:00
396,22,3,2026-05-14 17:00:00
527,325,1,2026-05-14 18:00:00
415,448,2,2026-05-14 19:00:00
939,36,3,2026-05-14 20:00:00
613,250,2,2026-05-14 21:00:00
677,149,3,2026-05-14 22:00:00
463,440,3,2026-05-14 23:00:00
541,73,3,2026-05-15 00:00:00
626,91,2,2026-05-15 01:00:00
619,176,3,2026-05-15 02:00:00
922,126,4,2026-05-15 03:00:00
364,204,3,2026-05-15 04:00:00
130,402,2,2026-05-15 05:00:00
84,246,1,2026-05-15 06:00:00
271,99,4,2026-05-15 07:00:00
244,271,5,2026-05-15 08:00:00
388,498,1,2026-05-15 09:00:00
214,44,4,2026-05-15 10:00:00
818,222,4,2026-05-15 11:00:00
166,429,4,2026-05-15 12:00:00
791,97,5,2026-05-15 13:00:00
59,36,5,2026-05-15 14:00:00
602,168,1,2026-05-15 15:00:00
883,435,3,2026-05-15 16:00:00
843,30,4,2026-05-15 17:00:00
924,282,5,2026-05-15 18:00:00
504,85,5,2026-05-15 19:00:00
706,357,2,2026-05-15 20:00:00
123,491,3,2026-05-15 21:00:00
648,121,5,2026-05-15 22:00:00
413,287,4,2026-05-15 23:00:00
139,248,4,2026-05-16 00:00:00
229,184,4,2026-05-16 01:00:00
274,253,2,2026-05-16 02:00:00
439,445,5,2026-05-16 03:00:00
562,273,5,2026-05-16 04:00:00
910,209,4,2026-05-16 05:00:00
118,354,4,2026-05-16 06:00:00
714,382,4,2026-05-16 07:00:00
995,24,2,2026-05-16 08:00:00
905,122,2,2026-05-16 09:00:00
483,225,1,2026-05-16 10:00:00
395,388,5,2026-05-16 11:00:00
703,393,3,2026-05-16 12:00:00
460,419,4,2026-05-16 14:00:00
835,123,1,2026-05-16 15:00:00
693,294,2,2026-05-16 16:00:00
935,173,4,2026-05-16 17:00:00
952,491,4,2026-05-16 19:00:00
412,426,4,2026-05-16 20:00:00
75,387,4,2026-05-16 21:00:00
295,415,4,2026-05-16 22:00:00
793,436,4,2026-05-16 23:00:00
21,169,3,2026-05-17 00:00:00
906,57,4,2026-05-17 01:00:00
171,42,3,2026-05-17 02:00:00
15,309,3,2026-05-17 03:00:00
211,119,3,2026-05-17 04:00:00
560,121,1,2026-05-17 05:00:00
86,312,4,2026-05-17 06:00:00
149,251,4,2026-05-17 07:00:00
700,343,3,2026-05-17 08:00:00
372,332,5,2026-05-17 09:00:00
480,456,4,2026-05-17 10:00:00
818,437,5,2026-05-17 11:00:00
151,341,4,2026-05-17 12:00:00
141,341,2,2026-05-17 13:00:00
69,416,5,2026-05-17 14:00:00
260,337,5,2026-05-17 15:00:00
988,182,4,2026-05-17 16:00:00
846,165,3,2026-05-17 17:00:00
968,472,3,2026-05-17 18:00:00
521,264,5,2026-05-17 19:00:00
633,210,1,2026-05-17 20:00:00
371,11,4,2026-05-17 21:00:00
419,182,4,2026-05-17 22:00:00
101,444,2,2026-05-17 23:00:00
661,251,5,2026-05-18 00:00:00
954,138,5,2026-05-18 01:00:00
658,218,3,2026-05-18 02:00:00
865,239,4,2026-05-18 03:00:00
968,454,5,2026-05-18 04:00:00
243,371,4,2026-05-18 05:00:00
753,337,4,2026-05-18 06:00:00
512,87,4,2026-05-18 07:00:00
849,298,2,2026-05-18 08:00:00
555,293,5,2026-05-18 09:00:00
95,92,4,2026-05-18 10:00:00
226,208,3,2026-05-18 11:00:00
518,204,5,2026-05-18 12:00:00
214,186,4,2026-05-18 13:00:00
718,85,3,2026-05-18 14:00:00
67,315,5,2026-05-18 15:00:00
396,152,1,2026-05-18 16:00:00
612,156,4,2026-05-18 17:00:00
12,293,4,2026-05-18 18:00:00
237,21,3,2026-05-18 19:00:00
834,161,5,2026-05-18 20:00:00
770,386,4,2026-05-18 21:00:00
399,485,5,2026-05-18 22:00:00
407,339,4,2026-05-18 23:00:00
925,156,5,2026-05-19 00:00:00
849,143,3,2026-05-19 01:00:00
480,257,4,2026-05-19 02:00:00
647,107,5,2026-05-19 03:00:00
222,284,2,2026-05-19 04:00:00
156,50,2,2026-05-19 05:00:00
654,35,5,2026-05-19 06:00:00
428,224,5,2026-05-19 07:00:00
158,156,5,2026-05-19 08:00:00
977,393,4,2026-05-19 09:00:00
416,408,4,2026-05-19 10:00:00
326,191,3,2026-05-19 11:00:00
371,388,4,2026-05-19 12:00:00
344,184,4,2026-05-19 13:00:00
262,237,1,2026-05-19 14:00:00
283,297,4,2026-05-19 15:00:00
850,323,4,2026-05-19 16:00:00
856,304,4,2026-05-19 17:00:00
229,342,4,2026-05-19 18:00:00
888,488,5,2026-05-19 19:00:00
280,58,3,2026-05-19 20:00:00
870,39,4,2026-05-19 21:00:00
290,241,4,2026-05-19 22:00:00
680,25,3,2026-05-19 23:00:00
975,496,4,2026-05-20 01:00:00
715,117,4,2026-05-20 02:00:00
214,342,5,2026-05-20 03:00:00
758,370,4,2026-05-20 04:00:00
24,240,2,2026-05-20 05:00:00
321,175,4,2026-05-20 06:00:00
274,482,5,2026-05-20 07:00:00
556,445,4,2026-05-20 08:00:00
844,340,5,2026-05-20 09:00:00
313,228,5,2026-05-20 10:00:00
363,485,1,2026-05-20 11:00:00
1000,253,4,2026-05-20 13:00:00
380,411,3,2026-05-20 14:00:00
711,380,4,2026-05-20 15:00:00
919,111,5,2026-05-20 16:00:00
981,241,4,2026-05-20 17:00:00
674,224,4,2026-05-20 18:00:00
907,298,4,2026-05-20 19:00:00
470,52,2,2026-05-20 20:00:00
746,221,5,2026-05-20 21:00:00
675,489,4,2026-05-20 22:00:00
116,304,4,2026-05-20 23:00:00
605,288,3,2026-05-21 00:00:00
42,152,5,2026-05-21 01:00:00
796,387,4,2026-05-21 02:00:00
379,118,1,2026-05-21 03:00:00
722,411,5,2026-05-21 04:00:00
206,457,5,2026-05-21 05:00:00
466,424,4,2026-05-21 06:00:00
732,279,4,2026-05-21 07:00:00
280,135,5,2026-05-21 08:00:00
648,209,5,2026-05-21 09:00:00
618,127,4,2026-05-21 10:00:00
118,293,4,2026-05-21 11:00:00
237,7,3,2026-05-21 12:00:00
456,77,3,2026-05-21 14:00:00
900,338,3,2026-05-21 15:00:00
475,351,5,2026-05-21 16:00:00
100,278,2,2026-05-21 17:00:00
261,334,5,2026-05-21 18:00:00
305,227,3,2026-05-21 20:00:00
286,275,4,2026-05-21 22:00:00
328,351,3,2026-05-21 23:00:00
103,295,4,2026-05-22 00:00:00
63,117,5,2026-05-22 01:00:00
687,292,4,2026-05-22 02:00:00
282,271,5,2026-05-22 03:00:00
441,447,5,2026-05-22 04:00:00
293,157,5,2026-05-22 05:00:00
738,60,3,2026-05-22 06:00:00
7,184,5,2026-05-22 07:00:00
639,424,4,2026-05-22 08:00:00
936,144,5,2026-05-22 09:00:00
92,161,4,2026-05-22 10:00:00
935,89,4,2026-05-22 11:00:00
190,16,5,2026-05-22 12:00:00
871,414,3,2026-05-22 13:00:00
476,249,4,2026-05-22 14:00:00
511,98,2,2026-05-22 15:00:00
462,450,2,2026-05-22 16:00:00
53,104,5,2026-05-22 17:00:00
754,300,1,2026-05-22 18:00:00
486,235,5,2026-05-22 19:00:00
644,422,4,2026-05-22 20:00:00
490,307,4,2026-05-22 21:00:00
364,274,2,2026-05-22 23:00:00
112,261,5,2026-05-23 00:00:00
409,239,5,2026-05-23 01:00:00
7,424,3,2026-05-23 02:00:00
742,262,1,2026-05-23 03:00:00
668,332,3,2026-05-23 04:00:00
197,115,2,2026-05-23 05:00:00
835,268,5,2026-05-23 06:00:00
876,12,5,2026-05-23 07:00:00
735,73,4,2026-05-23 08:00:00
367,362,5,2026-05-23 09:00:00
250,406,2,2026-05-23 10:00:00
916,305,4,2026-05-23 11:00:00
595,178,5,2026-05-23 12:00:00
240,464,1,2026-05-23 13:00:00
380,260,3,2026-05-23 14:00:00
907,434,4,2026-05-23 15:00:00
872,259,3,2026-05-23 16:00:00
835,400,4,2026-05-23 17:00:00
471,270,4,2026-05-23 18:00:00
775,320,3,2026-05-23 19:00:00
919,120,2,2026-05-23 20:00:00
701,169,2,2026-05-23 21:00:00
455,486,4,2026-05-23 22:00:00
366,68,2,2026-05-23 23:00:00
290,59,5,2026-05-24 00:00:00
874,130,5,2026-05-24 01:00:00
403,375,3,2026-05-24 02:00:00
58,266,5,2026-05-24 03:00:00
521,75,4,2026-05-24 04:00:00
304,487,2,2026-05-24 05:00:00
115,90,4,2026-05-24 06:00:00
210,357,4,2026-05-24 07:00:00
41,154,2,2026-05-24 08:00:00
816,388,3,2026-05-24 09:00:00
173,218,1,2026-05-24 10:00:00
234,486,3,2026-05-24 11:00:00
793,28,3,2026-05-24 12:00:00
884,130,4,2026-05-24 13:00:00
590,66,2,2026-05-24 14:00:00
620,144,1,2026-05-24 15:00:00
793,380,3,2026-05-24 16:00:00
403,313,5,2026-05-24 17:00:00
39,407,3,2026-05-24 18:00:00
119,407,4,2026-05-24 19:00:00
335,461,4,2026-05-24 20:00:00
336,277,5,2026-05-24 21:00:00
539,103,4,2026-05-24 22:00:00
616,409,2,2026-05-24 23:00:00
74,314,3,2026-05-25 00:00:00
191,37,2,2026-05-25 01:00:00
324,249,4,2026-05-25 02:00:00
147,433,1,2026-05-25 03:00:00
767,461,3,2026-05-25 04:00:00
284,399,4,2026-05-25 05:00:00
213,156,3,2026-05-25 06:00:00
635,451,5,2026-05-25 07:00:00
718,471,3,2026-05-25 08:00:00
929,132,5,2026-05-25 09:00:00
752,47,5,2026-05-25 10:00:00
394,434,5,2026-05-25 11:00:00
339,444,5,2026-05-25 12:00:00
798,446,3,2026-05-25 13:00:00
22,195,5,2026-05-25 14:00:00
771,103,3,2026-05-25 15:00:00
869,328,5,2026-05-25 16:00:00
105,171,3,2026-05-25 17:00:00
466,89,3,2026-05-25 18:00:00
459,246,5,2026-05-25 19:00:00
432,58,3,2026-05-25 20:00:00
770,105,5,2026-05-25 21:00:00
716,180,4,2026-05-25 22:00:00
822,460,3,2026-05-25 23:00:00
774,69,4,2026-05-26 00:00:00
619,481,2,2026-05-26 01:00:00
763,302,5,2026-05-26 02:00:00
936,153,5,2026-05-26 03:00:00
221,25,5,2026-05-26 04:00:00
379,377,5,2026-05-26 05:00:00
222,35,2,2026-05-26 06:00:00
258,445,3,2026-05-26 07:00:00
713,15,3,2026-05-26 08:00:00
367,106,4,2026-05-26 09:00:00
770,218,2,2026-05-26 10:00:00
349,384,4,2026-05-26 11:00:00
225,74,4,2026-05-26 12:00:00
714,344,2,2026-05-26 13:00:00
738,419,2,2026-05-26 14:00:00
236,285,1,2026-05-26 15:00:00
183,38,5,2026-05-26 16:00:00
712,197,3,2026-05-26 17:00:00
869,280,3,2026-05-26 18:00:00
758,275,5,2026-05-26 19:00:00
444,174,2,2026-05-26 20:00:00
865,305,4,2026-05-26 21:00:00
623,44,5,2026-05-26 22:00:00
6,457,4,2026-05-26 23:00:00
236,154,4,2026-05-27 00:00:00
127,153,2,2026-05-27 01:00:00
104,291,2,2026-05-27 02:00:00
749,498,4,2026-05-27 03:00:00
915,420,1,2026-05-27 04:00:00
480,142,5,2026-05-27 05:00:00
155,256,3,2026-05-27 06:00:00
257,312,4,2026-05-27 07:00:00
235,134,3,2026-05-27 08:00:00
500,32,5,2026-05-27 09:00:00
289,26,4,2026-05-27 10:00:00
510,399,4,2026-05-27 11:00:00
800,433,3,2026-05-27 13:00:00
709,223,4,2026-05-27 14:00:00
894,293,4,2026-05-27 16:00:00
776,125,3,2026-05-27 17:00:00
569,230,1,2026-05-27 18:00:00
298,53,1,2026-05-27 19:00:00
610,442,2,2026-05-27 20:00:00
137,101,3,2026-05-27 21:00:00
376,467,5,2026-05-27 22:00:00
87,334,4,2026-05-27 23:00:00
419,292,5,2026-05-28 00:00:00
754,357,3,2026-05-28 01:00:00
199,267,4,2026-05-28 02:00:00
463,283,5,2026-05-28 03:00:00
437,2,4,2026-05-28 04:00:00
310,22,4,2026-05-28 05:00:00
596,66,4,2026-05-28 06:00:00
754,212,4,2026-05-28 07:00:00
281,236,5,2026-05-28 08:00:00
323,368,4,2026-05-28 09:00:00
764,17,5,2026-05-28 10:00:00
702,388,5,2026-05-28 11:00:00
942,7,1,2026-05-28 13:00:00
152,335,1,2026-05-28 14:00:00
994,222,2,2026-05-28 15:00:00
302,400,1,2026-05-28 16:00:00
278,104,3,2026-05-28 17:00:00
651,450,1,2026-05-28 18:00:00
688,403,4,2026-05-28 19:00:00
8,1,2,2026-05-28 20:00:00
807,287,4,2026-05-28 21:00:00
235,384,2,2026-05-28 22:00:00
561,388,5,2026-05-29 00:00:00
302,91,3,2026-05-29 01:00:00
38,314,5,2026-05-29 02:00:00
136,312,2,2026-05-29 03:00:00
822,437,5,2026-05-29 04:00:00
421,473,4,2026-05-29 05:00:00
219,214,3,2026-05-29 06:00:00
348,43,2,2026-05-29 07:00:00
808,74,2,2026-05-29 08:00:00
546,242,5,2026-05-29 09:00:00
864,481,4,2026-05-29 10:00:00
79,49,3,2026-05-29 11:00:00
748,368,4,2026-05-29 12:00:00
895,364,2,2026-05-29 13:00:00
273,316,2,2026-05-29 14:00:00
161,222,5,2026-05-29 15:00:00
687,350,4,2026-05-29 16:00:00
878,144,3,2026-05-29 17:00:00
308,329,5,2026-05-29 18:00:00
374,209,3,2026-05-29 19:00:00
976,99,3,2026-05-29 20:00:00
733,188,3,2026-05-29 21:00:00
9,114,4,2026-05-29 22:00:00
801,175,4,2026-05-29 23:00:00
444,271,1,2026-05-30 00:00:00
113,63,4,2026-05-30 01:00:00
989,496,5,2026-05-30 02:00:00
205,284,4,2026-05-30 03:00:00
405,404,5,2026-05-30 04:00:00
853,447,2,2026-05-30 06:00:00
197,161,4,2026-05-30 07:00:00
778,36,2,2026-05-30 08:00:00
774,381,2,2026-05-30 09:00:00
760,141,2,2026-05-30 10:00:00
115,318,5,2026-05-30 11:00:00
121,196,1,2026-05-30 12:00:00
653,151,3,2026-05-30 13:00:00
65,456,2,2026-05-30 14:00:00
276,269,5,2026-05-30 15:00:00
825,344,4,2026-05-30 16:00:00
239,40,3,2026-05-30 17:00:00
302,238,5,2026-05-30 18:00:00
392,414,5,2026-05-30 19:00:00
522,380,4,2026-05-30 20:00:00
969,222,3,2026-05-30 21:00:00
369,281,4,2026-05-30 22:00:00
233,225,5,2026-05-30 23:00:00
195,457,1,2026-05-31 00:00:00
907,154,3,2026-05-31 01:00:00
12,280,3,2026-05-31 02:00:00
906,353,4,2026-05-31 03:00:00
921,39,4,2026-05-31 04:00:00
689,217,3,2026-05-31 05:00:00
177,244,3,2026-05-31 06:00:00
217,109,5,2026-05-31 07:00:00
11,463,5,2026-05-31 08:00:00
446,61,5,2026-05-31 09:00:00
630,489,5,2026-05-31 10:00:00
164,496,4,2026-05-31 11:00:00
551,433,2,2026-05-31 12:00:00
53,425,4,2026-05-31 13:00:00
218,198,3,2026-05-31 14:00:00
718,276,4,2026-05-31 15:00:00
999,172,4,2026-05-31 16:00:00
824,272,5,2026-05-31 17:00:00
360,405,1,2026-05-31 18:00:00
385,271,2,2026-05-31 19:00:00
56,423,4,2026-05-31 20:00:00
118,42,5,2026-05-31 21:00:00
900,189,5,2026-05-31 22:00:00
253,260,4,2026-05-31 23:00:00
798,152,1,2026-06-01 00:00:00
780,131,3,2026-06-01 01:00:00
803,114,5,2026-06-01 02:00:00
845,385,4,2026-06-01 03:00:00
180,222,5,2026-06-01 04:00:00
415,397,3,2026-06-01 05:00:00
870,54,1,2026-06-01 06:00:00
235,338,4,2026-06-01 07:00:00
855,296,5,2026-06-01 08:00:00
708,383,5,2026-06-01 09:00:00
820,395,5,2026-06-01 10:00:00
80,42,4,2026-06-01 11:00:00
647,93,4,2026-06-01 12:00:00
22,260,5,2026-06-01 13:00:00
477,281,1,2026-06-01 14:00:00
440,420,4,2026-06-01 16:00:00
737,192,5,2026-06-01 17:00:00
570,125,5,2026-06-01 18:00:00
93,428,2,2026-06-01 19:00:00
192,296,2,2026-06-01 20:00:00
103,348,3,2026-06-01 21:00:00
396,429,3,2026-06-01 22:00:00
7,392,4,2026-06-01 23:00:00
640,341,4,2026-06-02 00:00:00
567,35,4,2026-06-02 01:00:00
231,428,1,2026-06-02 02:00:00
874,402,5,2026-06-02 03:00:00
574,47,4,2026-06-02 04:00:00
240,153,5,2026-06-02 05:00:00
232,425,5,2026-06-02 07:00:00
457,5,2,2026-06-02 08:00:00
233,448,4,2026-06-02 09:00:00
354,446,4,2026-06-02 10:00:00
333,125,5,2026-06-02 11:00:00
439,367,3,2026-06-02 12:00:00
375,328,2,2026-06-02 13:00:00
292,87,5,2026-06-02 14:00:00
345,3,3,2026-06-02 15:00:00
664,492,3,2026-06-02 16:00:00
428,165,4,2026-06-02 17:00:00
657,223,2,2026-06-02 18:00:00
130,349,3,2026-06-02 19:00:00
141,297,3,2026-06-02 20:00:00
415,404,3,2026-06-02 21:00:00
93,451,4,2026-06-02 22:00:00
626,343,3,2026-06-02 23:00:00
284,424,5,2026-06-03 00:00:00
956,341,5,2026-06-03 01:00:00
923,461,2,2026-06-03 02:00:00
655,392,5,2026-06-03 03:00:00
223,389,5,2026-06-03 04:00:00
545,421,3,2026-06-03 07:00:00
276,381,5,2026-06-03 08:00:00
682,105,4,2026-06-03 09:00:00
140,5,3,2026-06-03 10:00:00
357,136,5,2026-06-03 11:00:00
713,492,4,2026-06-03 12:00:00
23,4,2,2026-06-03 13:00:00
968,169,2,2026-06-03 14:00:00
736,316,5,2026-06-03 15:00:00
880,310,5,2026-06-03 16:00:00
859,78,4,2026-06-03 18:00:00
665,19,2,2026-06-03 19:00:00
333,205,4,2026-06-03 20:00:00
85,355,5,2026-06-03 21:00:00
621,324,5,2026-06-03 22:00:00
31,33,4,2026-06-03 23:00:00
741,150,5,2026-06-04 00:00:00
240,193,5,2026-06-04 01:00:00
890,139,2,2026-06-04 02:00:00
363,272,3,2026-06-04 03:00:00
822,196,2,2026-06-04 04:00:00
389,127,4,2026-06-04 05:00:00
653,349,5,2026-06-04 06:00:00
668,231,2,2026-06-04 07:00:00
299,44,5,2026-06-04 08:00:00
857,230,4,2026-06-04 09:00:00
371,216,5,2026-06-04 10:00:00
99,244,1,2026-06-04 11:00:00
47,9,2,2026-06-04 12:00:00
999,250,4,2026-06-04 13:00:00
839,200,5,2026-06-04 14:00:00
422,334,5,2026-06-04 15:00:00
480,79,4,2026-06-04 16:00:00
579,245,3,2026-06-04 17:00:00
62,190,2,2026-06-04 18:00:00
109,86,5,2026-06-04 19:00:00
679,485,2,2026-06-04 20:00:00
549,271,4,2026-06-04 21:00:00
119,262,4,2026-06-04 22:00:00
598,1,4,2026-06-04 23:00:00
382,20,4,2026-06-05 00:00:00
392,489,5,2026-06-05 01:00:00
977,420,5,2026-06-05 02:00:00
52,130,5,2026-06-05 03:00:00
603,326,4,2026-06-05 04:00:00
289,258,2,2026-06-05 05:00:00
337,131,5,2026-06-05 06:00:00
810,7,2,2026-06-05 07:00:00
204,340,4,2026-06-05 08:00:00
880,241,3,2026-06-05 09:00:00
238,192,4,2026-06-05 10:00:00
382,425,3,2026-06-05 11:00:00
667,310,5,2026-06-05 12:00:00
752,297,5,2026-06-05 13:00:00
136,115,4,2026-06-05 14:00:00
407,389,1,2026-06-05 15:00:00
508,473,4,2026-06-05 16:00:00
362,102,3,2026-06-05 17:00:00
381,338,5,2026-06-05 18:00:00
881,319,2,2026-06-05 19:00:00
576,1,2,2026-06-05 20:00:00
635,25,4,2026-06-05 21:00:00
254,209,5,2026-06-05 22:00:00
114,143,3,2026-06-06 00:00:00
20,197,3,2026-06-06 01:00:00
528,145,3,2026-06-06 02:00:00
145,149,3,2026-06-06 03:00:00
208,181,5,2026-06-06 04:00:00
531,55,1,2026-06-06 05:00:00
376,471,4,2026-06-06 06:00:00
504,363,5,2026-06-06 07:00:00
904,138,1,2026-06-06 08:00:00
166,209,5,2026-06-06 09:00:00
181,65,1,2026-06-06 11:00:00
861,37,5,2026-06-06 12:00:00
617,112,4,2026-06-06 13:00:00
612,263,4,2026-06-06 14:00:00
602,76,5,2026-06-06 15:00:00
927,296,5,2026-06-06 16:00:00
812,178,4,2026-06-06 17:00:00
444,254,3,2026-06-06 18:00:00
332,1,3,2026-06-06 19:00:00
503,148,5,2026-06-06 20:00:00
913,364,5,2026-06-06 21:00:00
79,159,1,2026-06-06 22:00:00
585,324,1,2026-06-06 23:00:00
935,474,5,2026-06-07 00:00:00
938,268,3,2026-06-07 01:00:00
688,150,3,2026-06-07 02:00:00
396,129,2,2026-06-07 03:00:00
857,1,5,2026-06-07 05:00:00
103,387,5,2026-06-07 06:00:00
402,117,3,2026-06-07 07:00:00
975,460,5,2026-06-07 08:00:00
224,149,3,2026-06-07 09:00:00
518,269,5,2026-06-07 10:00:00
634,189,3,2026-06-07 11:00:00
236,141,5,2026-06-07 12:00:00
427,105,3,2026-06-07 13:00:00
116,466,2,2026-06-07 14:00:00
163,252,5,2026-06-07 15:00:00
226,417,3,2026-06-07 16:00:00
230,390,5,2026-06-07 17:00:00
182,281,2,2026-06-07 18:00:00
249,407,1,2026-06-07 19:00:00
318,344,5,2026-06-07 20:00:00
965,101,4,2026-06-07 21:00:00
210,282,4,2026-06-07 22:00:00
656,388,2,2026-06-07 23:00:00
392,358,4,2026-06-08 00:00:00
857,163,3,2026-06-08 01:00:00
96,497,4,2026-06-08 02:00:00
894,203,4,2026-06-08 03:00:00
858,100,4,2026-06-08 04:00:00
756,281,5,2026-06-08 05:00:00
86,404,4,2026-06-08 06:00:00
415,257,3,2026-06-08 07:00:00
394,94,3,2026-06-08 08:00:00
696,324,4,2026-06-08 09:00:00
633,279,3,2026-06-08 10:00:00
844,227,3,2026-06-08 11:00:00
501,362,5,2026-06-08 12:00:00
604,150,5,2026-06-08 13:00:00
582,351,4,2026-06-08 14:00:00
916,62,4,2026-06-08 15:00:00
133,129,4,2026-06-08 16:00:00
791,187,4,2026-06-08 17:00:00
649,68,5,2026-06-08 18:00:00
314,403,5,2026-06-08 19:00:00
699,30,1,2026-06-08 20:00:00
221,385,5,2026-06-08 21:00:00
976,304,5,2026-06-08 22:00:00
438,275,2,2026-06-08 23:00:00
46,127,2,2026-06-09 00:00:00
790,436,5,2026-06-09 01:00:00
192,213,4,2026-06-09 02:00:00
520,406,5,2026-06-09 03:00:00
379,306,2,2026-06-09 04:00:00
788,450,1,2026-06-09 05:00:00
691,134,2,2026-06-09 06:00:00
334,448,4,2026-06-09 07:00:00
39,405,4,2026-06-09 08:00:00
293,481,5,2026-06-09 09:00:00
690,403,5,2026-06-09 10:00:00
331,421,1,2026-06-09 12:00:00
886,319,2,2026-06-09 13:00:00
104,157,2,2026-06-09 14:00:00
161,188,4,2026-06-09 15:00:00
799,476,3,2026-06-09 16:00:00
635,162,4,2026-06-09 17:00:00
54,129,2,2026-06-09 18:00:00
940,304,2,2026-06-09 19:00:00
34,89,4,2026-06-09 20:00:00
242,383,3,2026-06-09 21:00:00
967,405,5,2026-06-09 22:00:00
890,162,5,2026-06-09 23:00:00
113,410,2,2026-06-10 00:00:00
318,36,5,2026-06-10 01:00:00
23,227,4,2026-06-10 02:00:00
558,151,4,2026-06-10 03:00:00
824,81,2,2026-06-10 04:00:00
647,47,5,2026-06-10 05:00:00
118,490,1,2026-06-10 06:00:00
985,204,3,2026-06-10 07:00:00
701,428,2,2026-06-10 08:00:00
643,148,4,2026-06-10 09:00:00
934,231,4,2026-06-10 10:00:00
212,27,5,2026-06-10 11:00:00
418,490,5,2026-06-10 12:00:00
113,189,5,2026-06-10 13:00:00
44,165,5,2026-06-10 14:00:00
128,212,3,2026-06-10 15:00:00
876,308,4,2026-06-10 16:00:00
158,75,4,2026-06-10 17:00:00
785,92,4,2026-06-10 18:00:00
827,62,4,2026-06-10 19:00:00
394,66,5,2026-06-10 20:00:00
852,80,5,2026-06-10 22:00:00
512,140,2,2026-06-10 23:00:00
914,400,1,2026-06-11 00:00:00
45,420,4,2026-06-11 01:00:00
108,130,4,2026-06-11 02:00:00
219,473,1,2026-06-11 03:00:00
443,254,4,2026-06-11 04:00:00
830,446,4,2026-06-11 05:00:00
315,320,1,2026-06-11 06:00:00
177,29,5,2026-06-11 07:00:00
228,476,3,2026-06-11 08:00:00
703,202,5,2026-06-11 09:00:00
983,237,3,2026-06-11 10:00:00
672,87,4,2026-06-11 11:00:00
906,96,5,2026-06-11 12:00:00
267,287,5,2026-06-11 13:00:00
870,339,5,2026-06-11 14:00:00
838,399,2,2026-06-11 15:00:00
379,439,1,2026-06-11 16:00:00
489,289,4,2026-06-11 17:00:00
702,252,4,2026-06-11 18:00:00
687,465,5,2026-06-11 19:00:00
290,180,3,2026-06-11 20:00:00
996,100,4,2026-06-11 21:00:00
357,404,4,2026-06-11 22:00:00
657,73,5,2026-06-11 23:00:00
744,422,3,2026-06-12 00:00:00
872,131,5,2026-06-12 01:00:00
950,182,4,2026-06-12 02:00:00
204,194,5,2026-06-12 03:00:00
213,18,4,2026-06-12 04:00:00
552,471,5,2026-06-12 05:00:00
787,126,1,2026-06-12 06:00:00
323,211,5,2026-06-12 07:00:00
594,7,4,2026-06-12 08:00:00
181,419,4,2026-06-12 09:00:00
499,380,2,2026-06-12 10:00:00
320,114,5,2026-06-12 11:00:00
83,340,2,2026-06-12 12:00:00
303,84,2,2026-06-12 13:00:00
262,339,2,2026-06-12 14:00:00
784,361,1,2026-06-12 15:00:00
200,464,4,2026-06-12 16:00:00
240,102,3,2026-06-12 17:00:00
914,469,2,2026-06-12 18:00:00
692,93,3,2026-06-12 19:00:00
944,492,4,2026-06-12 20:00:00
683,316,4,2026-06-12 21:00:00
295,102,3,2026-06-12 22:00:00
512,493,4,2026-06-12 23:00:00
689,251,4,2026-06-13 00:00:00
881,24,5,2026-06-13 01:00:00
396,485,1,2026-06-13 02:00:00
749,477,5,2026-06-13 03:00:00
138,479,3,2026-06-13 04:00:00
839,365,5,2026-06-13 05:00:00
878,500,4,2026-06-13 06:00:00
823,167,3,2026-06-13 07:00:00
129,140,4,2026-06-13 08:00:00
676,181,4,2026-06-13 10:00:00
789,64,4,2026-06-13 11:00:00
293,4,1,2026-06-13 12:00:00
536,389,5,2026-06-13 14:00:00
311,272,3,2026-06-13 15:00:00
537,283,5,2026-06-13 16:00:00
903,132,3,2026-06-13 17:00:00
639,72,5,2026-06-13 18:00:00
234,304,4,2026-06-13 19:00:00
209,392,4,2026-06-13 20:00:00
605,81,1,2026-06-13 21:00:00
94,174,5,2026-06-13 22:00:00
327,300,5,2026-06-13 23:00:00
225,451,5,2026-06-14 00:00:00
967,475,3,2026-06-14 01:00:00
890,52,3,2026-06-14 02:00:00
792,290,4,2026-06-14 03:00:00
11,446,5,2026-06-14 04:00:00
329,237,5,2026-06-14 05:00:00
12,277,3,2026-06-14 06:00:00
35,491,4,2026-06-14 07:00:00
447,280,5,2026-06-14 08:00:00
452,44,3,2026-06-14 09:00:00
740,370,4,2026-06-14 10:00:00
220,254,2,2026-06-14 11:00:00
441,425,4,2026-06-14 12:00:00
535,359,5,2026-06-14 14:00:00
595,134,4,2026-06-14 15:00:00
344,178,5,2026-06-14 18:00:00
80,462,4,2026-06-14 19:00:00
353,101,4,2026-06-14 20:00:00
396,180,5,2026-06-14 21:00:00
290,472,5,2026-06-14 22:00:00
455,461,5,2026-06-14 23:00:00
843,257,5,2026-06-15 00:00:00
671,268,3,2026-06-15 01:00:00
989,371,5,2026-06-15 02:00:00
128,362,4,2026-06-15 03:00:00
702,408,1,2026-06-15 04:00:00
909,37,4,2026-06-15 05:00:00
543,468,4,2026-06-15 06:00:00
898,454,3,2026-06-15 07:00:00
359,204,5,2026-06-15 08:00:00
527,469,1,2026-06-15 09:00:00
313,259,5,2026-06-15 10:00:00
75,155,2,2026-06-15 11:00:00
546,238,3,2026-06-15 12:00:00
871,309,4,2026-06-15 13:00:00
196,100,5,2026-06-15 14:00:00
843,273,3,2026-06-15 15:00:00
29,113,5,2026-06-15 16:00:00
706,110,5,2026-06-15 17:00:00
16,143,5,2026-06-15 18:00:00
423,167,2,2026-06-15 19:00:00
589,260,4,2026-06-15 20:00:00
805,145,5,2026-06-15 21:00:00
593,230,3,2026-06-15 22:00:00
405,395,2,2026-06-15 23:00:00
940,268,4,2026-06-16 00:00:00
636,495,5,2026-06-16 01:00:00
531,32,4,2026-06-16 02:00:00
967,411,4,2026-06-16 03:00:00
614,428,4,2026-06-16 04:00:00
77,219,1,2026-06-16 06:00:00
229,177,2,2026-06-16 07:00:00
962,104,2,2026-06-16 08:00:00
297,236,2,2026-06-16 09:00:00
510,93,3,2026-06-16 10:00:00
715,201,3,2026-06-16 11:00:00
984,299,4,2026-06-16 12:00:00
966,387,3,2026-06-16 13:00:00
573,231,4,2026-06-16 14:00:00
538,413,5,2026-06-16 15:00:00
583,255,2,2026-06-16 16:00:00
615,85,3,2026-06-16 17:00:00
979,35,3,2026-06-16 18:00:00
326,117,4,2026-06-16 19:00:00
363,176,5,2026-06-16 20:00:00
669,458,5,2026-06-16 21:00:00
875,471,4,2026-06-16 22:00:00
359,423,5,2026-06-16 23:00:00
706,473,5,2026-06-17 00:00:00
787,408,2,2026-06-17 01:00:00
324,276,3,2026-06-17 02:00:00
698,399,4,2026-06-17 03:00:00
326,85,5,2026-06-17 04:00:00
625,117,3,2026-06-17 05:00:00
825,362,3,2026-06-17 06:00:00
165,204,5,2026-06-17 07:00:00
573,146,2,2026-06-17 08:00:00
604,444,4,2026-06-17 09:00:00
798,215,1,2026-06-17 10:00:00
455,105,1,2026-06-17 11:00:00
969,349,4,2026-06-17 12:00:00
153,297,4,2026-06-17 13:00:00
737,356,2,2026-06-17 14:00:00
127,69,5,2026-06-17 15:00:00
193,487,2,2026-06-17 16:00:00
627,474,4,2026-06-17 17:00:00
774,255,3,2026-06-17 18:00:00
530,231,5,2026-06-17 19:00:00
10,203,5,2026-06-17 20:00:00
92,362,1,2026-06-17 21:00:00
139,395,2,2026-06-17 22:00:00
481,248,5,2026-06-17 23:00:00
449,440,4,2026-06-18 00:00:00
333,402,4,2026-06-18 01:00:00
869,396,2,2026-06-18 02:00:00
340,249,5,2026-06-18 03:00:00
961,144,5,2026-06-18 04:00:00
52,283,1,2026-06-18 05:00:00
707,356,4,2026-06-18 06:00:00
466,401,5,2026-06-18 07:00:00
718,241,4,2026-06-18 08:00:00
799,341,4,2026-06-18 09:00:00
475,375,3,2026-06-18 10:00:00
401,229,1,2026-06-18 11:00:00
878,109,4,2026-06-18 13:00:00
605,419,4,2026-06-18 14:00:00
932,27,3,2026-06-18 15:00:00
997,343,5,2026-06-18 16:00:00
922,160,5,2026-06-18 17:00:00
821,17,4,2026-06-18 18:00:00
657,267,5,2026-06-18 19:00:00
598,129,2,2026-06-18 20:00:00
153,82,4,2026-06-18 22:00:00
514,49,3,2026-06-18 23:00:00
503,41,2,2026-06-19 00:00:00
854,20,3,2026-06-19 01:00:00
901,327,5,2026-06-19 02:00:00
772,37,5,2026-06-19 03:00:00
676,382,4,2026-06-19 04:00:00
6,400,2,2026-06-19 05:00:00
661,109,3,2026-06-19 07:00:00
717,429,4,2026-06-19 08:00:00
118,64,5,2026-06-19 09:00:00
485,175,2,2026-06-19 10:00:00
601,279,4,2026-06-19 11:00:00
951,433,2,2026-06-19 13:00:00
679,209,5,2026-06-19 14:00:00
468,379,2,2026-06-19 15:00:00
161,19,4,2026-06-19 16:00:00
270,106,3,2026-06-19 17:00:00
56,482,4,2026-06-19 18:00:00
228,206,1,2026-06-19 19:00:00
849,247,5,2026-06-19 20:00:00
149,323,1,2026-06-19 21:00:00
46,167,5,2026-06-19 22:00:00
144,89,4,2026-06-19 23:00:00
750,316,4,2026-06-20 00:00:00
784,11,5,2026-06-20 01:00:00
632,49,2,2026-06-20 02:00:00
340,399,3,2026-06-20 03:00:00
413,384,2,2026-06-20 04:00:00
732,467,3,2026-06-20 05:00:00
520,61,5,2026-06-20 06:00:00
344,171,2,2026-06-20 07:00:00
387,143,5,2026-06-20 08:00:00
473,207,4,2026-06-20 09:00:00
275,486,1,2026-06-20 10:00:00
353,463,5,2026-06-20 11:00:00
66,201,5,2026-06-20 12:00:00
79,5,5,2026-06-20 13:00:00
598,211,4,2026-06-20 14:00:00
636,472,3,2026-06-20 15:00:00
202,29,3,2026-06-20 16:00:00
978,190,4,2026-06-20 17:00:00
662,188,3,2026-06-20 18:00:00
558,325,5,2026-06-20 19:00:00
113,255,5,2026-06-20 20:00:00
91,150,3,2026-06-20 21:00:00
141,13,4,2026-06-20 22:00:00
289,434,5,2026-06-20 23:00:00
901,372,3,2026-06-21 00:00:00
730,497,3,2026-06-21 01:00:00
589,431,1,2026-06-21 02:00:00
377,157,3,2026-06-21 04:00:00
384,80,2,2026-06-21 05:00:00
846,356,1,2026-06-21 06:00:00
152,273,4,2026-06-21 07:00:00
835,148,3,2026-06-21 08:00:00
751,206,1,2026-06-21 09:00:00
627,114,5,2026-06-21 10:00:00
319,6,4,2026-06-21 11:00:00
369,278,2,2026-06-21 12:00:00
606,232,5,2026-06-21 13:00:00
995,137,3,2026-06-21 14:00:00
560,160,3,2026-06-21 15:00:00
703,344,5,2026-06-21 16:00:00
462,289,2,2026-06-21 17:00:00
12,205,5,2026-06-21 18:00:00
156,483,5,2026-06-21 19:00:00
684,326,3,2026-06-21 20:00:00
477,305,1,2026-06-21 21:00:00
939,360,2,2026-06-21 22:00:00
401,158,2,2026-06-21 23:00:00
808,358,5,2026-06-22 00:00:00
177,400,4,2026-06-22 01:00:00
341,449,1,2026-06-22 02:00:00
57,106,4,2026-06-22 03:00:00
855,82,3,2026-06-22 04:00:00
852,342,3,2026-06-22 05:00:00
448,474,2,2026-06-22 06:00:00
203,270,5,2026-06-22 07:00:00
697,440,1,2026-06-22 08:00:00
633,421,4,2026-06-22 09:00:00
738,49,2,2026-06-22 10:00:00
202,206,4,2026-06-22 11:00:00
330,218,3,2026-06-22 12:00:00
363,306,1,2026-06-22 13:00:00
892,164,4,2026-06-22 14:00:00
356,279,3,2026-06-22 16:00:00
216,322,5,2026-06-22 17:00:00
972,231,3,2026-06-22 18:00:00
555,199,5,2026-06-22 19:00:00
887,487,4,2026-06-22 20:00:00
23,429,5,2026-06-22 21:00:00
155,371,4,2026-06-22 22:00:00
186,214,2,2026-06-22 23:00:00
249,284,5,2026-06-23 00:00:00
749,486,5,2026-06-23 01:00:00
805,276,5,2026-06-23 02:00:00
134,433,2,2026-06-23 03:00:00
321,185,4,2026-06-23 04:00:00
390,210,4,2026-06-23 05:00:00
22,216,5,2026-06-23 07:00:00
600,443,4,2026-06-23 09:00:00
665,119,3,2026-06-23 10:00:00
79,282,3,2026-06-23 12:00:00
858,403,1,2026-06-23 13:00:00
968,496,3,2026-06-23 14:00:00
51,106,2,2026-06-23 15:00:00
728,397,4,2026-06-23 16:00:00
176,458,4,2026-06-23 17:00:00
870,318,5,2026-06-23 18:00:00
253,382,4,2026-06-23 19:00:00
966,142,4,2026-06-23 20:00:00
246,457,3,2026-06-23 21:00:00
739,395,5,2026-06-23 22:00:00
106,323,2,2026-06-23 23:00:00
193,488,5,2026-06-24 00:00:00
316,268,4,2026-06-24 01:00:00
302,291,2,2026-06-24 02:00:00
548,487,3,2026-06-24 03:00:00
954,366,1,2026-06-24 04:00:00
716,167,2,2026-06-24 05:00:00
934,160,3,2026-06-24 06:00:00
779,231,4,2026-06-24 07:00:00
268,14,2,2026-06-24 08:00:00
170,492,4,2026-06-24 09:00:00
551,193,5,2026-06-24 10:00:00
455,155,4,2026-06-24 11:00:00
651,101,3,2026-06-24 12:00:00
292,60,2,2026-06-24 13:00:00
564,43,1,2026-06-24 14:00:00
799,193,5,2026-06-24 15:00:00
801,311,4,2026-06-24 16:00:00
141,109,4,2026-06-24 17:00:00
146,93,2,2026-06-24 18:00:00
425,216,3,2026-06-24 19:00:00
314,465,5,2026-06-24 20:00:00
184,163,4,2026-06-24 21:00:00
664,351,5,2026-06-24 22:00:00
713,234,5,2026-06-24 23:00:00
128,416,5,2026-06-25 00:00:00
287,403,3,2026-06-25 01:00:00
823,351,3,2026-06-25 02:00:00
253,167,3,2026-06-25 03:00:00
778,148,5,2026-06-25 04:00:00
700,28,3,2026-06-25 05:00:00
386,259,5,2026-06-25 06:00:00
230,416,5,2026-06-25 07:00:00
271,86,5,2026-06-25 08:00:00
771,108,4,2026-06-25 09:00:00
811,442,2,2026-06-25 10:00:00
198,426,4,2026-06-25 12:00:00
323,117,5,2026-06-25 13:00:00
56,364,5,2026-06-25 14:00:00
831,15,2,2026-06-25 15:00:00
203,486,3,2026-06-25 16:00:00
783,211,4,2026-06-25 17:00:00
621,318,4,2026-06-25 18:00:00
628,31,2,2026-06-25 19:00:00
604,445,3,2026-06-25 20:00:00
138,282,5,2026-06-25 21:00:00
422,453,5,2026-06-25 22:00:00
815,185,4,2026-06-25 23:00:00
57,404,4,2026-06-26 00:00:00
562,66,3,2026-06-26 01:00:00
71,405,5,2026-06-26 02:00:00
911,371,1,2026-06-26 03:00:00
914,316,3,2026-06-26 04:00:00
594,63,1,2026-06-26 05:00:00
372,435,3,2026-06-26 06:00:00
617,228,5,2026-06-26 07:00:00
600,476,5,2026-06-26 08:00:00
514,468,4,2026-06-26 09:00:00
872,101,5,2026-06-26 10:00:00
84,423,3,2026-06-26 11:00:00
994,356,4,2026-06-26 12:00:00
43,139,5,2026-06-26 13:00:00
666,119,4,2026-06-26 14:00:00
839,57,2,2026-06-26 15:00:00
934,131,5,2026-06-26 16:00:00
606,37,3,2026-06-26 17:00:00
810,468,2,2026-06-26 18:00:00
395,111,1,2026-06-26 20:00:00
65,153,4,2026-06-26 21:00:00
290,405,4,2026-06-26 22:00:00
376,250,3,2026-06-26 23:00:00
769,242,5,2026-06-27 00:00:00
467,208,5,2026-06-27 01:00:00
898,368,2,2026-06-27 02:00:00
213,170,5,2026-06-27 03:00:00
148,257,3,2026-06-27 04:00:00
573,279,5,2026-06-27 05:00:00
471,363,5,2026-06-27 06:00:00
149,113,2,2026-06-27 07:00:00
88,408,4,2026-06-27 08:00:00
324,175,5,2026-06-27 09:00:00
895,89,3,2026-06-27 10:00:00
396,135,2,2026-06-27 11:00:00
790,294,1,2026-06-27 12:00:00
404,495,2,2026-06-27 13:00:00
82,303,1,2026-06-27 14:00:00
641,359,3,2026-06-27 15:00:00
286,419,3,2026-06-27 16:00:00
382,206,2,2026-06-27 17:00:00
865,318,4,2026-06-27 18:00:00
792,73,5,2026-06-27 19:00:00
270,259,5,2026-06-27 20:00:00
292,358,3,2026-06-27 21:00:00
453,148,5,2026-06-27 22:00:00
715,489,5,2026-06-27 23:00:00
24,225,5,2026-06-28 00:00:00
956,105,5,2026-06-28 01:00:00
863,44,5,2026-06-28 02:00:00
461,356,2,2026-06-28 04:00:00
208,26,4,2026-06-28 05:00:00
792,304,1,2026-06-28 06:00:00
717,261,5,2026-06-28 07:00:00
664,59,3,2026-06-28 08:00:00
438,61,5,2026-06-28 09:00:00
538,305,5,2026-06-28 10:00:00
706,414,4,2026-06-28 11:00:00
336,401,2,2026-06-28 12:00:00
422,70,3,2026-06-28 13:00:00
750,442,4,2026-06-28 14:00:00
321,447,5,2026-06-28 15:00:00
497,445,5,2026-06-28 16:00:00
587,447,2,2026-06-28 17:00:00
947,271,2,2026-06-28 18:00:00
163,257,1,2026-06-28 19:00:00
811,397,3,2026-06-28 20:00:00
541,432,5,2026-06-28 21:00:00
165,384,2,2026-06-28 22:00:00
849,418,4,2026-06-28 23:00:00
698,125,4,2026-06-29 00:00:00
295,19,4,2026-06-29 02:00:00
42,119,4,2026-06-29 03:00:00
924,320,3,2026-06-29 04:00:00
285,66,4,2026-06-29 05:00:00
939,245,3,2026-06-29 06:00:00
387,57,4,2026-06-29 07:00:00
138,44,5,2026-06-29 08:00:00
187,12,5,2026-06-29 09:00:00
910,378,4,2026-06-29 10:00:00
716,424,5,2026-06-29 11:00:00
431,236,5,2026-06-29 12:00:00
554,24,3,2026-06-29 13:00:00
862,395,5,2026-06-29 14:00:00
416,450,4,2026-06-29 15:00:00
800,257,5,2026-06-29 16:00:00
426,442,3,2026-06-29 17:00:00
416,284,5,2026-06-29 18:00:00
371,361,3,2026-06-29 20:00:00
385,251,4,2026-06-29 21:00:00
56,94,3,2026-06-29 22:00:00
253,380,2,2026-06-29 23:00:00
634,443,1,2026-06-30 00:00:00
106,455,3,2026-06-30 01:00:00
130,380,4,2026-06-30 02:00:00
849,22,3,2026-06-30 03:00:00
670,474,1,2026-06-30 04:00:00
376,157,4,2026-06-30 05:00:00
743,89,2,2026-06-30 06:00:00
967,202,3,2026-06-30 07:00:00
308,468,2,2026-06-30 08:00:00
91,462,4,2026-06-30 09:00:00
393,481,2,2026-06-30 10:00:00
534,197,3,2026-06-30 11:00:00
802,45,4,2026-06-30 12:00:00
110,454,2,2026-06-30 13:00:00
561,470,4,2026-06-30 14:00:00
641,380,3,2026-06-30 15:00:00
585,401,5,2026-06-30 16:00:00
340,79,5,2026-06-30 17:00:00
565,39,5,2026-06-30 18:00:00
979,424,4,2026-06-30 19:00:00
356,284,4,2026-06-30 20:00:00
892,386,5,2026-06-30 21:00:00
168,466,3,2026-06-30 22:00:00
557,155,4,2026-06-30 23:00:00
452,149,3,2026-07-01 00:00:00
105,391,2,2026-07-01 02:00:00
150,445,5,2026-07-01 03:00:00
146,52,5,2026-07-01 04:00:00
716,251,1,2026-07-01 05:00:00
299,382,3,2026-07-01 07:00:00
167,147,2,2026-07-01 08:00:00
713,329,4,2026-07-01 09:00:00
646,396,1,2026-07-01 10:00:00
723,494,4,2026-07-01 11:00:00
48,350,1,2026-07-01 12:00:00
638,455,4,2026-07-01 13:00:00
239,258,4,2026-07-01 14:00:00
7,273,5,2026-07-01 15:00:00
464,459,5,2026-07-01 16:00:00
453,498,2,2026-07-01 17:00:00
784,125,3,2026-07-01 18:00:00
897,204,5,2026-07-01 19:00:00
371,256,5,2026-07-01 20:00:00
549,131,4,2026-07-01 21:00:00
487,21,4,2026-07-01 22:00:00
211,78,3,2026-07-01 23:00:00
165,335,4,2026-07-02 00:00:00
125,51,5,2026-07-02 01:00:00
337,362,2,2026-07-02 02:00:00
192,361,5,2026-07-02 03:00:00
730,266,3,2026-07-02 04:00:00
214,116,4,2026-07-02 05:00:00
574,55,1,2026-07-02 06:00:00
328,292,4,2026-07-02 07:00:00
957,51,3,2026-07-02 08:00:00
381,330,3,2026-07-02 09:00:00
673,273,5,2026-07-02 10:00:00
578,254,4,2026-07-02 11:00:00
798,492,4,2026-07-02 12:00:00
239,473,4,2026-07-02 13:00:00
532,61,2,2026-07-02 14:00:00
700,347,3,2026-07-02 15:00:00
82,481,3,2026-07-02 16:00:00
363,459,4,2026-07-02 17:00:00
505,397,5,2026-07-02 18:00:00
202,449,2,2026-07-02 19:00:00
920,351,4,2026-07-02 20:00:00
504,225,1,2026-07-02 21:00:00
644,469,3,2026-07-02 22:00:00
37,336,4,2026-07-02 23:00:00
644,103,1,2026-07-03 00:00:00
589,471,4,2026-07-03 01:00:00
601,458,3,2026-07-03 02:00:00
973,48,5,2026-07-03 03:00:00
402,225,4,2026-07-03 04:00:00
765,342,3,2026-07-03 05:00:00
706,70,1,2026-07-03 07:00:00
176,47,2,2026-07-03 08:00:00
545,228,4,2026-07-03 09:00:00
570,495,5,2026-07-03 10:00:00
467,10,2,2026-07-03 11:00:00
201,185,4,2026-07-03 12:00:00
540,80,3,2026-07-03 13:00:00
547,13,4,2026-07-03 14:00:00
999,499,2,2026-07-03 15:00:00
637,445,5,2026-07-03 16:00:00
394,314,5,2026-07-03 17:00:00
833,340,5,2026-07-03 18:00:00
42,324,3,2026-07-03 19:00:00
597,84,4,2026-07-03 20:00:00
393,86,5,2026-07-03 21:00:00
700,157,5,2026-07-03 22:00:00
623,144,1,2026-07-03 23:00:00
783,491,5,2026-07-04 00:00:00
995,63,5,2026-07-04 01:00:00
441,431,2,2026-07-04 02:00:00
837,43,4,2026-07-04 03:00:00
617,407,3,2026-07-04 04:00:00
506,158,5,2026-07-04 05:00:00
918,185,4,2026-07-04 06:00:00
553,491,1,2026-07-04 08:00:00
215,323,3,2026-07-04 09:00:00
71,440,1,2026-07-04 10:00:00
568,24,2,2026-07-04 11:00:00
919,497,4,2026-07-04 12:00:00
236,357,5,2026-07-04 13:00:00
281,205,4,2026-07-04 14:00:00
987,362,4,2026-07-04 15:00:00
617,224,2,2026-07-04 16:00:00
902,101,3,2026-07-04 17:00:00
887,204,5,2026-07-04 18:00:00
162,8,3,2026-07-04 19:00:00
191,472,3,2026-07-04 20:00:00
9,172,2,2026-07-04 21:00:00
60,208,4,2026-07-04 22:00:00
893,96,5,2026-07-04 23:00:00
817,162,4,2026-07-05 00:00:00
225,291,2,2026-07-05 01:00:00
819,96,5,2026-07-05 02:00:00
700,306,1,2026-07-05 03:00:00
582,145,4,2026-07-05 04:00:00
805,258,3,2026-07-05 05:00:00
287,474,5,2026-07-05 06:00:00
994,438,5,2026-07-05 07:00:00
169,300,4,2026-07-05 08:00:00
62,465,4,2026-07-05 09:00:00
349,102,4,2026-07-05 10:00:00
442,177,2,2026-07-05 11:00:00
14,386,5,2026-07-05 12:00:00
164,328,4,2026-07-05 13:00:00
420,110,4,2026-07-05 14:00:00
757,198,1,2026-07-05 15:00:00
847,393,2,2026-07-05 16:00:00
666,453,4,2026-07-05 18:00:00
548,359,3,2026-07-05 19:00:00
560,137,3,2026-07-05 20:00:00
597,398,4,2026-07-05 21:00:00
28,27,1,2026-07-05 22:00:00
708,137,4,2026-07-05 23:00:00
446,164,4,2026-07-06 00:00:00
208,349,3,2026-07-06 01:00:00
470,468,5,2026-07-06 02:00:00
716,463,1,2026-07-06 03:00:00
976,356,5,2026-07-06 04:00:00
819,131,5,2026-07-06 05:00:00
104,373,4,2026-07-06 06:00:00
742,151,5,2026-07-06 07:00:00
426,378,5,2026-07-06 08:00:00
101,246,5,2026-07-06 09:00:00
541,110,4,2026-07-06 10:00:00
639,73,4,2026-07-06 11:00:00
850,286,4,2026-07-06 12:00:00
522,275,1,2026-07-06 13:00:00
679,67,4,2026-07-06 15:00:00
978,50,4,2026-07-06 16:00:00
769,304,5,2026-07-06 17:00:00
807,3,5,2026-07-06 18:00:00
277,226,2,2026-07-06 19:00:00
65,66,5,2026-07-06 20:00:00
783,155,4,2026-07-06 21:00:00
900,471,4,2026-07-06 22:00:00
188,362,5,2026-07-06 23:00:00
317,480,5,2026-07-07 00:00:00
916,111,4,2026-07-07 01:00:00
138,483,3,2026-07-07 02:00:00
343,296,4,2026-07-07 03:00:00
105,381,4,2026-07-07 04:00:00
546,256,3,2026-07-07 05:00:00
380,274,4,2026-07-07 06:00:00
110,155,3,2026-07-07 07:00:00
944,139,4,2026-07-07 08:00:00
545,167,5,2026-07-07 09:00:00
354,19,1,2026-07-07 10:00:00
743,345,5,2026-07-07 11:00:00
317,391,1,2026-07-07 12:00:00
266,223,4,2026-07-07 13:00:00
694,57,4,2026-07-07 14:00:00
65,294,5,2026-07-07 16:00:00
333,133,4,2026-07-07 17:00:00
513,462,1,2026-07-07 18:00:00
133,338,4,2026-07-07 19:00:00
592,292,4,2026-07-07 20:00:00
783,452,3,2026-07-07 21:00:00
753,344,3,2026-07-07 22:00:00
540,205,2,2026-07-07 23:00:00
735,119,3,2026-07-08 00:00:00
535,253,4,2026-07-08 01:00:00
496,85,4,2026-07-08 02:00:00
621,185,4,2026-07-08 03:00:00
619,225,3,2026-07-08 04:00:00
657,148,5,2026-07-08 05:00:00
369,389,4,2026-07-08 06:00:00
866,280,4,2026-07-08 07:00:00
909,227,1,2026-07-08 08:00:00
910,286,4,2026-07-08 09:00:00
651,284,4,2026-07-08 10:00:00
796,181,4,2026-07-08 11:00:00
810,435,5,2026-07-08 12:00:00
992,109,5,2026-07-08 13:00:00
99,135,5,2026-07-08 14:00:00
317,426,1,2026-07-08 15:00:00
123,291,3,2026-07-08 16:00:00
320,375,3,2026-07-08 17:00:00
799,478,4,2026-07-08 18:00:00
593,290,4,2026-07-08 19:00:00
495,103,5,2026-07-08 20:00:00
457,201,3,2026-07-08 21:00:00
522,117,3,2026-07-08 22:00:00
520,332,3,2026-07-08 23:00:00
917,310,2,2026-07-09 00:00:00
717,29,2,2026-07-09 01:00:00
315,394,3,2026-07-09 02:00:00
946,27,1,2026-07-09 03:00:00
709,467,5,2026-07-09 04:00:00
710,13,3,2026-07-09 05:00:00
479,421,3,2026-07-09 07:00:00
913,445,5,2026-07-09 08:00:00
971,224,4,2026-07-09 09:00:00
20,463,5,2026-07-09 10:00:00
560,21,4,2026-07-09 11:00:00
969,387,5,2026-07-09 12:00:00
130,136,3,2026-07-09 13:00:00
293,326,3,2026-07-09 14:00:00
897,221,4,2026-07-09 15:00:00
132,467,5,2026-07-09 16:00:00
356,145,5,2026-07-09 17:00:00
54,10,4,2026-07-09 18:00:00
890,225,2,2026-07-09 19:00:00
793,141,3,2026-07-09 20:00:00
387,475,2,2026-07-09 21:00:00
265,106,3,2026-07-09 22:00:00
982,268,3,2026-07-09 23:00:00
215,194,3,2026-07-10 00:00:00
460,458,5,2026-07-10 01:00:00
458,128,2,2026-07-10 02:00:00
802,213,3,2026-07-10 03:00:00
43,151,3,2026-07-10 04:00:00
586,449,3,2026-07-10 05:00:00
862,481,3,2026-07-10 06:00:00
278,384,3,2026-07-10 07:00:00
838,180,5,2026-07-10 08:00:00
754,317,4,2026-07-10 09:00:00
130,26,2,2026-07-10 10:00:00
350,15,4,2026-07-10 11:00:00
706,22,2,2026-07-10 12:00:00
544,345,3,2026-07-10 13:00:00
106,65,3,2026-07-10 14:00:00
912,251,2,2026-07-10 15:00:00
716,410,5,2026-07-10 16:00:00
1,21,5,2026-07-10 17:00:00
757,233,3,2026-07-10 18:00:00
584,408,4,2026-07-10 19:00:00
432,487,3,2026-07-10 20:00:00
306,16,2,2026-07-10 21:00:00
909,416,3,2026-07-10 22:00:00
527,272,4,2026-07-10 23:00:00
53,205,1,2026-07-11 00:00:00
940,298,4,2026-07-11 01:00:00
520,160,5,2026-07-11 02:00:00
330,434,5,2026-07-11 03:00:00
558,41,2,2026-07-11 04:00:00
325,108,1,2026-07-11 05:00:00
114,125,1,2026-07-11 06:00:00
147,152,5,2026-07-11 07:00:00
166,13,5,2026-07-11 08:00:00
379,203,5,2026-07-11 09:00:00
139,79,4,2026-07-11 10:00:00
629,394,4,2026-07-11 11:00:00
299,42,3,2026-07-11 12:00:00
276,169,5,2026-07-11 13:00:00
916,249,5,2026-07-11 14:00:00
789,121,3,2026-07-11 15:00:00
850,387,3,2026-07-11 16:00:00
825,439,5,2026-07-11 17:00:00
178,272,1,2026-07-11 18:00:00
842,300,5,2026-07-11 19:00:00
354,209,4,2026-07-11 20:00:00
154,473,4,2026-07-11 21:00:00
926,158,4,2026-07-11 22:00:00
201,495,4,2026-07-11 23:00:00
878,121,3,2026-07-12 00:00:00
115,227,5,2026-07-12 01:00:00
671,421,5,2026-07-12 02:00:00
554,444,4,2026-07-12 03:00:00
759,461,4,2026-07-12 04:00:00
68,24,4,2026-07-12 05:00:00
445,230,4,2026-07-12 06:00:00
445,26,5,2026-07-12 07:00:00
326,58,3,2026-07-12 08:00:00
846,265,2,2026-07-12 09:00:00
708,126,5,2026-07-12 10:00:00
602,445,3,2026-07-12 11:00:00
623,275,5,2026-07-12 12:00:00
880,28,3,2026-07-12 13:00:00
359,391,5,2026-07-12 14:00:00
145,301,5,2026-07-12 15:00:00
275,470,5,2026-07-12 16:00:00
509,128,5,2026-07-12 17:00:00
179,94,2,2026-07-12 18:00:00
753,191,4,2026-07-12 19:00:00
838,421,4,2026-07-12 20:00:00
831,272,5,2026-07-12 21:00:00
477,484,3,2026-07-12 22:00:00
843,5,5,2026-07-12 23:00:00
976,157,3,2026-07-13 00:00:00
414,52,5,2026-07-13 01:00:00
153,243,4,2026-07-13 02:00:00
104,151,4,2026-07-13 03:00:00
75,262,3,2026-07-13 04:00:00
128,420,2,2026-07-13 05:00:00
711,441,3,2026-07-13 06:00:00
666,417,4,2026-07-13 07:00:00
568,305,4,2026-07-13 08:00:00
790,425,5,2026-07-13 09:00:00
345,80,3,2026-07-13 10:00:00
531,183,4,2026-07-13 11:00:00
159,354,5,2026-07-13 12:00:00
538,107,5,2026-07-13 13:00:00
426,154,1,2026-07-13 14:00:00
681,293,5,2026-07-13 15:00:00
996,205,5,2026-07-13 16:00:00
23,116,5,2026-07-13 17:00:00
47,17,5,2026-07-13 18:00:00
525,480,4,2026-07-13 19:00:00
729,288,3,2026-07-13 20:00:00
834,156,4,2026-07-13 21:00:00
706,477,4,2026-07-13 22:00:00
144,25,3,2026-07-13 23:00:00
585,431,3,2026-07-14 00:00:00
668,278,3,2026-07-14 01:00:00
589,475,4,2026-07-14 02:00:00
419,317,3,2026-07-14 03:00:00
681,126,4,2026-07-14 04:00:00
973,300,5,2026-07-14 05:00:00
799,358,3,2026-07-14 06:00:00
85,276,5,2026-07-14 07:00:00
416,365,4,2026-07-14 08:00:00
694,178,2,2026-07-14 09:00:00
482,344,1,2026-07-14 10:00:00
456,431,3,2026-07-14 11:00:00
827,47,3,2026-07-14 12:00:00
297,200,5,2026-07-14 13:00:00
962,439,5,2026-07-14 15:00:00
230,462,4,2026-07-14 16:00:00
96,295,4,2026-07-14 17:00:00
950,270,3,2026-07-14 18:00:00
680,197,4,2026-07-14 19:00:00
378,431,4,2026-07-14 20:00:00
156,21,3,2026-07-14 21:00:00
421,143,5,2026-07-14 22:00:00
105,248,4,2026-07-14 23:00:00
705,356,5,2026-07-15 00:00:00
330,353,4,2026-07-15 01:00:00
439,465,3,2026-07-15 02:00:00
867,1,3,2026-07-15 04:00:00
382,464,4,2026-07-15 05:00:00
138,365,4,2026-07-15 06:00:00
943,338,2,2026-07-15 07:00:00
843,394,4,2026-07-15 08:00:00
270,407,3,2026-07-15 09:00:00
550,274,2,2026-07-15 10:00:00
396,241,5,2026-07-15 11:00:00
557,58,4,2026-07-15 12:00:00
913,126,3,2026-07-15 13:00:00
464,329,4,2026-07-15 14:00:00
675,366,5,2026-07-15 15:00:00
450,478,1,2026-07-15 16:00:00
331,461,4,2026-07-15 17:00:00
253,52,4,2026-07-15 18:00:00
681,500,5,2026-07-15 19:00:00
963,223,4,2026-07-15 20:00:00
285,302,2,2026-07-15 21:00:00
274,363,3,2026-07-15 22:00:00
20,269,4,2026-07-15 23:00:00
239,96,1,2026-07-16 00:00:00
270,273,5,2026-07-16 01:00:00
418,323,1,2026-07-16 02:00:00
945,61,1,2026-07-16 03:00:00
310,321,1,2026-07-16 04:00:00
31,181,4,2026-07-16 05:00:00
826,133,4,2026-07-16 06:00:00
104,416,2,2026-07-16 07:00:00
682,89,5,2026-07-16 08:00:00
186,173,3,2026-07-16 09:00:00
128,312,3,2026-07-16 10:00:00
210,5,2,2026-07-16 11:00:00
414,357,5,2026-07-16 12:00:00
281,343,5,2026-07-16 13:00:00
959,204,5,2026-07-16 14:00:00
253,162,1,2026-07-16 15:00:00
19,61,4,2026-07-16 16:00:00
712,471,4,2026-07-16 17:00:00
732,464,3,2026-07-16 18:00:00
136,497,3,2026-07-16 19:00:00
223,190,5,2026-07-16 20:00:00
3,325,1,2026-07-16 21:00:00
963,63,4,2026-07-16 22:00:00
236,44,3,2026-07-16 23:00:00
854,239,4,2026-07-17 00:00:00
465,28,2,2026-07-17 01:00:00
228,198,3,2026-07-17 02:00:00
913,269,4,2026-07-17 03:00:00
654,171,5,2026-07-17 04:00:00
499,30,5,2026-07-17 05:00:00
521,154,3,2026-07-17 06:00:00
702,209,2,2026-07-17 07:00:00
862,63,4,2026-07-17 08:00:00
917,329,4,2026-07-17 09:00:00
972,57,5,2026-07-17 10:00:00
677,320,4,2026-07-17 11:00:00
992,208,4,2026-07-17 12:00:00
139,433,4,2026-07-17 13:00:00
276,308,2,2026-07-17 14:00:00
291,63,4,2026-07-17 15:00:00
53,248,4,2026-07-17 16:00:00
687,466,5,2026-07-17 17:00:00
110,141,2,2026-07-17 18:00:00
715,93,3,2026-07-17 19:00:00
948,107,5,2026-07-17 20:00:00
648,365,4,2026-07-17 21:00:00
667,301,4,2026-07-17 23:00:00
684,108,5,2026-07-18 00:00:00
936,46,3,2026-07-18 01:00:00
870,77,2,2026-07-18 02:00:00
47,217,5,2026-07-18 03:00:00
94,169,5,2026-07-18 04:00:00
940,302,4,2026-07-18 05:00:00
560,129,4,2026-07-18 06:00:00
752,201,5,2026-07-18 07:00:00
859,196,2,2026-07-18 08:00:00
213,348,4,2026-07-18 09:00:00
436,268,1,2026-07-18 10:00:00
852,88,2,2026-07-18 11:00:00
508,253,4,2026-07-18 12:00:00
651,73,5,2026-07-18 14:00:00
205,419,5,2026-07-18 15:00:00
381,358,1,2026-07-18 16:00:00
73,355,3,2026-07-18 17:00:00
516,161,2,2026-07-18 18:00:00
76,58,1,2026-07-18 19:00:00
841,384,3,2026-07-18 20:00:00
77,373,3,2026-07-18 21:00:00
816,291,4,2026-07-18 22:00:00
410,340,4,2026-07-19 00:00:00
614,66,5,2026-07-19 01:00:00
106,428,5,2026-07-19 02:00:00
845,26,5,2026-07-19 03:00:00
551,298,5,2026-07-19 04:00:00
476,77,3,2026-07-19 05:00:00
826,286,5,2026-07-19 06:00:00
275,372,5,2026-07-19 07:00:00
88,416,3,2026-07-19 08:00:00
723,36,5,2026-07-19 09:00:00
881,19,4,2026-07-19 10:00:00
77,278,1,2026-07-19 11:00:00
77,321,4,2026-07-19 12:00:00
442,313,4,2026-07-19 13:00:00
540,267,4,2026-07-19 14:00:00
245,282,3,2026-07-19 15:00:00
578,432,4,2026-07-19 16:00:00
778,19,4,2026-07-19 17:00:00
382,339,5,2026-07-19 18:00:00
982,140,5,2026-07-19 19:00:00
717,67,5,2026-07-19 20:00:00
570,312,2,2026-07-19 21:00:00
713,18,3,2026-07-19 22:00:00
737,369,3,2026-07-19 23:00:00
142,261,4,2026-07-20 00:00:00
893,112,1,2026-07-20 01:00:00
368,408,4,2026-07-20 02:00:00
84,462,3,2026-07-20 03:00:00
143,115,4,2026-07-20 04:00:00
352,166,1,2026-07-20 05:00:00
545,67,3,2026-07-20 06:00:00
913,255,5,2026-07-20 07:00:00
152,70,4,2026-07-20 08:00:00
158,460,5,2026-07-20 09:00:00
446,308,4,2026-07-20 10:00:00
653,203,5,2026-07-20 11:00:00
958,127,1,2026-07-20 12:00:00
763,423,3,2026-07-20 13:00:00
303,443,4,2026-07-20 14:00:00
624,410,5,2026-07-20 15:00:00
656,321,4,2026-07-20 16:00:00
450,80,4,2026-07-20 17:00:00
721,176,2,2026-07-20 18:00:00
224,113,4,2026-07-20 19:00:00
43,111,4,2026-07-20 20:00:00
264,309,5,2026-07-20 21:00:00
756,137,4,2026-07-20 22:00:00
3,133,3,2026-07-20 23:00:00
637,372,2,2026-07-21 00:00:00
268,328,1,2026-07-21 01:00:00
596,189,4,2026-07-21 02:00:00
16,277,3,2026-07-21 03:00:00
334,225,4,2026-07-21 04:00:00
464,103,5,2026-07-21 05:00:00
59,107,1,2026-07-21 06:00:00
177,63,4,2026-07-21 07:00:00
63,404,5,2026-07-21 08:00:00
958,442,4,2026-07-21 09:00:00
307,173,4,2026-07-21 11:00:00
246,406,3,2026-07-21 12:00:00
289,333,2,2026-07-21 13:00:00
798,487,2,2026-07-21 14:00:00
955,331,2,2026-07-21 15:00:00
332,210,5,2026-07-21 16:00:00
527,191,3,2026-07-21 17:00:00
850,158,5,2026-07-21 18:00:00
255,319,5,2026-07-21 19:00:00
604,225,4,2026-07-21 20:00:00
510,172,5,2026-07-21 21:00:00
791,323,1,2026-07-21 22:00:00
718,442,4,2026-07-21 23:00:00
606,449,5,2026-07-22 00:00:00
737,36,1,2026-07-22 01:00:00
813,134,3,2026-07-22 02:00:00
830,37,1,2026-07-22 03:00:00
463,93,4,2026-07-22 04:00:00
199,75,2,2026-07-22 05:00:00
271,244,4,2026-07-22 06:00:00
746,183,5,2026-07-22 07:00:00
558,205,2,2026-07-22 08:00:00
64,459,5,2026-07-22 09:00:00
230,187,1,2026-07-22 10:00:00
942,166,2,2026-07-22 11:00:00
952,115,3,2026-07-22 12:00:00
249,409,5,2026-07-22 13:00:00
246,207,5,2026-07-22 14:00:00
940,245,3,2026-07-22 15:00:00
587,333,2,2026-07-22 16:00:00
157,490,5,2026-07-22 17:00:00
735,161,4,2026-07-22 18:00:00
702,13,2,2026-07-22 19:00:00
985,294,4,2026-07-22 20:00:00
564,442,5,2026-07-22 21:00:00
950,472,1,2026-07-22 22:00:00
88,404,2,2026-07-22 23:00:00
313,236,3,2026-07-23 00:00:00
851,273,4,2026-07-23 01:00:00
66,379,2,2026-07-23 02:00:00
662,114,5,2026-07-23 03:00:00
20,152,5,2026-07-23 04:00:00
33,26,4,2026-07-23 05:00:00
840,168,2,2026-07-23 06:00:00
793,32,5,2026-07-23 07:00:00
558,221,4,2026-07-23 08:00:00
73,206,4,2026-07-23 09:00:00
866,421,5,2026-07-23 10:00:00
825,342,5,2026-07-23 11:00:00
343,98,4,2026-07-23 12:00:00
133,91,4,2026-07-23 13:00:00
55,476,2,2026-07-23 14:00:00
61,377,5,2026-07-23 15:00:00
857,214,5,2026-07-23 16:00:00
272,57,5,2026-07-23 18:00:00
246,107,5,2026-07-23 19:00:00
176,442,3,2026-07-23 20:00:00
628,195,4,2026-07-23 21:00:00
317,22,3,2026-07-23 22:00:00
705,368,2,2026-07-24 00:00:00
662,85,4,2026-07-24 01:00:00
131,80,3,2026-07-24 02:00:00
102,329,1,2026-07-24 03:00:00
310,77,2,2026-07-24 04:00:00
782,330,4,2026-07-24 05:00:00
292,383,3,2026-07-24 06:00:00
722,433,4,2026-07-24 07:00:00
495,377,4,2026-07-24 08:00:00
361,341,4,2026-07-24 09:00:00
338,177,4,2026-07-24 10:00:00
579,426,3,2026-07-24 11:00:00
10,424,2,2026-07-24 12:00:00
487,174,4,2026-07-24 14:00:00
623,406,5,2026-07-24 15:00:00
321,82,2,2026-07-24 16:00:00
569,179,2,2026-07-24 18:00:00
795,498,3,2026-07-24 19:00:00
971,398,4,2026-07-24 20:00:00
133,225,4,2026-07-24 22:00:00
583,265,5,2026-07-24 23:00:00
83,402,2,2026-07-25 00:00:00
57,269,4,2026-07-25 01:00:00
376,251,5,2026-07-25 02:00:00
349,273,2,2026-07-25 03:00:00
271,382,3,2026-07-25 04:00:00
483,343,2,2026-07-25 05:00:00
111,409,4,2026-07-25 06:00:00
869,438,4,2026-07-25 07:00:00
887,272,4,2026-07-25 08:00:00
76,280,4,2026-07-25 09:00:00
158,223,5,2026-07-25 10:00:00
532,75,1,2026-07-25 11:00:00
933,151,5,2026-07-25 12:00:00
643,425,3,2026-07-25 13:00:00
329,359,2,2026-07-25 14:00:00
122,342,5,2026-07-25 15:00:00
41,417,5,2026-07-25 16:00:00
167,105,5,2026-07-25 17:00:00
922,42,2,2026-07-25 18:00:00
642,176,5,2026-07-25 19:00:00
23,245,4,2026-07-25 20:00:00
279,253,5,2026-07-25 21:00:00
763,274,5,2026-07-25 22:00:00
469,447,2,2026-07-25 23:00:00
400,334,4,2026-07-26 00:00:00
9,92,5,2026-07-26 01:00:00
13,11,4,2026-07-26 02:00:00
924,152,1,2026-07-26 03:00:00
923,189,2,2026-07-26 04:00:00
819,448,4,2026-07-26 05:00:00
832,164,3,2026-07-26 06:00:00
52,126,2,2026-07-26 07:00:00
209,211,3,2026-07-26 08:00:00
550,461,3,2026-07-26 09:00:00
612,97,1,2026-07-26 10:00:00
705,309,2,2026-07-26 11:00:00
191,47,1,2026-07-26 13:00:00
51,308,5,2026-07-26 14:00:00
393,224,5,2026-07-26 15:00:00
653,463,4,2026-07-26 16:00:00
680,57,3,2026-07-26 17:00:00
823,75,5,2026-07-26 18:00:00
621,254,4,2026-07-26 19:00:00
719,151,2,2026-07-26 20:00:00
939,59,4,2026-07-26 21:00:00
300,325,2,2026-07-26 22:00:00
622,440,3,2026-07-26 23:00:00
196,86,4,2026-07-27 00:00:00
417,170,3,2026-07-27 01:00:00
664,146,4,2026-07-27 02:00:00
420,327,5,2026-07-27 03:00:00
755,33,3,2026-07-27 04:00:00
640,3,3,2026-07-27 05:00:00
617,284,5,2026-07-27 06:00:00
522,257,4,2026-07-27 07:00:00
356,126,4,2026-07-27 08:00:00
148,447,5,2026-07-27 09:00:00
365,113,5,2026-07-27 10:00:00
364,303,4,2026-07-27 11:00:00
971,293,2,2026-07-27 12:00:00
402,364,4,2026-07-27 15:00:00
606,275,3,2026-07-27 16:00:00
492,398,4,2026-07-27 17:00:00
229,195,4,2026-07-27 18:00:00
852,225,5,2026-07-27 20:00:00
537,213,5,2026-07-27 21:00:00
268,321,5,2026-07-27 22:00:00
405,282,4,2026-07-27 23:00:00
793,138,3,2026-07-28 00:00:00
11,355,5,2026-07-28 01:00:00
320,333,4,2026-07-28 02:00:00
713,70,4,2026-07-28 03:00:00
126,299,2,2026-07-28 04:00:00
306,70,4,2026-07-28 05:00:00
702,483,5,2026-07-28 06:00:00
511,208,2,2026-07-28 07:00:00
89,489,3,2026-07-28 08:00:00
355,200,4,2026-07-28 09:00:00
628,59,4,2026-07-28 10:00:00
352,259,2,2026-07-28 11:00:00
689,389,5,2026-07-28 12:00:00
14,341,1,2026-07-28 13:00:00
257,351,5,2026-07-28 14:00:00
209,334,1,2026-07-28 15:00:00
281,357,2,2026-07-28 16:00:00
443,339,5,2026-07-28 17:00:00
840,165,5,2026-07-28 18:00:00
837,245,5,2026-07-28 19:00:00
389,84,2,2026-07-28 20:00:00
617,436,4,2026-07-28 21:00:00
483,450,1,2026-07-28 22:00:00
147,377,2,2026-07-28 23:00:00
279,447,2,2026-07-29 00:00:00
521,391,1,2026-07-29 01:00:00
630,481,5,2026-07-29 02:00:00
606,309,2,2026-07-29 03:00:00
434,114,4,2026-07-29 04:00:00
144,234,4,2026-07-29 05:00:00
289,262,2,2026-07-29 06:00:00
386,391,5,2026-07-29 07:00:00
14,172,3,2026-07-29 08:00:00
257,18,5,2026-07-29 09:00:00
346,235,5,2026-07-29 10:00:00
698,310,5,2026-07-29 11:00:00
345,383,5,2026-07-29 12:00:00
400,157,3,2026-07-29 13:00:00
207,211,2,2026-07-29 14:00:00
858,281,4,2026-07-29 15:00:00
943,319,3,2026-07-29 16:00:00
172,196,5,2026-07-29 17:00:00
464,115,5,2026-07-29 18:00:00
270,397,3,2026-07-29 19:00:00
221,160,1,2026-07-29 20:00:00
152,155,3,2026-07-29 21:00:00
623,51,4,2026-07-29 22:00:00
183,418,1,2026-07-29 23:00:00
399,284,4,2026-07-30 00:00:00
851,73,4,2026-07-30 01:00:00
72,328,2,2026-07-30 02:00:00
418,341,4,2026-07-30 03:00:00
898,110,4,2026-07-30 04:00:00
283,286,4,2026-07-30 05:00:00
74,221,5,2026-07-30 06:00:00
355,9,2,2026-07-30 07:00:00
727,397,4,2026-07-30 08:00:00
497,82,5,2026-07-30 09:00:00
328,320,3,2026-07-30 10:00:00
988,294,4,2026-07-30 11:00:00
535,375,4,2026-07-30 12:00:00
580,22,4,2026-07-30 13:00:00
910,415,1,2026-07-30 14:00:00
447,99,4,2026-07-30 15:00:00
373,170,3,2026-07-30 16:00:00
362,190,4,2026-07-30 17:00:00
93,106,4,2026-07-30 18:00:00
321,320,4,2026-07-30 19:00:00
324,458,4,2026-07-30 20:00:00
384,265,3,2026-07-30 21:00:00
575,382,3,2026-07-30 22:00:00
736,351,3,2026-07-30 23:00:00
737,428,3,2026-07-31 00:00:00
881,447,4,2026-07-31 01:00:00
346,168,4,2026-07-31 02:00:00
849,344,3,2026-07-31 03:00:00
103,425,5,2026-07-31 04:00:00
215,113,4,2026-07-31 05:00:00
192,328,2,2026-07-31 06:00:00
672,306,3,2026-07-31 07:00:00
884,148,4,2026-07-31 08:00:00
719,337,3,2026-07-31 09:00:00
194,454,4,2026-07-31 11:00:00
380,426,5,2026-07-31 12:00:00
403,33,2,2026-07-31 13:00:00
664,220,4,2026-07-31 14:00:00
749,319,5,2026-07-31 15:00:00
600,185,3,2026-07-31 16:00:00
11,193,2,2026-07-31 17:00:00
187,361,4,2026-07-31 18:00:00
726,180,5,2026-07-31 19:00:00
15,355,4,2026-07-31 20:00:00
778,472,4,2026-07-31 21:00:00
297,6,4,2026-07-31 22:00:00
411,391,1,2026-07-31 23:00:00
956,9,4,2026-08-01 00:00:00
585,357,1,2026-08-01 01:00:00
52,61,3,2026-08-01 02:00:00
640,464,5,2026-08-01 03:00:00
28,418,4,2026-08-01 04:00:00
577,163,5,2026-08-01 05:00:00
17,99,2,2026-08-01 06:00:00
351,148,3,2026-08-01 07:00:00
428,58,5,2026-08-01 08:00:00
650,215,3,2026-08-01 09:00:00
831,316,2,2026-08-01 10:00:00
229,490,4,2026-08-01 11:00:00
989,35,5,2026-08-01 13:00:00
431,46,5,2026-08-01 15:00:00
294,87,5,2026-08-01 16:00:00
743,4,2,2026-08-01 17:00:00
753,266,5,2026-08-01 18:00:00
582,107,3,2026-08-01 19:00:00
104,75,2,2026-08-01 20:00:00
204,40,5,2026-08-01 21:00:00
53,127,3,2026-08-01 22:00:00
974,183,3,2026-08-01 23:00:00
940,119,3,2026-08-02 00:00:00
375,73,3,2026-08-02 01:00:00
842,40,4,2026-08-02 02:00:00
54,204,4,2026-08-02 03:00:00
276,465,4,2026-08-02 04:00:00
335,96,5,2026-08-02 05:00:00
31,279,3,2026-08-02 06:00:00
135,143,1,2026-08-02 07:00:00
58,115,2,2026-08-02 08:00:00
105,476,5,2026-08-02 09:00:00
266,372,4,2026-08-02 10:00:00
522,486,5,2026-08-02 11:00:00
496,133,4,2026-08-02 12:00:00
253,168,2,2026-08-02 13:00:00
295,402,2,2026-08-02 14:00:00
668,245,4,2026-08-02 15:00:00
158,277,4,2026-08-02 16:00:00
549,463,2,2026-08-02 17:00:00
631,259,4,2026-08-02 18:00:00
67,46,5,2026-08-02 19:00:00
754,346,5,2026-08-02 20:00:00
299,335,4,2026-08-02 21:00:00
463,383,5,2026-08-02 22:00:00
725,237,2,2026-08-02 23:00:00
820,53,3,2026-08-03 00:00:00
101,148,1,2026-08-03 01:00:00
56,187,2,2026-08-03 02:00:00
332,21,5,2026-08-03 03:00:00
836,90,3,2026-08-03 04:00:00
751,233,4,2026-08-03 05:00:00
393,215,4,2026-08-03 06:00:00
743,369,4,2026-08-03 07:00:00
874,51,4,2026-08-03 08:00:00
381,153,4,2026-08-03 09:00:00
92,324,4,2026-08-03 10:00:00
791,116,5,2026-08-03 11:00:00
447,394,1,2026-08-03 12:00:00
109,214,1,2026-08-03 13:00:00
317,451,4,2026-08-03 14:00:00
168,339,3,2026-08-03 15:00:00
812,351,4,2026-08-03 16:00:00
982,137,5,2026-08-03 17:00:00
920,285,5,2026-08-03 18:00:00
435,421,5,2026-08-03 19:00:00
442,366,3,2026-08-03 20:00:00
218,71,3,2026-08-03 21:00:00
222,245,5,2026-08-03 22:00:00
673,38,5,2026-08-03 23:00:00
528,216,4,2026-08-04 00:00:00
278,127,5,2026-08-04 01:00:00
569,72,5,2026-08-04 02:00:00
574,226,4,2026-08-04 03:00:00
875,315,3,2026-08-04 04:00:00
466,441,4,2026-08-04 05:00:00
839,474,5,2026-08-04 06:00:00
754,444,3,2026-08-04 07:00:00
602,284,4,2026-08-04 08:00:00
584,412,4,2026-08-04 09:00:00
838,302,3,2026-08-04 10:00:00
30,246,4,2026-08-04 11:00:00
359,71,3,2026-08-04 12:00:00
288,500,5,2026-08-04 14:00:00
86,470,5,2026-08-04 15:00:00
234,439,2,2026-08-04 16:00:00
747,38,1,2026-08-04 17:00:00
313,117,5,2026-08-04 18:00:00
365,238,3,2026-08-04 19:00:00
777,364,2,2026-08-04 20:00:00
799,402,2,2026-08-04 21:00:00
839,204,4,2026-08-04 22:00:00
269,319,4,2026-08-05 00:00:00
698,359,5,2026-08-05 01:00:00
131,5,4,2026-08-05 02:00:00
803,428,5,2026-08-05 03:00:00
993,489,2,2026-08-05 04:00:00
789,157,4,2026-08-05 05:00:00
832,107,2,2026-08-05 06:00:00
351,228,5,2026-08-05 07:00:00
180,142,5,2026-08-05 08:00:00
802,314,3,2026-08-05 09:00:00
480,172,3,2026-08-05 10:00:00
889,146,3,2026-08-05 11:00:00
163,7,5,2026-08-05 12:00:00
783,343,4,2026-08-05 13:00:00
888,353,5,2026-08-05 14:00:00
96,446,2,2026-08-05 15:00:00
774,301,4,2026-08-05 16:00:00
510,16,4,2026-08-05 17:00:00
365,320,5,2026-08-05 18:00:00
981,37,3,2026-08-05 19:00:00
353,499,3,2026-08-05 20:00:00
800,153,5,2026-08-05 21:00:00
436,265,1,2026-08-05 22:00:00
83,183,4,2026-08-05 23:00:00
225,156,4,2026-08-06 00:00:00
412,137,2,2026-08-06 01:00:00
735,396,3,2026-08-06 02:00:00
981,402,5,2026-08-06 03:00:00
118,475,3,2026-08-06 04:00:00
482,90,3,2026-08-06 05:00:00
192,440,5,2026-08-06 06:00:00
591,218,5,2026-08-06 07:00:00
590,330,5,2026-08-06 08:00:00
659,186,5,2026-08-06 09:00:00
107,381,5,2026-08-06 10:00:00
382,209,5,2026-08-06 11:00:00
783,51,5,2026-08-06 12:00:00
390,288,5,2026-08-06 13:00:00
244,88,4,2026-08-06 14:00:00
585,491,4,2026-08-06 15:00:00
869,432,5,2026-08-06 16:00:00
468,136,4,2026-08-06 17:00:00
866,158,5,2026-08-06 18:00:00
934,282,3,2026-08-06 19:00:00
538,408,5,2026-08-06 20:00:00
210,155,4,2026-08-06 21:00:00
604,463,2,2026-08-06 22:00:00
637,220,5,2026-08-06 23:00:00
947,459,3,2026-08-07 00:00:00
73,167,2,2026-08-07 01:00:00
992,322,3,2026-08-07 02:00:00
635,179,1,2026-08-07 03:00:00
309,329,2,2026-08-07 04:00:00
696,50,4,2026-08-07 05:00:00
699,301,5,2026-08-07 06:00:00
710,87,4,2026-08-07 07:00:00
590,33,4,2026-08-07 08:00:00
860,275,5,2026-08-07 09:00:00
186,141,3,2026-08-07 10:00:00
856,206,4,2026-08-07 11:00:00
253,224,3,2026-08-07 12:00:00
299,278,3,2026-08-07 14:00:00
76,404,5,2026-08-07 15:00:00
51,353,1,2026-08-07 16:00:00
787,5,4,2026-08-07 17:00:00
149,382,3,2026-08-07 18:00:00
731,212,4,2026-08-07 19:00:00
122,256,4,2026-08-07 20:00:00
211,334,3,2026-08-07 21:00:00
280,475,3,2026-08-07 22:00:00
538,474,2,2026-08-07 23:00:00
685,416,5,2026-08-08 00:00:00
156,30,3,2026-08-08 01:00:00
238,347,5,2026-08-08 02:00:00
376,410,4,2026-08-08 03:00:00
82,82,1,2026-08-08 04:00:00
492,493,2,2026-08-08 05:00:00
356,471,5,2026-08-08 06:00:00
925,236,4,2026-08-08 07:00:00
273,495,2,2026-08-08 08:00:00
580,344,5,2026-08-08 09:00:00
44,388,5,2026-08-08 10:00:00
573,361,3,2026-08-08 11:00:00
123,323,4,2026-08-08 12:00:00
349,253,3,2026-08-08 13:00:00
708,118,2,2026-08-08 14:00:00
330,427,3,2026-08-08 15:00:00
409,30,5,2026-08-08 16:00:00
991,111,4,2026-08-08 17:00:00
323,400,4,2026-08-08 18:00:00
111,254,3,2026-08-08 19:00:00
770,199,4,2026-08-08 20:00:00
89,295,3,2026-08-08 21:00:00
433,342,4,2026-08-08 22:00:00
710,297,1,2026-08-08 23:00:00
794,287,5,2026-08-09 00:00:00
712,433,2,2026-08-09 01:00:00
99,397,4,2026-08-09 02:00:00
539,489,4,2026-08-09 03:00:00
601,425,5,2026-08-09 04:00:00
146,244,5,2026-08-09 05:00:00
694,221,3,2026-08-09 06:00:00
257,156,4,2026-08-09 07:00:00
189,383,2,2026-08-09 08:00:00
240,236,2,2026-08-09 09:00:00
871,320,5,2026-08-09 10:00:00
899,373,2,2026-08-09 11:00:00
503,19,3,2026-08-09 12:00:00
708,215,2,2026-08-09 13:00:00
809,367,4,2026-08-09 14:00:00
677,114,5,2026-08-09 15:00:00
819,200,3,2026-08-09 16:00:00
271,25,4,2026-08-09 17:00:00
520,422,4,2026-08-09 18:00:00
550,121,3,2026-08-09 19:00:00
114,230,4,2026-08-09 20:00:00
339,99,4,2026-08-09 21:00:00
568,346,3,2026-08-09 22:00:00
943,3,5,2026-08-09 23:00:00
986,386,1,2026-08-10 00:00:00
359,261,2,2026-08-10 01:00:00
650,445,5,2026-08-10 02:00:00
614,254,5,2026-08-10 03:00:00
334,20,5,2026-08-10 04:00:00
689,204,4,2026-08-10 05:00:00
169,294,4,2026-08-10 06:00:00
339,464,4,2026-08-10 07:00:00
798,357,2,2026-08-10 08:00:00
261,128,5,2026-08-10 09:00:00
887,358,4,2026-08-10 10:00:00
735,292,5,2026-08-10 11:00:00
199,174,4,2026-08-10 12:00:00
211,221,2,2026-08-10 13:00:00
287,355,4,2026-08-10 14:00:00
692,369,1,2026-08-10 15:00:00
762,37,5,2026-08-10 16:00:00
472,149,3,2026-08-10 18:00:00
482,405,5,2026-08-10 19:00:00
23,92,5,2026-08-10 20:00:00
560,70,5,2026-08-10 21:00:00
109,84,3,2026-08-10 22:00:00
296,444,5,2026-08-10 23:00:00
6,420,5,2026-08-11 00:00:00
550,205,4,2026-08-11 01:00:00
681,488,3,2026-08-11 02:00:00
868,267,5,2026-08-11 03:00:00
795,88,5,2026-08-11 04:00:00
203,252,5,2026-08-11 05:00:00
325,211,3,2026-08-11 06:00:00
785,31,4,2026-08-11 08:00:00
244,357,4,2026-08-11 09:00:00
327,421,4,2026-08-11 10:00:00
987,316,2,2026-08-11 11:00:00
47,61,2,2026-08-11 12:00:00
761,67,3,2026-08-11 13:00:00
591,226,3,2026-08-11 14:00:00
622,413,4,2026-08-11 15:00:00
13,451,3,2026-08-11 16:00:00
907,335,4,2026-08-11 17:00:00
380,327,5,2026-08-11 18:00:00
365,67,2,2026-08-11 19:00:00
602,128,5,2026-08-11 20:00:00
342,111,5,2026-08-11 21:00:00
860,491,4,2026-08-11 22:00:00
792,272,5,2026-08-11 23:00:00
221,301,3,2026-08-12 00:00:00
73,34,4,2026-08-12 01:00:00
746,212,2,2026-08-12 02:00:00
772,300,4,2026-08-12 03:00:00
625,373,4,2026-08-12 04:00:00
46,125,4,2026-08-12 05:00:00
504,103,1,2026-08-12 06:00:00
274,481,1,2026-08-12 07:00:00
555,206,4,2026-08-12 08:00:00
208,120,2,2026-08-12 09:00:00
929,170,5,2026-08-12 10:00:00
861,35,4,2026-08-12 11:00:00
615,382,3,2026-08-12 12:00:00
124,331,1,2026-08-12 13:00:00
10,246,2,2026-08-12 14:00:00
329,340,4,2026-08-12 15:00:00
187,414,5,2026-08-12 16:00:00
543,309,3,2026-08-12 17:00:00
668,58,5,2026-08-12 18:00:00
60,412,5,2026-08-12 19:00:00
761,399,1,2026-08-12 20:00:00
899,422,5,2026-08-12 21:00:00
886,306,4,2026-08-12 22:00:00
951,141,5,2026-08-12 23:00:00
782,111,4,2026-08-13 00:00:00
442,163,3,2026-08-13 01:00:00
217,111,5,2026-08-13 02:00:00
911,152,3,2026-08-13 03:00:00
2,376,5,2026-08-13 04:00:00
718,106,4,2026-08-13 06:00:00
832,216,4,2026-08-13 07:00:00
711,91,5,2026-08-13 08:00:00
356,402,2,2026-08-13 09:00:00
626,442,4,2026-08-13 10:00:00
792,26,4,2026-08-13 11:00:00
165,72,3,2026-08-13 13:00:00
998,44,3,2026-08-13 14:00:00
734,90,4,2026-08-13 15:00:00
91,133,3,2026-08-13 16:00:00
167,161,5,2026-08-13 17:00:00
959,232,2,2026-08-13 18:00:00
207,380,5,2026-08-13 19:00:00
282,261,4,2026-08-13 20:00:00
65,383,3,2026-08-13 21:00:00
888,369,4,2026-08-13 22:00:00
157,164,4,2026-08-14 00:00:00
761,77,2,2026-08-14 01:00:00
769,209,1,2026-08-14 02:00:00
747,13,5,2026-08-14 03:00:00
306,409,3,2026-08-14 04:00:00
878,58,5,2026-08-14 05:00:00
982,386,4,2026-08-14 06:00:00
395,344,4,2026-08-14 07:00:00
74,36,4,2026-08-14 08:00:00
187,25,4,2026-08-14 09:00:00
574,34,5,2026-08-14 10:00:00
337,140,4,2026-08-14 11:00:00
676,275,2,2026-08-14 12:00:00
568,370,4,2026-08-14 13:00:00
623,362,4,2026-08-14 14:00:00
730,222,5,2026-08-14 15:00:00
240,37,5,2026-08-14 16:00:00
533,363,4,2026-08-14 17:00:00
141,129,3,2026-08-14 18:00:00
265,316,4,2026-08-14 19:00:00
459,433,5,2026-08-14 21:00:00
70,218,5,2026-08-14 22:00:00
385,335,3,2026-08-14 23:00:00
630,430,4,2026-08-15 00:00:00
198,248,3,2026-08-15 01:00:00
205,111,3,2026-08-15 02:00:00
726,304,1,2026-08-15 03:00:00
568,220,2,2026-08-15 04:00:00
799,196,3,2026-08-15 05:00:00
982,147,3,2026-08-15 06:00:00
805,344,3,2026-08-15 07:00:00
687,40,3,2026-08-15 08:00:00
859,134,5,2026-08-15 09:00:00
882,464,3,2026-08-15 10:00:00
974,352,5,2026-08-15 11:00:00
640,478,3,2026-08-15 12:00:00
431,191,5,2026-08-15 13:00:00
890,163,2,2026-08-15 14:00:00
325,456,2,2026-08-15 15:00:00
442,61,4,2026-08-15 16:00:00
804,5,5,2026-08-15 17:00:00
288,37,2,2026-08-15 18:00:00
226,460,1,2026-08-15 19:00:00
64,217,5,2026-08-15 20:00:00
967,225,2,2026-08-15 21:00:00
938,487,3,2026-08-15 22:00:00
560,216,5,2026-08-15 23:00:00
714,139,5,2026-08-16 00:00:00
498,106,3,2026-08-16 01:00:00
849,99,5,2026-08-16 02:00:00
917,449,1,2026-08-16 04:00:00
60,264,5,2026-08-16 05:00:00
397,87,4,2026-08-16 06:00:00
257,84,4,2026-08-16 07:00:00
577,224,5,2026-08-16 08:00:00
239,11,2,2026-08-16 09:00:00
801,327,4,2026-08-16 10:00:00
38,186,4,2026-08-16 11:00:00
25,350,3,2026-08-16 12:00:00
410,379,4,2026-08-16 13:00:00
461,432,4,2026-08-16 14:00:00
571,231,5,2026-08-16 15:00:00
988,141,5,2026-08-16 16:00:00
417,106,4,2026-08-16 17:00:00
357,253,3,2026-08-16 18:00:00
383,444,4,2026-08-16 19:00:00
809,49,3,2026-08-16 20:00:00
158,451,3,2026-08-16 21:00:00
569,263,4,2026-08-16 22:00:00
433,491,4,2026-08-16 23:00:00
48,205,4,2026-08-17 00:00:00
328,357,5,2026-08-17 01:00:00
433,409,3,2026-08-17 02:00:00
431,407,3,2026-08-17 03:00:00
56,51,4,2026-08-17 04:00:00
577,175,4,2026-08-17 05:00:00
268,225,1,2026-08-17 06:00:00
69,261,3,2026-08-17 07:00:00
728,480,3,2026-08-17 08:00:00
902,222,5,2026-08-17 09:00:00
601,223,5,2026-08-17 10:00:00
449,269,3,2026-08-17 11:00:00
793,298,2,2026-08-17 12:00:00
257,381,3,2026-08-17 13:00:00
672,389,2,2026-08-17 14:00:00
490,407,3,2026-08-17 15:00:00
746,318,3,2026-08-17 16:00:00
643,385,4,2026-08-17 17:00:00
49,74,3,2026-08-17 18:00:00
659,114,4,2026-08-17 19:00:00
316,219,3,2026-08-17 20:00:00
413,54,5,2026-08-17 21:00:00
434,200,5,2026-08-17 22:00:00
2,372,4,2026-08-17 23:00:00
841,131,1,2026-08-18 00:00:00
952,339,3,2026-08-18 01:00:00
145,192,2,2026-08-18 02:00:00
956,179,3,2026-08-18 03:00:00
366,386,4,2026-08-18 04:00:00
420,305,4,2026-08-18 05:00:00
573,287,3,2026-08-18 06:00:00
785,240,5,2026-08-18 07:00:00
561,245,2,2026-08-18 08:00:00
844,330,3,2026-08-18 09:00:00
444,117,4,2026-08-18 10:00:00
916,208,2,2026-08-18 11:00:00
643,212,5,2026-08-18 13:00:00
555,259,5,2026-08-18 14:00:00
57,380,2,2026-08-18 15:00:00
562,163,4,2026-08-18 16:00:00
964,226,4,2026-08-18 17:00:00
977,341,5,2026-08-18 18:00:00
178,420,5,2026-08-18 19:00:00
46,416,5,2026-08-18 21:00:00
170,246,2,2026-08-18 22:00:00
271,18,3,2026-08-18 23:00:00
417,34,3,2026-08-19 00:00:00
848,312,3,2026-08-19 01:00:00
139,486,5,2026-08-19 02:00:00
247,323,3,2026-08-19 03:00:00
148,181,5,2026-08-19 04:00:00
230,451,5,2026-08-19 05:00:00
792,347,5,2026-08-19 06:00:00
637,194,3,2026-08-19 07:00:00
704,192,5,2026-08-19 08:00:00
374,67,4,2026-08-19 09:00:00
80,209,5,2026-08-19 10:00:00
606,366,2,2026-08-19 11:00:00
738,167,4,2026-08-19 12:00:00
65,246,5,2026-08-19 13:00:00
88,245,5,2026-08-19 14:00:00
713,296,1,2026-08-19 16:00:00
726,403,3,2026-08-19 17:00:00
204,211,4,2026-08-19 18:00:00
913,492,3,2026-08-19 19:00:00
382,133,3,2026-08-19 20:00:00
601,197,2,2026-08-19 21:00:00
476,398,5,2026-08-19 22:00:00
573,347,5,2026-08-19 23:00:00
783,49,2,2026-08-20 00:00:00
606,64,2,2026-08-20 01:00:00
819,112,3,2026-08-20 02:00:00
539,356,4,2026-08-20 03:00:00
214,185,5,2026-08-20 04:00:00
74,104,1,2026-08-20 05:00:00
61,419,4,2026-08-20 06:00:00
698,213,2,2026-08-20 07:00:00
543,5,5,2026-08-20 08:00:00
219,119,5,2026-08-20 09:00:00
12,344,5,2026-08-20 10:00:00
814,249,2,2026-08-20 11:00:00
415,167,4,2026-08-20 12:00:00
32,383,2,2026-08-20 13:00:00
160,242,4,2026-08-20 14:00:00
237,280,3,2026-08-20 15:00:00
739,424,5,2026-08-20 16:00:00
181,363,4,2026-08-20 17:00:00
829,238,4,2026-08-20 18:00:00
558,306,5,2026-08-20 19:00:00
341,205,4,2026-08-20 20:00:00
458,486,3,2026-08-20 21:00:00
80,493,4,2026-08-20 22:00:00
647,314,5,2026-08-20 23:00:00
772,1,4,2026-08-21 00:00:00
987,171,4,2026-08-21 01:00:00
820,167,5,2026-08-21 02:00:00
759,394,4,2026-08-21 03:00:00
473,258,5,2026-08-21 04:00:00
671,63,2,2026-08-21 05:00:00
715,272,4,2026-08-21 06:00:00
112,37,3,2026-08-21 07:00:00
980,16,4,2026-08-21 08:00:00
292,254,2,2026-08-21 09:00:00
950,343,3,2026-08-21 10:00:00
822,346,3,2026-08-21 11:00:00
631,336,3,2026-08-21 12:00:00
383,27,2,2026-08-21 13:00:00
17,447,5,2026-08-21 14:00:00
493,111,3,2026-08-21 15:00:00
331,233,4,2026-08-21 16:00:00
926,478,1,2026-08-21 17:00:00
739,64,2,2026-08-21 18:00:00
873,97,5,2026-08-21 19:00:00
486,416,5,2026-08-21 20:00:00
406,393,5,2026-08-21 21:00:00
117,267,4,2026-08-21 22:00:00
555,485,2,2026-08-21 23:00:00
880,326,2,2026-08-22 00:00:00
115,414,4,2026-08-22 01:00:00
795,232,5,2026-08-22 02:00:00
549,399,5,2026-08-22 03:00:00
814,443,3,2026-08-22 04:00:00
625,48,3,2026-08-22 05:00:00
547,350,2,2026-08-22 06:00:00
644,210,5,2026-08-22 07:00:00
336,76,3,2026-08-22 08:00:00
981,316,5,2026-08-22 10:00:00
922,68,5,2026-08-22 11:00:00
889,313,1,2026-08-22 12:00:00
740,64,1,2026-08-22 13:00:00
147,182,5,2026-08-22 14:00:00
122,80,4,2026-08-22 15:00:00
81,343,5,2026-08-22 16:00:00
685,203,2,2026-08-22 17:00:00
666,182,5,2026-08-22 18:00:00
662,443,5,2026-08-22 19:00:00
375,472,5,2026-08-22 20:00:00
570,214,3,2026-08-22 21:00:00
63,423,3,2026-08-22 22:00:00
504,120,2,2026-08-22 23:00:00
668,399,5,2026-08-23 00:00:00
449,241,2,2026-08-23 01:00:00
428,335,2,2026-08-23 02:00:00
868,202,2,2026-08-23 03:00:00
427,412,5,2026-08-23 04:00:00
421,292,5,2026-08-23 05:00:00
322,54,5,2026-08-23 06:00:00
913,145,4,2026-08-23 07:00:00
680,356,5,2026-08-23 08:00:00
166,86,1,2026-08-23 09:00:00
597,471,5,2026-08-23 10:00:00
957,477,4,2026-08-23 11:00:00
649,22,4,2026-08-23 12:00:00
461,331,2,2026-08-23 13:00:00
459,292,1,2026-08-23 14:00:00
189,236,3,2026-08-23 15:00:00
464,29,2,2026-08-23 16:00:00
912,183,4,2026-08-23 17:00:00
379,426,2,2026-08-23 18:00:00
2,160,2,2026-08-23 19:00:00
618,398,5,2026-08-23 20:00:00
364,18,5,2026-08-23 21:00:00
72,38,5,2026-08-23 22:00:00
427,101,4,2026-08-23 23:00:00
638,290,5,2026-08-24 00:00:00
170,377,5,2026-08-24 01:00:00
205,173,4,2026-08-24 02:00:00
825,343,3,2026-08-24 03:00:00
337,416,2,2026-08-24 04:00:00
999,366,3,2026-08-24 05:00:00
472,67,5,2026-08-24 06:00:00
195,191,4,2026-08-24 07:00:00
670,439,4,2026-08-24 08:00:00
653,43,1,2026-08-24 09:00:00
275,123,3,2026-08-24 10:00:00
7,278,5,2026-08-24 11:00:00
905,343,4,2026-08-24 12:00:00
979,196,4,2026-08-24 13:00:00
566,333,3,2026-08-24 14:00:00
616,125,4,2026-08-24 15:00:00
854,96,5,2026-08-24 16:00:00
850,378,5,2026-08-24 17:00:00
573,157,1,2026-08-24 18:00:00
770,360,3,2026-08-24 20:00:00
178,173,4,2026-08-24 21:00:00
242,375,4,2026-08-24 22:00:00
203,394,3,2026-08-24 23:00:00
543,461,5,2026-08-25 00:00:00
801,173,4,2026-08-25 01:00:00
462,120,5,2026-08-25 02:00:00
80,273,1,2026-08-25 03:00:00
523,358,2,2026-08-25 04:00:00
417,386,4,2026-08-25 05:00:00
766,401,4,2026-08-25 06:00:00
384,364,4,2026-08-25 07:00:00
391,346,5,2026-08-25 08:00:00
896,375,4,2026-08-25 09:00:00
799,422,4,2026-08-25 10:00:00
688,421,5,2026-08-25 11:00:00
126,319,4,2026-08-25 12:00:00
494,261,3,2026-08-25 13:00:00
47,281,5,2026-08-25 14:00:00
718,329,4,2026-08-25 15:00:00
476,124,3,2026-08-25 16:00:00
949,476,3,2026-08-25 17:00:00
619,278,3,2026-08-25 18:00:00
787,447,5,2026-08-25 20:00:00
849,35,2,2026-08-25 21:00:00
123,311,2,2026-08-25 22:00:00
474,128,4,2026-08-25 23:00:00
134,20,5,2026-08-26 00:00:00
619,261,5,2026-08-26 01:00:00
817,167,3,2026-08-26 02:00:00
841,319,5,2026-08-26 03:00:00
562,236,4,2026-08-26 04:00:00
849,32,4,2026-08-26 05:00:00
607,231,5,2026-08-26 06:00:00
780,191,3,2026-08-26 07:00:00
23,330,5,2026-08-26 08:00:00
566,424,4,2026-08-26 09:00:00
886,145,5,2026-08-26 10:00:00
766,101,3,2026-08-26 11:00:00
965,79,5,2026-08-26 12:00:00
235,457,4,2026-08-26 13:00:00
996,160,4,2026-08-26 14:00:00
59,255,4,2026-08-26 15:00:00
164,279,5,2026-08-26 16:00:00
771,459,4,2026-08-26 17:00:00
826,188,4,2026-08-26 18:00:00
216,461,5,2026-08-26 19:00:00
183,210,3,2026-08-26 20:00:00
569,241,3,2026-08-26 21:00:00
657,56,5,2026-08-26 22:00:00
935,137,2,2026-08-26 23:00:00
90,106,5,2026-08-27 00:00:00
964,69,4,2026-08-27 01:00:00
311,190,4,2026-08-27 02:00:00
557,192,3,2026-08-27 03:00:00
972,491,5,2026-08-27 04:00:00
257,278,5,2026-08-27 05:00:00
533,32,4,2026-08-27 06:00:00
979,175,3,2026-08-27 07:00:00
533,258,3,2026-08-27 08:00:00
52,123,5,2026-08-27 09:00:00
338,85,4,2026-08-27 10:00:00
171,476,3,2026-08-27 11:00:00
948,436,5,2026-08-27 12:00:00
67,216,5,2026-08-27 13:00:00
625,216,1,2026-08-27 14:00:00
300,14,5,2026-08-27 15:00:00
672,37,5,2026-08-27 16:00:00
778,27,5,2026-08-27 17:00:00
832,152,3,2026-08-27 18:00:00
232,64,3,2026-08-27 19:00:00
975,70,5,2026-08-27 20:00:00
837,154,2,2026-08-27 21:00:00
68,438,4,2026-08-27 22:00:00
506,253,4,2026-08-27 23:00:00
28,271,4,2026-08-28 00:00:00
949,29,3,2026-08-28 01:00:00
628,484,5,2026-08-28 02:00:00
51,74,3,2026-08-28 03:00:00
693,284,4,2026-08-28 04:00:00
260,59,4,2026-08-28 05:00:00
591,243,3,2026-08-28 06:00:00
785,329,2,2026-08-28 07:00:00
620,149,5,2026-08-28 08:00:00
963,10,4,2026-08-28 09:00:00
586,132,4,2026-08-28 10:00:00
687,62,5,2026-08-28 11:00:00
184,388,2,2026-08-28 12:00:00
23,383,5,2026-08-28 13:00:00
786,262,2,2026-08-28 14:00:00
129,218,5,2026-08-28 15:00:00
291,232,2,2026-08-28 16:00:00
832,336,5,2026-08-28 17:00:00
501,72,4,2026-08-28 18:00:00
186,476,3,2026-08-28 19:00:00
479,16,3,2026-08-28 20:00:00
571,38,2,2026-08-28 21:00:00
492,177,5,2026-08-28 22:00:00
513,445,2,2026-08-28 23:00:00
643,321,4,2026-08-29 00:00:00
67,382,3,2026-08-29 01:00:00
467,434,4,2026-08-29 03:00:00
285,17,2,2026-08-29 04:00:00
601,369,4,2026-08-29 05:00:00
417,156,5,2026-08-29 06:00:00
100,172,4,2026-08-29 07:00:00
189,396,4,2026-08-29 08:00:00
989,70,3,2026-08-29 09:00:00
890,71,2,2026-08-29 10:00:00
858,255,3,2026-08-29 11:00:00
388,456,4,2026-08-29 12:00:00
782,49,5,2026-08-29 14:00:00
731,21,5,2026-08-29 15:00:00
918,320,5,2026-08-29 17:00:00
176,220,4,2026-08-29 18:00:00
387,187,4,2026-08-29 19:00:00
471,414,4,2026-08-29 20:00:00
853,32,1,2026-08-29 21:00:00
233,203,1,2026-08-29 22:00:00
663,276,4,2026-08-29 23:00:00
452,242,2,2026-08-30 00:00:00
277,16,4,2026-08-30 01:00:00
229,409,3,2026-08-30 02:00:00
171,316,5,2026-08-30 03:00:00
735,173,5,2026-08-30 04:00:00
213,137,5,2026-08-30 05:00:00
282,179,5,2026-08-30 06:00:00
41,359,5,2026-08-30 07:00:00
122,61,5,2026-08-30 08:00:00
227,497,5,2026-08-30 09:00:00
294,424,4,2026-08-30 10:00:00
600,104,5,2026-08-30 11:00:00
267,317,2,2026-08-30 12:00:00
541,195,4,2026-08-30 13:00:00
759,256,5,2026-08-30 14:00:00
828,464,4,2026-08-30 15:00:00
451,76,2,2026-08-30 16:00:00
449,271,4,2026-08-30 17:00:00
756,181,5,2026-08-30 18:00:00
61,132,5,2026-08-30 19:00:00
502,151,4,2026-08-30 20:00:00
147,155,3,2026-08-30 21:00:00
686,359,5,2026-08-30 22:00:00
945,235,5,2026-08-30 23:00:00
790,248,3,2026-08-31 00:00:00
334,165,5,2026-08-31 01:00:00
881,205,3,2026-08-31 02:00:00
953,427,3,2026-08-31 03:00:00
142,488,5,2026-08-31 05:00:00
44,213,3,2026-08-31 06:00:00
144,413,1,2026-08-31 07:00:00
865,254,2,2026-08-31 08:00:00
333,157,5,2026-08-31 09:00:00
998,177,5,2026-08-31 10:00:00
497,75,4,2026-08-31 11:00:00
396,435,3,2026-08-31 12:00:00
55,178,3,2026-08-31 13:00:00
307,284,5,2026-08-31 14:00:00
870,330,3,2026-08-31 15:00:00
417,125,5,2026-08-31 17:00:00
673,312,3,2026-08-31 18:00:00
797,320,3,2026-08-31 19:00:00
325,127,3,2026-08-31 20:00:00
710,377,4,2026-08-31 21:00:00
671,345,5,2026-08-31 22:00:00
80,225,4,2026-08-31 23:00:00
31,17,2,2026-09-01 00:00:00
985,497,4,2026-09-01 01:00:00
112,481,2,2026-09-01 02:00:00
558,473,2,2026-09-01 03:00:00
865,353,4,2026-09-01 04:00:00
717,311,5,2026-09-01 05:00:00
564,246,5,2026-09-01 06:00:00
650,137,5,2026-09-01 07:00:00
472,475,5,2026-09-01 08:00:00
74,217,5,2026-09-01 09:00:00
553,196,5,2026-09-01 10:00:00
479,201,4,2026-09-01 11:00:00
589,366,3,2026-09-01 12:00:00
387,207,2,2026-09-01 13:00:00
699,16,4,2026-09-01 14:00:00
882,400,5,2026-09-01 15:00:00
564,13,4,2026-09-01 16:00:00
930,78,2,2026-09-01 17:00:00
433,214,4,2026-09-01 18:00:00
412,341,4,2026-09-01 19:00:00
467,329,5,2026-09-01 20:00:00
599,447,2,2026-09-01 21:00:00
621,119,5,2026-09-01 22:00:00
992,425,4,2026-09-01 23:00:00
909,181,5,2026-09-02 00:00:00
737,324,4,2026-09-02 01:00:00
994,330,5,2026-09-02 02:00:00
993,355,1,2026-09-02 03:00:00
248,373,2,2026-09-02 04:00:00
581,137,3,2026-09-02 05:00:00
120,179,4,2026-09-02 06:00:00
67,432,4,2026-09-02 07:00:00
573,208,3,2026-09-02 08:00:00
956,433,4,2026-09-02 09:00:00
327,402,4,2026-09-02 10:00:00
920,394,4,2026-09-02 11:00:00
703,469,2,2026-09-02 12:00:00
470,371,5,2026-09-02 13:00:00
493,54,4,2026-09-02 14:00:00
701,79,3,2026-09-02 15:00:00
663,271,4,2026-09-02 16:00:00
956,424,4,2026-09-02 18:00:00
914,118,3,2026-09-02 19:00:00
608,368,5,2026-09-02 20:00:00
312,106,5,2026-09-02 21:00:00
309,105,2,2026-09-02 22:00:00
775,303,1,2026-09-02 23:00:00
97,118,3,2026-09-03 00:00:00
965,382,4,2026-09-03 01:00:00
113,229,2,2026-09-03 02:00:00
988,148,5,2026-09-03 03:00:00
637,354,4,2026-09-03 04:00:00
456,150,4,2026-09-03 05:00:00
463,304,4,2026-09-03 06:00:00
132,82,1,2026-09-03 08:00:00
930,16,5,2026-09-03 09:00:00
965,389,4,2026-09-03 10:00:00
929,193,4,2026-09-03 11:00:00
121,211,4,2026-09-03 12:00:00
197,74,1,2026-09-03 13:00:00
806,277,4,2026-09-03 14:00:00
482,61,5,2026-09-03 15:00:00
634,461,2,2026-09-03 16:00:00
794,439,4,2026-09-03 17:00:00
897,24,2,2026-09-03 18:00:00
772,23,4,2026-09-03 19:00:00
39,343,5,2026-09-03 20:00:00
566,395,4,2026-09-03 21:00:00
512,431,3,2026-09-03 22:00:00
474,258,2,2026-09-03 23:00:00
161,198,5,2026-09-04 00:00:00
289,53,3,2026-09-04 01:00:00
200,139,1,2026-09-04 02:00:00
788,271,4,2026-09-04 03:00:00
528,201,3,2026-09-04 04:00:00
917,396,5,2026-09-04 05:00:00
685,378,2,2026-09-04 06:00:00
503,379,4,2026-09-04 07:00:00
248,164,3,2026-09-04 08:00:00
383,92,4,2026-09-04 09:00:00
218,23,4,2026-09-04 10:00:00
87,411,5,2026-09-04 11:00:00
82,88,4,2026-09-04 12:00:00
62,398,1,2026-09-04 13:00:00
799,182,3,2026-09-04 14:00:00
500,355,5,2026-09-04 15:00:00
42,283,4,2026-09-04 16:00:00
12,21,4,2026-09-04 17:00:00
833,49,5,2026-09-04 18:00:00
746,190,1,2026-09-04 19:00:00
841,205,4,2026-09-04 20:00:00
643,456,3,2026-09-04 21:00:00
115,44,3,2026-09-04 22:00:00
218,492,3,2026-09-04 23:00:00
649,300,5,2026-09-05 00:00:00
106,128,3,2026-09-05 01:00:00
691,482,1,2026-09-05 02:00:00
528,189,2,2026-09-05 03:00:00
472,170,2,2026-09-05 04:00:00
754,279,5,2026-09-05 05:00:00
846,201,4,2026-09-05 06:00:00
893,385,5,2026-09-05 07:00:00
226,292,5,2026-09-05 09:00:00
481,311,3,2026-09-05 10:00:00
754,366,3,2026-09-05 11:00:00
408,16,4,2026-09-05 12:00:00
457,345,4,2026-09-05 13:00:00
653,274,4,2026-09-05 14:00:00
898,482,1,2026-09-05 15:00:00
711,294,5,2026-09-05 16:00:00
624,451,1,2026-09-05 17:00:00
639,20,2,2026-09-05 18:00:00
21,19,4,2026-09-05 19:00:00
659,13,2,2026-09-05 20:00:00
601,17,2,2026-09-05 21:00:00
815,206,2,2026-09-05 22:00:00
918,30,1,2026-09-05 23:00:00
203,470,3,2026-09-06 00:00:00
417,299,3,2026-09-06 01:00:00
416,304,4,2026-09-06 02:00:00
448,43,4,2026-09-06 03:00:00
512,93,4,2026-09-06 04:00:00
85,370,4,2026-09-06 05:00:00
167,66,3,2026-09-06 06:00:00
384,119,2,2026-09-06 07:00:00
468,309,5,2026-09-06 08:00:00
72,72,4,2026-09-06 09:00:00
810,334,1,2026-09-06 10:00:00
997,162,5,2026-09-06 11:00:00
793,330,2,2026-09-06 13:00:00
473,328,5,2026-09-06 14:00:00
993,455,3,2026-09-06 15:00:00
258,269,5,2026-09-06 16:00:00
275,218,2,2026-09-06 17:00:00
750,254,2,2026-09-06 18:00:00
20,440,4,2026-09-06 19:00:00
490,59,1,2026-09-06 20:00:00
745,32,1,2026-09-06 21:00:00
490,339,5,2026-09-06 22:00:00
733,120,2,2026-09-06 23:00:00
326,463,5,2026-09-07 00:00:00
529,310,4,2026-09-07 01:00:00
892,2,5,2026-09-07 02:00:00
89,118,4,2026-09-07 03:00:00
486,37,4,2026-09-07 04:00:00
708,467,3,2026-09-07 05:00:00
350,97,4,2026-09-07 06:00:00
84,359,3,2026-09-07 07:00:00
387,370,3,2026-09-07 08:00:00
87,417,2,2026-09-07 09:00:00
307,257,1,2026-09-07 10:00:00
850,128,3,2026-09-07 11:00:00
154,359,5,2026-09-07 12:00:00
440,156,3,2026-09-07 13:00:00
740,145,3,2026-09-07 14:00:00
264,70,4,2026-09-07 16:00:00
977,436,5,2026-09-07 17:00:00
735,44,5,2026-09-07 18:00:00
421,212,1,2026-09-07 19:00:00
493,175,5,2026-09-07 20:00:00
633,141,1,2026-09-07 21:00:00
993,76,5,2026-09-07 22:00:00
411,158,4,2026-09-07 23:00:00
173,85,4,2026-09-08 00:00:00
4,322,5,2026-09-08 01:00:00
854,309,5,2026-09-08 02:00:00
640,18,4,2026-09-08 03:00:00
992,388,2,2026-09-08 05:00:00
472,42,5,2026-09-08 06:00:00
110,491,2,2026-09-08 07:00:00
867,382,5,2026-09-08 08:00:00
37,373,4,2026-09-08 09:00:00
992,134,3,2026-09-08 10:00:00
583,102,4,2026-09-08 11:00:00
801,137,5,2026-09-08 12:00:00
31,404,5,2026-09-08 13:00:00
951,493,3,2026-09-08 14:00:00
381,222,5,2026-09-08 15:00:00
268,229,5,2026-09-08 16:00:00
11,294,5,2026-09-08 17:00:00
344,452,5,2026-09-08 18:00:00
840,486,4,2026-09-08 19:00:00
544,306,1,2026-09-08 20:00:00
569,316,4,2026-09-08 21:00:00
166,397,5,2026-09-08 22:00:00
700,119,5,2026-09-08 23:00:00
342,99,4,2026-09-09 00:00:00
482,350,5,2026-09-09 01:00:00
19,426,5,2026-09-09 02:00:00
628,324,3,2026-09-09 03:00:00
980,409,2,2026-09-09 04:00:00
184,159,5,2026-09-09 05:00:00
782,239,3,2026-09-09 06:00:00
545,396,3,2026-09-09 07:00:00
10,320,4,2026-09-09 08:00:00
592,335,5,2026-09-09 09:00:00
192,189,4,2026-09-09 10:00:00
320,309,5,2026-09-09 11:00:00
702,249,3,2026-09-09 12:00:00
580,26,3,2026-09-09 13:00:00
475,189,4,2026-09-09 14:00:00
860,394,5,2026-09-09 15:00:00
637,140,4,2026-09-09 16:00:00
427,406,1,2026-09-09 17:00:00
848,488,4,2026-09-09 18:00:00
59,181,5,2026-09-09 19:00:00
436,21,3,2026-09-09 20:00:00
496,71,4,2026-09-09 22:00:00
787,82,1,2026-09-09 23:00:00
661,155,4,2026-09-10 00:00:00
278,316,1,2026-09-10 01:00:00
265,355,3,2026-09-10 02:00:00
9,47,3,2026-09-10 03:00:00
457,194,2,2026-09-10 04:00:00
795,224,2,2026-09-10 05:00:00
273,399,5,2026-09-10 06:00:00
813,280,4,2026-09-10 08:00:00
8,468,5,2026-09-10 09:00:00
208,10,2,2026-09-10 10:00:00
914,376,2,2026-09-10 11:00:00
637,472,4,2026-09-10 12:00:00
123,152,3,2026-09-10 13:00:00
33,344,4,2026-09-10 14:00:00
513,104,5,2026-09-10 15:00:00
204,496,2,2026-09-10 16:00:00
518,124,4,2026-09-10 17:00:00
809,185,5,2026-09-10 18:00:00
951,496,1,2026-09-10 19:00:00
517,290,1,2026-09-10 20:00:00
443,41,4,2026-09-10 21:00:00
592,424,5,2026-09-10 22:00:00
786,11,3,2026-09-10 23:00:00
689,218,3,2026-09-11 00:00:00
850,1,2,2026-09-11 01:00:00
339,171,1,2026-09-11 03:00:00
438,338,3,2026-09-11 04:00:00
445,282,4,2026-09-11 05:00:00
136,53,5,2026-09-11 06:00:00
387,125,5,2026-09-11 07:00:00
25,175,5,2026-09-11 08:00:00
506,265,3,2026-09-11 09:00:00
325,265,2,2026-09-11 10:00:00
695,385,4,2026-09-11 11:00:00
979,256,4,2026-09-11 13:00:00
338,172,2,2026-09-11 14:00:00
690,59,4,2026-09-11 15:00:00
885,440,2,2026-09-11 16:00:00
95,106,4,2026-09-11 17:00:00
545,435,1,2026-09-11 18:00:00
623,125,5,2026-09-11 19:00:00
146,16,1,2026-09-11 20:00:00
893,38,5,2026-09-11 21:00:00
953,395,5,2026-09-11 22:00:00
231,243,5,2026-09-11 23:00:00
784,409,5,2026-09-12 00:00:00
848,477,1,2026-09-12 01:00:00
495,467,4,2026-09-12 02:00:00
38,210,5,2026-09-12 03:00:00
425,495,2,2026-09-12 04:00:00
647,315,4,2026-09-12 05:00:00
846,285,3,2026-09-12 06:00:00
747,464,4,2026-09-12 07:00:00
437,494,5,2026-09-12 08:00:00
831,168,4,2026-09-12 09:00:00
345,98,5,2026-09-12 11:00:00
160,134,2,2026-09-12 12:00:00
550,429,5,2026-09-12 13:00:00
662,365,5,2026-09-12 14:00:00
912,181,5,2026-09-12 15:00:00
820,222,4,2026-09-12 16:00:00
541,364,5,2026-09-12 17:00:00
144,482,4,2026-09-12 18:00:00
588,149,4,2026-09-12 19:00:00
741,313,3,2026-09-12 21:00:00
576,76,5,2026-09-12 22:00:00
859,369,4,2026-09-12 23:00:00
345,262,4,2026-09-13 00:00:00
269,231,4,2026-09-13 01:00:00
840,191,5,2026-09-13 02:00:00
696,380,5,2026-09-13 03:00:00
773,134,2,2026-09-13 04:00:00
268,309,3,2026-09-13 05:00:00
169,252,3,2026-09-13 06:00:00
771,388,4,2026-09-13 07:00:00
739,245,1,2026-09-13 08:00:00
33,265,5,2026-09-13 09:00:00
377,325,2,2026-09-13 10:00:00
214,330,3,2026-09-13 11:00:00
562,367,5,2026-09-13 12:00:00
440,456,1,2026-09-13 13:00:00
492,343,4,2026-09-13 14:00:00
393,4,5,2026-09-13 15:00:00
489,442,4,2026-09-13 16:00:00
722,37,5,2026-09-13 17:00:00
946,71,5,2026-09-13 18:00:00
29,262,3,2026-09-13 19:00:00
39,237,4,2026-09-13 20:00:00
859,307,3,2026-09-13 21:00:00
612,490,3,2026-09-13 22:00:00
173,463,2,2026-09-13 23:00:00
17,355,4,2026-09-14 00:00:00
56,178,5,2026-09-14 01:00:00
226,96,5,2026-09-14 02:00:00
558,398,4,2026-09-14 03:00:00
67,227,3,2026-09-14 04:00:00
197,11,4,2026-09-14 05:00:00
654,266,5,2026-09-14 06:00:00
835,189,3,2026-09-14 07:00:00
23,209,3,2026-09-14 08:00:00
999,13,4,2026-09-14 09:00:00
606,377,4,2026-09-14 10:00:00
754,162,5,2026-09-14 11:00:00
237,60,4,2026-09-14 12:00:00
957,493,2,2026-09-14 13:00:00
919,435,2,2026-09-14 14:00:00
923,5,5,2026-09-14 15:00:00
566,496,3,2026-09-14 16:00:00
138,202,1,2026-09-14 17:00:00
473,416,5,2026-09-14 18:00:00
845,12,4,2026-09-14 19:00:00
784,436,4,2026-09-14 20:00:00
553,397,4,2026-09-14 21:00:00
610,341,5,2026-09-14 22:00:00
695,240,2,2026-09-14 23:00:00
640,438,4,2026-09-15 00:00:00
229,373,4,2026-09-15 01:00:00
317,378,1,2026-09-15 02:00:00
598,225,4,2026-09-15 03:00:00
768,182,5,2026-09-15 04:00:00
721,297,4,2026-09-15 05:00:00
727,304,5,2026-09-15 06:00:00
612,431,5,2026-09-15 08:00:00
561,178,5,2026-09-15 09:00:00
201,118,4,2026-09-15 10:00:00
948,352,5,2026-09-15 11:00:00
258,76,4,2026-09-15 12:00:00
888,227,4,2026-09-15 14:00:00
178,356,2,2026-09-15 15:00:00
757,294,5,2026-09-15 16:00:00
123,240,3,2026-09-15 17:00:00
342,348,4,2026-09-15 18:00:00
171,141,3,2026-09-15 19:00:00
845,204,4,2026-09-15 20:00:00
648,150,5,2026-09-15 21:00:00
59,492,5,2026-09-15 22:00:00
705,130,4,2026-09-15 23:00:00
465,349,4,2026-09-16 00:00:00
780,333,4,2026-09-16 01:00:00
260,483,3,2026-09-16 02:00:00
373,269,3,2026-09-16 03:00:00
973,313,4,2026-09-16 04:00:00
95,418,5,2026-09-16 05:00:00
125,403,4,2026-09-16 06:00:00
41,137,4,2026-09-16 07:00:00
891,116,5,2026-09-16 08:00:00
254,351,4,2026-09-16 09:00:00
7,161,3,2026-09-16 10:00:00
471,155,3,2026-09-16 11:00:00
728,173,3,2026-09-16 12:00:00
511,130,5,2026-09-16 13:00:00
581,79,3,2026-09-16 14:00:00
69,467,5,2026-09-16 15:00:00
81,57,5,2026-09-16 16:00:00
542,351,3,2026-09-16 17:00:00
585,57,2,2026-09-16 18:00:00
262,400,4,2026-09-16 19:00:00
89,363,3,2026-09-16 20:00:00
915,335,4,2026-09-16 21:00:00
208,134,4,2026-09-16 22:00:00
213,14,4,2026-09-16 23:00:00
834,283,5,2026-09-17 00:00:00
266,294,3,2026-09-17 01:00:00
912,147,3,2026-09-17 02:00:00
293,421,5,2026-09-17 03:00:00
207,127,2,2026-09-17 04:00:00
333,491,2,2026-09-17 05:00:00
77,260,5,2026-09-17 06:00:00
288,314,3,2026-09-17 07:00:00
47,218,2,2026-09-17 08:00:00
622,393,4,2026-09-17 09:00:00
200,233,1,2026-09-17 10:00:00
427,369,4,2026-09-17 11:00:00
210,168,4,2026-09-17 12:00:00
888,143,4,2026-09-17 13:00:00
420,489,3,2026-09-17 14:00:00
154,485,5,2026-09-17 15:00:00
522,260,3,2026-09-17 16:00:00
415,218,4,2026-09-17 17:00:00
353,308,5,2026-09-17 18:00:00
157,146,4,2026-09-17 19:00:00
261,489,2,2026-09-17 20:00:00
77,437,1,2026-09-17 21:00:00
983,99,5,2026-09-17 23:00:00
488,182,5,2026-09-18 00:00:00
131,169,4,2026-09-18 01:00:00
579,233,3,2026-09-18 02:00:00
455,444,2,2026-09-18 03:00:00
740,93,5,2026-09-18 04:00:00
163,117,4,2026-09-18 05:00:00
15,472,3,2026-09-18 06:00:00
232,4,4,2026-09-18 07:00:00
195,85,2,2026-09-18 08:00:00
861,167,3,2026-09-18 09:00:00
542,7,4,2026-09-18 10:00:00
359,381,2,2026-09-18 11:00:00
850,407,2,2026-09-18 12:00:00
331,232,4,2026-09-18 13:00:00
427,251,4,2026-09-18 14:00:00
497,85,2,2026-09-18 15:00:00
828,319,1,2026-09-18 16:00:00
486,193,5,2026-09-18 17:00:00
808,123,1,2026-09-18 18:00:00
449,425,1,2026-09-18 19:00:00
413,89,3,2026-09-18 20:00:00
330,95,3,2026-09-18 21:00:00
732,375,4,2026-09-18 22:00:00
889,300,5,2026-09-18 23:00:00
991,358,4,2026-09-19 00:00:00
147,45,5,2026-09-19 01:00:00
259,253,5,2026-09-19 02:00:00
292,453,2,2026-09-19 03:00:00
811,373,4,2026-09-19 04:00:00
143,479,4,2026-09-19 05:00:00
993,51,3,2026-09-19 06:00:00
937,65,5,2026-09-19 07:00:00
747,54,5,2026-09-19 08:00:00
627,440,4,2026-09-19 09:00:00
365,222,2,2026-09-19 10:00:00
90,466,1,2026-09-19 11:00:00
720,72,3,2026-09-19 12:00:00
164,376,2,2026-09-19 13:00:00
481,474,5,2026-09-19 14:00:00
84,168,3,2026-09-19 15:00:00
77,186,4,2026-09-19 16:00:00
673,143,3,2026-09-19 17:00:00
517,19,5,2026-09-19 18:00:00
485,10,5,2026-09-19 19:00:00
590,472,5,2026-09-19 20:00:00
603,272,4,2026-09-19 21:00:00
599,171,2,2026-09-19 22:00:00
782,415,3,2026-09-19 23:00:00
104,364,4,2026-09-20 00:00:00
452,16,5,2026-09-20 01:00:00
487,80,4,2026-09-20 02:00:00
339,284,4,2026-09-20 03:00:00
687,190,5,2026-09-20 04:00:00
566,148,4,2026-09-20 05:00:00
900,163,4,2026-09-20 06:00:00
478,443,3,2026-09-20 07:00:00
723,265,1,2026-09-20 08:00:00
607,360,5,2026-09-20 09:00:00
223,138,5,2026-09-20 10:00:00
9,301,4,2026-09-20 11:00:00
53,466,4,2026-09-20 12:00:00
77,365,3,2026-09-20 13:00:00
718,493,4,2026-09-20 14:00:00
503,399,3,2026-09-20 15:00:00
316,493,5,2026-09-20 16:00:00
814,30,4,2026-09-20 17:00:00
822,304,4,2026-09-20 18:00:00
842,480,1,2026-09-20 19:00:00
624,168,4,2026-09-20 20:00:00
863,91,3,2026-09-20 21:00:00
165,91,3,2026-09-20 22:00:00
27,330,4,2026-09-21 00:00:00
70,300,3,2026-09-21 01:00:00
218,174,5,2026-09-21 02:00:00
962,134,4,2026-09-21 03:00:00
365,373,4,2026-09-21 04:00:00
701,24,4,2026-09-21 05:00:00
845,201,4,2026-09-21 06:00:00
947,219,4,2026-09-21 07:00:00
306,7,5,2026-09-21 08:00:00
124,6,5,2026-09-21 09:00:00
19,118,4,2026-09-21 10:00:00
257,161,4,2026-09-21 11:00:00
296,85,2,2026-09-21 12:00:00
928,366,2,2026-09-21 13:00:00
22,248,4,2026-09-21 14:00:00
880,166,5,2026-09-21 15:00:00
989,428,4,2026-09-21 16:00:00
450,145,4,2026-09-21 17:00:00
552,31,2,2026-09-21 18:00:00
48,395,4,2026-09-21 20:00:00
695,220,5,2026-09-21 21:00:00
587,133,2,2026-09-21 22:00:00
721,64,4,2026-09-21 23:00:00
183,76,5,2026-09-22 00:00:00
435,131,5,2026-09-22 01:00:00
107,312,5,2026-09-22 02:00:00
188,319,3,2026-09-22 03:00:00
776,361,5,2026-09-22 04:00:00
86,38,5,2026-09-22 05:00:00
836,54,5,2026-09-22 06:00:00
843,130,5,2026-09-22 07:00:00
456,218,5,2026-09-22 08:00:00
137,2,3,2026-09-22 09:00:00
858,246,2,2026-09-22 10:00:00
898,140,4,2026-09-22 11:00:00
336,296,4,2026-09-22 12:00:00
607,258,3,2026-09-22 13:00:00
838,105,4,2026-09-22 14:00:00
757,381,1,2026-09-22 15:00:00
469,336,1,2026-09-22 16:00:00
602,478,3,2026-09-22 17:00:00
571,185,2,2026-09-22 18:00:00
403,303,5,2026-09-22 19:00:00
540,494,5,2026-09-22 20:00:00
72,244,4,2026-09-22 21:00:00
782,164,4,2026-09-22 22:00:00
24,132,1,2026-09-22 23:00:00
624,203,4,2026-09-23 00:00:00
812,408,5,2026-09-23 01:00:00
485,210,4,2026-09-23 02:00:00
56,347,3,2026-09-23 03:00:00
986,101,5,2026-09-23 04:00:00
223,446,5,2026-09-23 05:00:00
632,386,3,2026-09-23 06:00:00
434,475,1,2026-09-23 09:00:00
937,49,5,2026-09-23 10:00:00
450,368,5,2026-09-23 11:00:00
793,239,4,2026-09-23 12:00:00
884,215,5,2026-09-23 13:00:00
492,291,4,2026-09-23 14:00:00
189,372,3,2026-09-23 15:00:00
578,350,4,2026-09-23 16:00:00
810,431,5,2026-09-23 17:00:00
961,280,5,2026-09-23 18:00:00
420,467,2,2026-09-23 19:00:00
249,316,4,2026-09-23 20:00:00
588,477,3,2026-09-23 21:00:00
649,77,5,2026-09-23 22:00:00
164,304,4,2026-09-23 23:00:00
745,151,3,2026-09-24 00:00:00
255,396,5,2026-09-24 01:00:00
476,497,4,2026-09-24 02:00:00
417,297,5,2026-09-24 04:00:00
170,157,2,2026-09-24 05:00:00
317,198,1,2026-09-24 06:00:00
174,435,2,2026-09-24 07:00:00
470,384,2,2026-09-24 08:00:00
345,407,4,2026-09-24 09:00:00
445,287,4,2026-09-24 10:00:00
18,493,4,2026-09-24 11:00:00
70,405,3,2026-09-24 12:00:00
338,24,2,2026-09-24 13:00:00
628,456,4,2026-09-24 14:00:00
592,492,4,2026-09-24 15:00:00
527,9,3,2026-09-24 16:00:00
688,406,3,2026-09-24 17:00:00
456,132,2,2026-09-24 18:00:00
269,77,1,2026-09-24 19:00:00
631,226,2,2026-09-24 20:00:00
811,131,5,2026-09-24 21:00:00
188,485,3,2026-09-24 22:00:00
569,376,1,2026-09-24 23:00:00
711,412,4,2026-09-25 00:00:00
529,90,4,2026-09-25 01:00:00
288,117,2,2026-09-25 03:00:00
918,110,5,2026-09-25 04:00:00
499,354,3,2026-09-25 06:00:00
441,271,3,2026-09-25 07:00:00
781,392,2,2026-09-25 08:00:00
303,432,5,2026-09-25 09:00:00
87,227,4,2026-09-25 10:00:00
830,472,2,2026-09-25 11:00:00
438,244,3,2026-09-25 12:00:00
541,308,5,2026-09-25 13:00:00
22,55,4,2026-09-25 14:00:00
833,37,3,2026-09-25 15:00:00
797,388,4,2026-09-25 16:00:00
560,55,3,2026-09-25 17:00:00
517,12,4,2026-09-25 18:00:00
762,403,4,2026-09-25 19:00:00
675,463,5,2026-09-25 20:00:00
503,185,4,2026-09-25 21:00:00
714,478,3,2026-09-25 22:00:00
467,237,5,2026-09-25 23:00:00
101,293,5,2026-09-26 00:00:00
583,204,4,2026-09-26 01:00:00
942,211,1,2026-09-26 02:00:00
675,226,5,2026-09-26 03:00:00
685,7,2,2026-09-26 04:00:00
141,220,2,2026-09-26 05:00:00
138,311,3,2026-09-26 06:00:00
578,28,3,2026-09-26 07:00:00
710,477,5,2026-09-26 08:00:00
840,293,3,2026-09-26 09:00:00
228,212,1,2026-09-26 10:00:00
281,189,4,2026-09-26 11:00:00
684,75,4,2026-09-26 12:00:00
828,242,5,2026-09-26 13:00:00
431,114,3,2026-09-26 14:00:00
40,167,2,2026-09-26 15:00:00
519,106,4,2026-09-26 16:00:00
686,151,2,2026-09-26 17:00:00
663,436,1,2026-09-26 18:00:00
211,366,5,2026-09-26 19:00:00
302,84,4,2026-09-26 20:00:00
86,212,4,2026-09-26 21:00:00
397,267,4,2026-09-26 22:00:00
253,322,4,2026-09-26 23:00:00
533,269,1,2026-09-27 00:00:00
769,461,3,2026-09-27 01:00:00
891,425,2,2026-09-27 02:00:00
915,177,5,2026-09-27 03:00:00
381,271,5,2026-09-27 04:00:00
444,312,4,2026-09-27 05:00:00
33,182,1,2026-09-27 06:00:00
260,159,2,2026-09-27 07:00:00
234,189,5,2026-09-27 08:00:00
515,186,5,2026-09-27 09:00:00
859,471,1,2026-09-27 10:00:00
308,444,5,2026-09-27 11:00:00
739,309,3,2026-09-27 12:00:00
796,470,3,2026-09-27 13:00:00
70,246,2,2026-09-27 14:00:00
454,317,5,2026-09-27 15:00:00
439,464,4,2026-09-27 16:00:00
825,384,5,2026-09-27 17:00:00
364,42,3,2026-09-27 18:00:00
983,285,4,2026-09-27 19:00:00
766,468,2,2026-09-27 20:00:00
144,411,2,2026-09-27 22:00:00
24,300,5,2026-09-27 23:00:00
965,477,4,2026-09-28 00:00:00
425,389,2,2026-09-28 01:00:00
746,436,3,2026-09-28 02:00:00
845,369,5,2026-09-28 03:00:00
175,362,3,2026-09-28 04:00:00
844,486,5,2026-09-28 05:00:00
325,437,5,2026-09-28 06:00:00
869,436,4,2026-09-28 07:00:00
671,294,4,2026-09-28 08:00:00
860,428,4,2026-09-28 09:00:00
348,181,3,2026-09-28 10:00:00
798,371,3,2026-09-28 11:00:00
18,386,2,2026-09-28 12:00:00
44,365,5,2026-09-28 13:00:00
155,182,5,2026-09-28 14:00:00
867,340,1,2026-09-28 15:00:00
922,491,4,2026-09-28 16:00:00
377,495,3,2026-09-28 17:00:00
743,461,5,2026-09-28 18:00:00
883,218,3,2026-09-28 19:00:00
828,163,4,2026-09-28 20:00:00
402,46,2,2026-09-28 21:00:00
225,456,4,2026-09-28 22:00:00
217,92,3,2026-09-28 23:00:00
568,105,2,2026-09-29 00:00:00
31,207,4,2026-09-29 01:00:00
869,439,4,2026-09-29 02:00:00
59,498,5,2026-09-29 03:00:00
892,328,4,2026-09-29 04:00:00
898,139,4,2026-09-29 05:00:00
353,29,5,2026-09-29 06:00:00
935,251,5,2026-09-29 07:00:00
445,453,4,2026-09-29 08:00:00
235,191,4,2026-09-29 09:00:00
107,47,5,2026-09-29 10:00:00
191,367,4,2026-09-29 11:00:00
992,251,5,2026-09-29 12:00:00
530,263,2,2026-09-29 13:00:00
913,373,5,2026-09-29 14:00:00
738,64,3,2026-09-29 15:00:00
679,338,2,2026-09-29 16:00:00
583,320,5,2026-09-29 17:00:00
874,348,4,2026-09-29 18:00:00
566,268,4,2026-09-29 19:00:00
245,12,4,2026-09-29 20:00:00
995,292,2,2026-09-29 21:00:00
862,29,1,2026-09-29 22:00:00
76,139,3,2026-09-29 23:00:00
547,437,2,2026-09-30 00:00:00
267,454,4,2026-09-30 01:00:00
317,85,5,2026-09-30 02:00:00
812,74,2,2026-09-30 03:00:00
121,251,2,2026-09-30 04:00:00
836,224,5,2026-09-30 05:00:00
25,47,5,2026-09-30 06:00:00
432,417,1,2026-09-30 07:00:00
160,81,1,2026-09-30 08:00:00
596,451,4,2026-09-30 09:00:00
114,121,3,2026-09-30 10:00:00
735,43,5,2026-09-30 11:00:00
900,146,4,2026-09-30 12:00:00
502,74,5,2026-09-30 13:00:00
166,53,4,2026-09-30 14:00:00
703,233,1,2026-09-30 15:00:00
175,295,3,2026-09-30 16:00:00
1,363,4,2026-09-30 17:00:00
899,200,2,2026-09-30 18:00:00
86,37,1,2026-09-30 20:00:00
574,425,4,2026-09-30 21:00:00
320,97,4,2026-09-30 22:00:00
401,49,2,2026-09-30 23:00:00
382,384,4,2026-10-01 00:00:00
718,10,4,2026-10-01 01:00:00
617,40,5,2026-10-01 02:00:00
318,402,5,2026-10-01 03:00:00
803,153,5,2026-10-01 04:00:00
250,106,5,2026-10-01 05:00:00
525,41,4,2026-10-01 06:00:00
675,164,4,2026-10-01 07:00:00
555,258,3,2026-10-01 08:00:00
898,211,4,2026-10-01 09:00:00
952,202,2,2026-10-01 10:00:00
623,433,4,2026-10-01 11:00:00
717,195,1,2026-10-01 12:00:00
896,53,3,2026-10-01 13:00:00
256,147,3,2026-10-01 14:00:00
307,499,5,2026-10-01 15:00:00
950,282,2,2026-10-01 16:00:00
144,310,5,2026-10-01 17:00:00
658,243,2,2026-10-01 18:00:00
391,51,4,2026-10-01 19:00:00
813,495,3,2026-10-01 20:00:00
676,409,3,2026-10-01 21:00:00
169,114,5,2026-10-01 22:00:00
990,273,3,2026-10-01 23:00:00
298,458,3,2026-10-02 00:00:00
233,120,4,2026-10-02 01:00:00
903,189,5,2026-10-02 02:00:00
271,46,5,2026-10-02 03:00:00
60,243,5,2026-10-02 04:00:00
296,311,4,2026-10-02 05:00:00
467,50,4,2026-10-02 06:00:00
235,331,4,2026-10-02 07:00:00
677,11,4,2026-10-02 08:00:00
706,396,3,2026-10-02 09:00:00
234,424,4,2026-10-02 10:00:00
368,48,3,2026-10-02 11:00:00
695,377,4,2026-10-02 12:00:00
845,56,3,2026-10-02 13:00:00
873,472,4,2026-10-02 15:00:00
491,14,1,2026-10-02 16:00:00
619,215,1,2026-10-02 17:00:00
503,370,2,2026-10-02 18:00:00
890,440,2,2026-10-02 19:00:00
735,245,2,2026-10-02 20:00:00
592,54,5,2026-10-02 21:00:00
381,273,4,2026-10-02 23:00:00
696,429,4,2026-10-03 00:00:00
428,389,5,2026-10-03 01:00:00
697,131,1,2026-10-03 02:00:00
646,9,5,2026-10-03 03:00:00
732,212,5,2026-10-03 04:00:00
800,122,2,2026-10-03 05:00:00
364,114,4,2026-10-03 06:00:00
202,20,1,2026-10-03 07:00:00
882,499,1,2026-10-03 08:00:00
146,339,3,2026-10-03 09:00:00
836,21,5,2026-10-03 10:00:00
639,208,4,2026-10-03 11:00:00
457,33,4,2026-10-03 12:00:00
135,133,4,2026-10-03 13:00:00
626,408,4,2026-10-03 14:00:00
264,191,3,2026-10-03 15:00:00
64,463,5,2026-10-03 16:00:00
491,26,4,2026-10-03 17:00:00
647,364,4,2026-10-03 18:00:00
41,89,4,2026-10-03 19:00:00
296,92,5,2026-10-03 20:00:00
3,33,5,2026-10-03 21:00:00
913,238,2,2026-10-03 22:00:00
706,18,4,2026-10-03 23:00:00
975,274,3,2026-10-04 00:00:00
110,422,5,2026-10-04 01:00:00
221,289,4,2026-10-04 02:00:00
370,27,1,2026-10-04 03:00:00
368,305,4,2026-10-04 04:00:00
436,434,3,2026-10-04 05:00:00
918,399,4,2026-10-04 06:00:00
4,108,3,2026-10-04 07:00:00
244,461,1,2026-10-04 08:00:00
902,436,2,2026-10-04 09:00:00
166,226,3,2026-10-04 10:00:00
395,355,5,2026-10-04 12:00:00
474,19,3,2026-10-04 13:00:00
17,223,1,2026-10-04 14:00:00
728,281,5,2026-10-04 15:00:00
92,104,5,2026-10-04 16:00:00
483,332,4,2026-10-04 17:00:00
543,332,3,2026-10-04 18:00:00
205,362,5,2026-10-04 19:00:00
502,409,1,2026-10-04 20:00:00
931,289,5,2026-10-04 21:00:00
400,444,5,2026-10-04 22:00:00
207,37,4,2026-10-04 23:00:00
619,348,3,2026-10-05 00:00:00
146,380,1,2026-10-05 01:00:00
879,244,5,2026-10-05 02:00:00
101,43,5,2026-10-05 03:00:00
880,126,3,2026-10-05 04:00:00
830,9,1,2026-10-05 05:00:00
880,14,4,2026-10-05 06:00:00
241,131,5,2026-10-05 07:00:00
923,325,5,2026-10-05 08:00:00
759,184,2,2026-10-05 09:00:00
163,282,4,2026-10-05 10:00:00
884,383,2,2026-10-05 11:00:00
173,53,5,2026-10-05 12:00:00
502,41,3,2026-10-05 13:00:00
547,338,5,2026-10-05 14:00:00
284,358,2,2026-10-05 15:00:00
359,21,2,2026-10-05 16:00:00
381,377,4,2026-10-05 17:00:00
870,295,5,2026-10-05 18:00:00
905,208,3,2026-10-05 19:00:00
972,488,4,2026-10-05 20:00:00
911,151,4,2026-10-05 21:00:00
533,477,5,2026-10-05 22:00:00
820,458,4,2026-10-05 23:00:00
163,442,2,2026-10-06 00:00:00
609,69,4,2026-10-06 01:00:00
307,331,5,2026-10-06 02:00:00
339,413,5,2026-10-06 03:00:00
55,318,4,2026-10-06 04:00:00
983,437,5,2026-10-06 05:00:00
333,301,2,2026-10-06 06:00:00
127,27,4,2026-10-06 07:00:00
940,116,5,2026-10-06 08:00:00
705,418,2,2026-10-06 09:00:00
243,142,5,2026-10-06 10:00:00
861,41,3,2026-10-06 11:00:00
600,106,3,2026-10-06 12:00:00
848,74,3,2026-10-06 13:00:00
409,60,3,2026-10-06 14:00:00
503,298,4,2026-10-06 15:00:00
727,122,4,2026-10-06 16:00:00
604,435,2,2026-10-06 17:00:00
303,203,5,2026-10-06 18:00:00
464,11,1,2026-10-06 19:00:00
235,419,5,2026-10-06 20:00:00
696,147,3,2026-10-06 21:00:00
38,216,4,2026-10-06 22:00:00
139,374,3,2026-10-06 23:00:00
195,321,4,2026-10-07 00:00:00
527,460,5,2026-10-07 01:00:00
769,445,5,2026-10-07 02:00:00
647,303,3,2026-10-07 03:00:00
561,67,4,2026-10-07 05:00:00
96,180,5,2026-10-07 06:00:00
713,365,5,2026-10-07 07:00:00
413,242,3,2026-10-07 08:00:00
538,160,4,2026-10-07 09:00:00
855,464,3,2026-10-07 10:00:00
429,486,5,2026-10-07 11:00:00
235,10,5,2026-10-07 12:00:00
349,124,5,2026-10-07 13:00:00
870,241,4,2026-10-07 15:00:00
481,424,4,2026-10-07 16:00:00
839,452,4,2026-10-07 17:00:00
396,447,3,2026-10-07 18:00:00
351,143,5,2026-10-07 19:00:00
416,353,1,2026-10-07 20:00:00
886,167,1,2026-10-07 21:00:00
916,57,5,2026-10-07 22:00:00
887,138,5,2026-10-07 23:00:00
51,327,4,2026-10-08 00:00:00
81,353,5,2026-10-08 01:00:00
36,17,5,2026-10-08 02:00:00
67,332,3,2026-10-08 03:00:00
641,273,2,2026-10-08 04:00:00
882,367,5,2026-10-08 05:00:00
667,376,5,2026-10-08 06:00:00
757,400,4,2026-10-08 07:00:00
623,375,3,2026-10-08 08:00:00
680,334,5,2026-10-08 09:00:00
481,3,5,2026-10-08 10:00:00
468,243,1,2026-10-08 11:00:00
142,108,2,2026-10-08 12:00:00
356,51,5,2026-10-08 13:00:00
709,370,1,2026-10-08 14:00:00
471,350,3,2026-10-08 15:00:00
888,116,2,2026-10-08 17:00:00
591,183,3,2026-10-08 18:00:00
902,361,3,2026-10-08 19:00:00
673,355,3,2026-10-08 20:00:00
439,154,5,2026-10-08 21:00:00
531,247,4,2026-10-08 22:00:00
127,76,3,2026-10-08 23:00:00
205,415,3,2026-10-09 00:00:00
29,244,1,2026-10-09 01:00:00
445,81,1,2026-10-09 02:00:00
966,229,5,2026-10-09 03:00:00
719,72,2,2026-10-09 04:00:00
464,403,4,2026-10-09 05:00:00
280,218,5,2026-10-09 06:00:00
151,452,3,2026-10-09 07:00:00
240,399,3,2026-10-09 08:00:00
266,243,5,2026-10-09 09:00:00
694,367,5,2026-10-09 10:00:00
105,314,5,2026-10-09 11:00:00
937,78,4,2026-10-09 12:00:00
433,158,5,2026-10-09 13:00:00
913,48,5,2026-10-09 14:00:00
497,312,4,2026-10-09 15:00:00
440,298,4,2026-10-09 16:00:00
748,24,2,2026-10-09 17:00:00
685,110,4,2026-10-09 18:00:00
158,52,3,2026-10-09 19:00:00
172,427,3,2026-10-09 20:00:00
494,290,2,2026-10-09 21:00:00
970,444,3,2026-10-09 22:00:00
311,467,4,2026-10-09 23:00:00
403,259,4,2026-10-10 00:00:00
669,324,3,2026-10-10 01:00:00
770,139,5,2026-10-10 02:00:00
676,397,4,2026-10-10 03:00:00
903,338,3,2026-10-10 05:00:00
666,275,5,2026-10-10 06:00:00
463,44,4,2026-10-10 07:00:00
367,417,5,2026-10-10 08:00:00
550,422,2,2026-10-10 09:00:00
643,259,3,2026-10-10 10:00:00
870,113,2,2026-10-10 11:00:00
255,227,3,2026-10-10 12:00:00
208,65,3,2026-10-10 13:00:00
450,163,5,2026-10-10 14:00:00
95,164,4,2026-10-10 15:00:00
860,166,3,2026-10-10 16:00:00
839,39,5,2026-10-10 17:00:00
478,153,1,2026-10-10 18:00:00
683,320,3,2026-10-10 19:00:00
762,360,4,2026-10-10 20:00:00
190,269,4,2026-10-10 21:00:00
711,324,4,2026-10-10 22:00:00
484,326,3,2026-10-10 23:00:00
733,75,3,2026-10-11 00:00:00
536,257,5,2026-10-11 01:00:00
756,200,5,2026-10-11 02:00:00
423,438,3,2026-10-11 03:00:00
836,98,4,2026-10-11 04:00:00
640,104,3,2026-10-11 05:00:00
605,372,3,2026-10-11 06:00:00
812,393,5,2026-10-11 07:00:00
133,164,4,2026-10-11 08:00:00
55,113,5,2026-10-11 09:00:00
989,103,4,2026-10-11 10:00:00
510,490,4,2026-10-11 11:00:00
670,37,1,2026-10-11 12:00:00
541,106,5,2026-10-11 13:00:00
410,187,5,2026-10-11 14:00:00
211,364,4,2026-10-11 15:00:00
666,21,2,2026-10-11 16:00:00
293,148,5,2026-10-11 17:00:00
987,486,3,2026-10-11 18:00:00
734,129,4,2026-10-11 19:00:00
115,483,1,2026-10-11 20:00:00
949,187,2,2026-10-11 21:00:00
670,284,3,2026-10-11 22:00:00
259,199,4,2026-10-11 23:00:00
763,235,4,2026-10-12 00:00:00
122,440,4,2026-10-12 01:00:00
299,108,4,2026-10-12 02:00:00
775,9,4,2026-10-12 03:00:00
381,449,5,2026-10-12 04:00:00
561,420,5,2026-10-12 05:00:00
889,226,3,2026-10-12 06:00:00
841,418,2,2026-10-12 07:00:00
501,209,4,2026-10-12 08:00:00
297,245,1,2026-10-12 09:00:00
362,288,5,2026-10-12 10:00:00
589,66,3,2026-10-12 11:00:00
463,356,4,2026-10-12 12:00:00
438,153,2,2026-10-12 13:00:00
127,491,4,2026-10-12 14:00:00
197,435,1,2026-10-12 15:00:00
221,191,5,2026-10-12 16:00:00
995,218,5,2026-10-12 17:00:00
91,429,3,2026-10-12 18:00:00
411,154,3,2026-10-12 19:00:00
8,277,4,2026-10-12 20:00:00
544,82,4,2026-10-12 21:00:00
468,221,2,2026-10-12 22:00:00
320,435,5,2026-10-12 23:00:00
394,280,2,2026-10-13 00:00:00
269,111,1,2026-10-13 01:00:00
191,92,4,2026-10-13 02:00:00
861,12,2,2026-10-13 03:00:00
675,139,4,2026-10-13 04:00:00
61,155,2,2026-10-13 05:00:00
438,23,5,2026-10-13 06:00:00
264,417,4,2026-10-13 07:00:00
797,464,4,2026-10-13 08:00:00
95,220,2,2026-10-13 09:00:00
553,348,2,2026-10-13 10:00:00
926,237,4,2026-10-13 11:00:00
470,253,3,2026-10-13 12:00:00
661,422,3,2026-10-13 13:00:00
716,183,4,2026-10-13 14:00:00
779,198,3,2026-10-13 15:00:00
514,170,5,2026-10-13 16:00:00
690,123,5,2026-10-13 17:00:00
937,413,4,2026-10-13 18:00:00
194,34,5,2026-10-13 19:00:00
482,381,5,2026-10-13 20:00:00
899,313,2,2026-10-13 21:00:00
336,3,2,2026-10-13 22:00:00
435,6,4,2026-10-13 23:00:00
196,304,4,2026-10-14 00:00:00
855,102,3,2026-10-14 01:00:00
249,192,3,2026-10-14 02:00:00
498,376,4,2026-10-14 03:00:00
212,13,4,2026-10-14 04:00:00
665,36,2,2026-10-14 05:00:00
670,463,5,2026-10-14 06:00:00
466,70,5,2026-10-14 07:00:00
874,289,5,2026-10-14 08:00:00
651,105,2,2026-10-14 09:00:00
221,204,2,2026-10-14 10:00:00
273,313,4,2026-10-14 11:00:00
154,55,5,2026-10-14 12:00:00
249,107,5,2026-10-14 13:00:00
279,141,4,2026-10-14 14:00:00
440,225,2,2026-10-14 15:00:00
948,307,5,2026-10-14 16:00:00
816,348,5,2026-10-14 17:00:00
276,309,5,2026-10-14 18:00:00
514,36,4,2026-10-14 19:00:00
88,133,4,2026-10-14 20:00:00
799,375,4,2026-10-14 21:00:00
642,337,4,2026-10-14 23:00:00
505,37,3,2026-10-15 00:00:00
590,19,4,2026-10-15 01:00:00
653,418,4,2026-10-15 04:00:00
740,310,5,2026-10-15 05:00:00
675,430,4,2026-10-15 06:00:00
236,6,1,2026-10-15 07:00:00
128,467,5,2026-10-15 08:00:00
503,385,4,2026-10-15 09:00:00
200,199,5,2026-10-15 10:00:00
962,34,5,2026-10-15 11:00:00
902,56,4,2026-10-15 12:00:00
543,256,5,2026-10-15 13:00:00
502,211,3,2026-10-15 14:00:00
650,97,4,2026-10-15 15:00:00
492,282,1,2026-10-15 16:00:00
21,489,2,2026-10-15 17:00:00
234,241,5,2026-10-15 18:00:00
714,170,5,2026-10-15 19:00:00
791,347,4,2026-10-15 20:00:00
643,294,3,2026-10-15 21:00:00
416,410,4,2026-10-15 22:00:00
148,227,5,2026-10-15 23:00:00
970,315,3,2026-10-16 00:00:00
29,127,3,2026-10-16 01:00:00
361,468,5,2026-10-16 02:00:00
308,280,5,2026-10-16 03:00:00
883,367,2,2026-10-16 04:00:00
942,21,5,2026-10-16 05:00:00
162,316,4,2026-10-16 06:00:00
869,246,3,2026-10-16 07:00:00
852,90,5,2026-10-16 08:00:00
61,404,5,2026-10-16 09:00:00
125,6,2,2026-10-16 10:00:00
456,451,4,2026-10-16 11:00:00
71,266,5,2026-10-16 12:00:00
838,396,2,2026-10-16 13:00:00
907,97,4,2026-10-16 14:00:00
876,150,2,2026-10-16 15:00:00
466,446,3,2026-10-16 16:00:00
243,445,3,2026-10-16 17:00:00
490,80,4,2026-10-16 18:00:00
761,17,2,2026-10-16 19:00:00
221,138,3,2026-10-16 20:00:00
473,140,3,2026-10-16 21:00:00
959,339,5,2026-10-16 22:00:00
533,40,4,2026-10-16 23:00:00
494,407,2,2026-10-17 00:00:00
899,168,5,2026-10-17 01:00:00
82,74,5,2026-10-17 02:00:00
856,74,4,2026-10-17 03:00:00
879,50,4,2026-10-17 04:00:00
998,10,2,2026-10-17 05:00:00
522,103,5,2026-10-17 06:00:00
923,350,1,2026-10-17 07:00:00
12,388,4,2026-10-17 08:00:00
263,385,4,2026-10-17 09:00:00
657,299,5,2026-10-17 10:00:00
449,339,3,2026-10-17 11:00:00
192,389,4,2026-10-17 12:00:00
762,478,5,2026-10-17 13:00:00
114,474,1,2026-10-17 14:00:00
26,104,1,2026-10-17 15:00:00
783,290,3,2026-10-17 16:00:00
499,450,2,2026-10-17 17:00:00
508,280,1,2026-10-17 18:00:00
545,142,4,2026-10-17 19:00:00
62,297,5,2026-10-17 20:00:00
229,170,5,2026-10-17 21:00:00
815,13,4,2026-10-17 22:00:00
607,157,3,2026-10-17 23:00:00
35,449,5,2026-10-18 00:00:00
705,174,5,2026-10-18 01:00:00
456,162,4,2026-10-18 02:00:00
588,447,3,2026-10-18 03:00:00
891,132,5,2026-10-18 04:00:00
502,28,2,2026-10-18 05:00:00
761,83,1,2026-10-18 06:00:00
595,385,5,2026-10-18 07:00:00
25,420,4,2026-10-18 08:00:00
569,363,3,2026-10-18 09:00:00
32,269,4,2026-10-18 10:00:00
831,251,5,2026-10-18 11:00:00
12,370,5,2026-10-18 12:00:00
319,106,3,2026-10-18 13:00:00
845,261,1,2026-10-18 14:00:00
604,353,4,2026-10-18 15:00:00
1,14,5,2026-10-18 16:00:00
435,80,3,2026-10-18 17:00:00
838,376,4,2026-10-18 18:00:00
136,160,3,2026-10-18 19:00:00
196,178,1,2026-10-18 20:00:00
133,155,5,2026-10-18 21:00:00
985,35,2,2026-10-18 22:00:00
86,259,5,2026-10-18 23:00:00
476,260,3,2026-10-19 00:00:00
807,135,3,2026-10-19 01:00:00
791,461,5,2026-10-19 02:00:00
324,489,4,2026-10-19 03:00:00
180,131,4,2026-10-19 04:00:00
516,81,5,2026-10-19 05:00:00
638,367,3,2026-10-19 06:00:00
175,59,4,2026-10-19 07:00:00
763,74,3,2026-10-19 08:00:00
21,239,5,2026-10-19 09:00:00
997,129,4,2026-10-19 10:00:00
952,412,3,2026-10-19 11:00:00
105,315,5,2026-10-19 12:00:00
578,374,4,2026-10-19 13:00:00
443,437,4,2026-10-19 14:00:00
775,138,1,2026-10-19 15:00:00
49,455,5,2026-10-19 16:00:00
528,103,5,2026-10-19 17:00:00
145,387,4,2026-10-19 18:00:00
340,391,4,2026-10-19 19:00:00
762,9,3,2026-10-19 20:00:00
855,232,3,2026-10-19 21:00:00
354,99,4,2026-10-19 22:00:00
75,218,2,2026-10-19 23:00:00
802,453,5,2026-10-20 00:00:00
929,397,2,2026-10-20 01:00:00
578,222,3,2026-10-20 03:00:00
637,168,3,2026-10-20 04:00:00
319,370,4,2026-10-20 05:00:00
87,62,5,2026-10-20 06:00:00
553,318,5,2026-10-20 07:00:00
982,487,3,2026-10-20 08:00:00
698,10,3,2026-10-20 09:00:00
866,234,5,2026-10-20 10:00:00
892,87,5,2026-10-20 11:00:00
847,267,5,2026-10-20 12:00:00
778,204,3,2026-10-20 13:00:00
783,318,5,2026-10-20 14:00:00
42,333,3,2026-10-20 15:00:00
93,360,4,2026-10-20 16:00:00
697,241,3,2026-10-20 17:00:00
727,56,2,2026-10-20 18:00:00
507,110,4,2026-10-20 19:00:00
956,243,4,2026-10-20 21:00:00
265,16,5,2026-10-20 22:00:00
626,73,5,2026-10-20 23:00:00
292,372,1,2026-10-21 00:00:00
969,202,3,2026-10-21 01:00:00
464,93,4,2026-10-21 02:00:00
804,137,2,2026-10-21 03:00:00
560,33,2,2026-10-21 04:00:00
819,88,4,2026-10-21 05:00:00
97,419,4,2026-10-21 06:00:00
887,203,5,2026-10-21 07:00:00
95,39,5,2026-10-21 08:00:00
326,114,5,2026-10-21 09:00:00
74,333,3,2026-10-21 10:00:00
336,247,5,2026-10-21 11:00:00
68,343,4,2026-10-21 12:00:00
758,409,4,2026-10-21 13:00:00
918,370,5,2026-10-21 14:00:00
77,208,5,2026-10-21 15:00:00
208,312,4,2026-10-21 16:00:00
884,432,1,2026-10-21 17:00:00
766,469,5,2026-10-21 18:00:00
221,394,5,2026-10-21 19:00:00
262,297,3,2026-10-21 20:00:00
410,360,3,2026-10-21 21:00:00
331,211,1,2026-10-21 22:00:00
344,355,1,2026-10-21 23:00:00
989,59,4,2026-10-22 00:00:00
771,156,2,2026-10-22 01:00:00
820,122,5,2026-10-22 02:00:00
74,120,5,2026-10-22 03:00:00
637,297,3,2026-10-22 04:00:00
700,322,3,2026-10-22 05:00:00
254,435,3,2026-10-22 06:00:00
959,62,2,2026-10-22 07:00:00
833,158,1,2026-10-22 08:00:00
820,40,4,2026-10-22 09:00:00
747,242,5,2026-10-22 10:00:00
986,40,5,2026-10-22 11:00:00
762,453,5,2026-10-22 12:00:00
332,358,4,2026-10-22 13:00:00
398,190,5,2026-10-22 14:00:00
345,234,4,2026-10-22 15:00:00
584,15,2,2026-10-22 16:00:00
747,124,4,2026-10-22 17:00:00
836,228,5,2026-10-22 18:00:00
668,387,1,2026-10-22 19:00:00
455,280,3,2026-10-22 20:00:00
906,425,3,2026-10-22 21:00:00
115,447,2,2026-10-22 22:00:00
313,48,3,2026-10-22 23:00:00
228,189,3,2026-10-23 00:00:00
834,304,5,2026-10-23 01:00:00
858,47,5,2026-10-23 02:00:00
245,184,5,2026-10-23 03:00:00
818,105,2,2026-10-23 04:00:00
526,369,1,2026-10-23 05:00:00
528,460,2,2026-10-23 06:00:00
950,247,5,2026-10-23 07:00:00
427,264,2,2026-10-23 08:00:00
42,206,4,2026-10-23 09:00:00
622,364,1,2026-10-23 11:00:00
278,251,2,2026-10-23 12:00:00
836,238,5,2026-10-23 13:00:00
19,340,2,2026-10-23 14:00:00
66,407,3,2026-10-23 15:00:00
167,453,3,2026-10-23 16:00:00
585,321,4,2026-10-23 17:00:00
403,365,4,2026-10-23 18:00:00
912,302,5,2026-10-23 19:00:00
822,66,4,2026-10-23 20:00:00
409,336,2,2026-10-23 21:00:00
112,453,4,2026-10-23 22:00:00
407,193,5,2026-10-24 00:00:00
373,396,5,2026-10-24 01:00:00
597,147,5,2026-10-24 02:00:00
651,406,3,2026-10-24 03:00:00
39,183,3,2026-10-24 04:00:00
105,106,5,2026-10-24 05:00:00
324,236,3,2026-10-24 06:00:00
793,126,5,2026-10-24 07:00:00
959,446,5,2026-10-24 08:00:00
992,179,4,2026-10-24 09:00:00
414,432,4,2026-10-24 10:00:00
429,401,4,2026-10-24 11:00:00
635,13,2,2026-10-24 12:00:00
730,231,4,2026-10-24 13:00:00
889,28,3,2026-10-24 14:00:00
61,379,2,2026-10-24 15:00:00
612,323,4,2026-10-24 16:00:00
307,261,4,2026-10-24 17:00:00
354,100,5,2026-10-24 18:00:00
393,188,5,2026-10-24 19:00:00
204,399,3,2026-10-24 20:00:00
258,337,5,2026-10-24 21:00:00
486,300,3,2026-10-24 22:00:00
517,119,4,2026-10-24 23:00:00
446,46,5,2026-10-25 00:00:00
709,413,3,2026-10-25 01:00:00
180,68,4,2026-10-25 02:00:00
342,384,4,2026-10-25 03:00:00
133,480,5,2026-10-25 04:00:00
443,305,4,2026-10-25 05:00:00
836,171,5,2026-10-25 06:00:00
253,358,3,2026-10-25 07:00:00
265,196,5,2026-10-25 08:00:00
93,333,4,2026-10-25 09:00:00
411,111,3,2026-10-25 11:00:00
138,146,3,2026-10-25 12:00:00
208,192,1,2026-10-25 13:00:00
637,433,2,2026-10-25 14:00:00
746,371,1,2026-10-25 15:00:00
573,426,5,2026-10-25 16:00:00
307,229,5,2026-10-25 17:00:00
266,12,5,2026-10-25 18:00:00
646,217,5,2026-10-25 19:00:00
318,478,3,2026-10-25 20:00:00
113,79,4,2026-10-25 21:00:00
901,375,5,2026-10-25 22:00:00
378,36,5,2026-10-25 23:00:00
454,264,1,2026-10-26 00:00:00
191,28,4,2026-10-26 01:00:00
891,372,1,2026-10-26 02:00:00
440,86,3,2026-10-26 03:00:00
187,188,4,2026-10-26 04:00:00
831,305,5,2026-10-26 05:00:00
367,254,4,2026-10-26 06:00:00
89,422,3,2026-10-26 07:00:00
187,80,4,2026-10-26 08:00:00
819,186,5,2026-10-26 09:00:00
946,5,3,2026-10-26 10:00:00
132,46,4,2026-10-26 11:00:00
872,354,3,2026-10-26 12:00:00
635,497,4,2026-10-26 13:00:00
560,102,1,2026-10-26 14:00:00
800,459,5,2026-10-26 15:00:00
376,2,1,2026-10-26 16:00:00
691,217,3,2026-10-26 17:00:00
692,25,3,2026-10-26 18:00:00
99,257,4,2026-10-26 19:00:00
842,223,5,2026-10-26 20:00:00
34,453,2,2026-10-26 21:00:00
932,424,1,2026-10-26 22:00:00
582,324,5,2026-10-26 23:00:00
171,499,5,2026-10-27 00:00:00
366,69,5,2026-10-27 01:00:00
784,197,4,2026-10-27 02:00:00
59,272,5,2026-10-27 03:00:00
181,182,3,2026-10-27 04:00:00
19,447,4,2026-10-27 05:00:00
226,18,5,2026-10-27 06:00:00
473,107,2,2026-10-27 07:00:00
95,17,4,2026-10-27 08:00:00
881,125,5,2026-10-27 09:00:00
297,483,4,2026-10-27 10:00:00
593,82,4,2026-10-27 11:00:00
175,4,3,2026-10-27 12:00:00
222,115,1,2026-10-27 13:00:00
615,351,1,2026-10-27 14:00:00
695,137,5,2026-10-27 16:00:00
863,287,3,2026-10-27 17:00:00
403,389,2,2026-10-27 18:00:00
318,228,1,2026-10-27 19:00:00
867,16,3,2026-10-27 20:00:00
349,298,3,2026-10-27 21:00:00
443,425,3,2026-10-27 22:00:00
833,464,5,2026-10-27 23:00:00
580,212,5,2026-10-28 00:00:00
540,246,2,2026-10-28 01:00:00
786,286,4,2026-10-28 02:00:00
282,282,4,2026-10-28 03:00:00
360,177,2,2026-10-28 04:00:00
915,31,5,2026-10-28 05:00:00
823,50,2,2026-10-28 06:00:00
631,143,2,2026-10-28 07:00:00
892,52,2,2026-10-28 08:00:00
953,233,5,2026-10-28 09:00:00
646,166,4,2026-10-28 10:00:00
641,38,4,2026-10-28 11:00:00
8,491,5,2026-10-28 12:00:00
993,444,3,2026-10-28 13:00:00
563,20,5,2026-10-28 14:00:00
491,99,4,2026-10-28 15:00:00
341,215,4,2026-10-28 16:00:00
472,44,5,2026-10-28 17:00:00
793,111,4,2026-10-28 18:00:00
687,487,5,2026-10-28 19:00:00
695,89,5,2026-10-28 20:00:00
249,118,3,2026-10-28 22:00:00
235,434,1,2026-10-28 23:00:00
83,406,3,2026-10-29 00:00:00
93,239,3,2026-10-29 01:00:00
885,72,1,2026-10-29 02:00:00
394,310,3,2026-10-29 03:00:00
824,393,5,2026-10-29 04:00:00
268,399,5,2026-10-29 05:00:00
417,304,1,2026-10-29 06:00:00
632,404,1,2026-10-29 07:00:00
583,163,2,2026-10-29 08:00:00
529,251,5,2026-10-29 09:00:00
253,357,4,2026-10-29 10:00:00
957,195,5,2026-10-29 11:00:00
122,60,5,2026-10-29 12:00:00
892,98,5,2026-10-29 13:00:00
10,418,2,2026-10-29 14:00:00
799,356,4,2026-10-29 15:00:00
316,355,5,2026-10-29 16:00:00
838,73,2,2026-10-29 17:00:00
306,119,3,2026-10-29 19:00:00
805,182,3,2026-10-29 20:00:00
210,384,5,2026-10-29 21:00:00
958,218,4,2026-10-29 22:00:00
730,256,5,2026-10-29 23:00:00
753,396,4,2026-10-30 00:00:00
886,88,4,2026-10-30 01:00:00
464,361,5,2026-10-30 02:00:00
712,275,5,2026-10-30 03:00:00
728,492,5,2026-10-30 04:00:00
717,336,5,2026-10-30 05:00:00
925,26,4,2026-10-30 06:00:00
416,407,2,2026-10-30 07:00:00
216,121,1,2026-10-30 08:00:00
80,289,3,2026-10-30 09:00:00
779,362,3,2026-10-30 10:00:00
480,441,2,2026-10-30 11:00:00
902,30,3,2026-10-30 12:00:00
891,407,2,2026-10-30 13:00:00
547,202,4,2026-10-30 14:00:00
801,382,2,2026-10-30 15:00:00
18,36,5,2026-10-30 16:00:00
165,125,3,2026-10-30 17:00:00
525,223,4,2026-10-30 18:00:00
202,235,5,2026-10-30 19:00:00
741,124,2,2026-10-30 20:00:00
346,470,5,2026-10-30 21:00:00
366,171,4,2026-10-30 22:00:00
977,491,1,2026-10-30 23:00:00
448,486,3,2026-10-31 00:00:00
513,495,5,2026-10-31 01:00:00
319,450,4,2026-10-31 02:00:00
217,181,3,2026-10-31 03:00:00
34,215,5,2026-10-31 04:00:00
871,118,5,2026-10-31 05:00:00
266,227,5,2026-10-31 06:00:00
724,444,5,2026-10-31 08:00:00
775,37,3,2026-10-31 09:00:00
824,317,4,2026-10-31 10:00:00
80,96,5,2026-10-31 11:00:00
677,120,2,2026-10-31 12:00:00
413,491,2,2026-10-31 13:00:00
252,437,2,2026-10-31 14:00:00
401,122,2,2026-10-31 16:00:00
816,35,5,2026-10-31 17:00:00
724,489,5,2026-10-31 18:00:00
282,251,2,2026-10-31 19:00:00
112,67,5,2026-10-31 20:00:00
723,482,4,2026-10-31 21:00:00
378,38,3,2026-10-31 22:00:00
751,280,3,2026-10-31 23:00:00
268,230,3,2026-11-01 00:00:00
917,337,5,2026-11-01 01:00:00
298,168,3,2026-11-01 02:00:00
317,449,3,2026-11-01 03:00:00
570,441,1,2026-11-01 04:00:00
509,328,5,2026-11-01 05:00:00
950,246,5,2026-11-01 06:00:00
546,79,4,2026-11-01 07:00:00
775,114,5,2026-11-01 08:00:00
365,301,3,2026-11-01 09:00:00
547,217,4,2026-11-01 10:00:00
271,200,3,2026-11-01 11:00:00
961,381,3,2026-11-01 12:00:00
474,500,5,2026-11-01 13:00:00
739,352,5,2026-11-01 14:00:00
537,242,3,2026-11-01 15:00:00
234,13,2,2026-11-01 16:00:00
59,366,3,2026-11-01 17:00:00
251,207,5,2026-11-01 18:00:00
847,262,2,2026-11-01 19:00:00
86,97,4,2026-11-01 20:00:00
763,71,5,2026-11-01 21:00:00
390,481,2,2026-11-01 22:00:00
180,303,5,2026-11-01 23:00:00
719,349,1,2026-11-02 00:00:00
856,230,4,2026-11-02 01:00:00
149,357,5,2026-11-02 02:00:00
583,300,4,2026-11-02 03:00:00
121,32,3,2026-11-02 04:00:00
765,250,5,2026-11-02 05:00:00
605,254,1,2026-11-02 06:00:00
256,259,4,2026-11-02 07:00:00
766,182,3,2026-11-02 08:00:00
864,340,4,2026-11-02 09:00:00
800,462,4,2026-11-02 10:00:00
309,476,4,2026-11-02 11:00:00
59,166,3,2026-11-02 12:00:00
69,4,4,2026-11-02 13:00:00
446,463,1,2026-11-02 14:00:00
388,145,1,2026-11-02 15:00:00
86,165,4,2026-11-02 16:00:00
786,344,4,2026-11-02 17:00:00
227,486,3,2026-11-02 18:00:00
593,362,4,2026-11-02 19:00:00
626,105,4,2026-11-02 20:00:00
184,36,3,2026-11-02 21:00:00
792,314,4,2026-11-02 22:00:00
322,169,5,2026-11-02 23:00:00
909,8,4,2026-11-03 00:00:00
318,451,5,2026-11-03 01:00:00
566,414,3,2026-11-03 02:00:00
399,86,5,2026-11-03 03:00:00
709,436,4,2026-11-03 04:00:00
293,409,5,2026-11-03 06:00:00
293,436,3,2026-11-03 07:00:00
899,30,2,2026-11-03 09:00:00
447,101,5,2026-11-03 10:00:00
803,67,5,2026-11-03 11:00:00
692,388,4,2026-11-03 12:00:00
983,349,3,2026-11-03 13:00:00
892,441,4,2026-11-03 14:00:00
412,63,1,2026-11-03 15:00:00
508,32,3,2026-11-03 16:00:00
734,87,3,2026-11-03 17:00:00
786,211,4,2026-11-03 18:00:00
890,463,4,2026-11-03 19:00:00
244,51,3,2026-11-03 20:00:00
420,63,4,2026-11-03 21:00:00
929,80,5,2026-11-03 22:00:00
960,343,1,2026-11-03 23:00:00
154,232,4,2026-11-04 00:00:00
816,366,4,2026-11-04 01:00:00
424,101,5,2026-11-04 02:00:00
273,129,4,2026-11-04 03:00:00
936,19,4,2026-11-04 04:00:00
647,357,5,2026-11-04 05:00:00
825,419,3,2026-11-04 06:00:00
520,447,4,2026-11-04 07:00:00
128,94,4,2026-11-04 08:00:00
373,81,4,2026-11-04 09:00:00
568,103,1,2026-11-04 10:00:00
638,369,3,2026-11-04 11:00:00
159,154,3,2026-11-04 12:00:00
571,269,5,2026-11-04 13:00:00
570,118,5,2026-11-04 14:00:00
652,342,3,2026-11-04 15:00:00
176,494,1,2026-11-04 16:00:00
927,279,5,2026-11-04 17:00:00
620,492,4,2026-11-04 18:00:00
211,363,5,2026-11-04 19:00:00
447,225,2,2026-11-04 20:00:00
586,475,5,2026-11-04 21:00:00
167,419,5,2026-11-04 22:00:00
460,268,2,2026-11-04 23:00:00
916,137,2,2026-11-05 00:00:00
357,226,3,2026-11-05 01:00:00
304,334,3,2026-11-05 02:00:00
233,229,5,2026-11-05 03:00:00
327,323,3,2026-11-05 04:00:00
884,108,5,2026-11-05 05:00:00
182,300,5,2026-11-05 06:00:00
634,445,3,2026-11-05 07:00:00
334,405,4,2026-11-05 08:00:00
715,7,2,2026-11-05 09:00:00
967,128,3,2026-11-05 10:00:00
29,353,5,2026-11-05 11:00:00
714,483,2,2026-11-05 12:00:00
93,267,3,2026-11-05 13:00:00
841,173,5,2026-11-05 14:00:00
868,416,4,2026-11-05 15:00:00
688,214,4,2026-11-05 16:00:00
330,247,5,2026-11-05 17:00:00
723,106,1,2026-11-05 18:00:00
184,83,5,2026-11-05 19:00:00
95,292,5,2026-11-05 20:00:00
785,374,1,2026-11-05 21:00:00
649,421,4,2026-11-05 22:00:00
749,203,3,2026-11-05 23:00:00
353,41,1,2026-11-06 00:00:00
930,205,4,2026-11-06 01:00:00
941,348,4,2026-11-06 02:00:00
984,49,5,2026-11-06 03:00:00
265,143,4,2026-11-06 04:00:00
647,141,5,2026-11-06 05:00:00
656,53,2,2026-11-06 06:00:00
19,107,3,2026-11-06 07:00:00
743,33,5,2026-11-06 08:00:00
646,200,5,2026-11-06 09:00:00
626,119,3,2026-11-06 10:00:00
499,288,4,2026-11-06 11:00:00
139,229,3,2026-11-06 12:00:00
637,118,4,2026-11-06 13:00:00
716,176,5,2026-11-06 14:00:00
573,452,5,2026-11-06 15:00:00
762,185,3,2026-11-06 16:00:00
810,318,3,2026-11-06 17:00:00
525,499,3,2026-11-06 18:00:00
908,338,5,2026-11-06 19:00:00
255,215,4,2026-11-06 20:00:00
85,221,5,2026-11-06 21:00:00
458,130,5,2026-11-06 22:00:00
532,333,3,2026-11-06 23:00:00
562,272,5,2026-11-07 00:00:00
92,123,3,2026-11-07 02:00:00
600,8,3,2026-11-07 03:00:00
69,403,5,2026-11-07 04:00:00
37,416,4,2026-11-07 05:00:00
765,67,5,2026-11-07 06:00:00
764,115,4,2026-11-07 07:00:00
140,369,3,2026-11-07 08:00:00
867,288,5,2026-11-07 09:00:00
893,105,5,2026-11-07 10:00:00
680,469,1,2026-11-07 11:00:00
566,25,3,2026-11-07 12:00:00
898,53,4,2026-11-07 13:00:00
178,247,3,2026-11-07 14:00:00
809,337,5,2026-11-07 15:00:00
813,281,2,2026-11-07 16:00:00
871,33,5,2026-11-07 17:00:00
618,287,4,2026-11-07 18:00:00
137,36,3,2026-11-07 19:00:00
190,343,3,2026-11-07 20:00:00
640,379,2,2026-11-07 21:00:00
342,239,3,2026-11-07 22:00:00
559,492,5,2026-11-07 23:00:00
5,217,3,2026-11-08 00:00:00
972,177,4,2026-11-08 01:00:00
257,44,4,2026-11-08 02:00:00
812,304,2,2026-11-08 03:00:00
662,158,4,2026-11-08 04:00:00
806,269,5,2026-11-08 05:00:00
243,171,3,2026-11-08 06:00:00
787,495,4,2026-11-08 07:00:00
720,221,2,2026-11-08 08:00:00
415,400,2,2026-11-08 09:00:00
627,230,3,2026-11-08 10:00:00
707,91,3,2026-11-08 11:00:00
343,410,5,2026-11-08 12:00:00
682,459,4,2026-11-08 13:00:00
379,431,2,2026-11-08 14:00:00
594,421,4,2026-11-08 15:00:00
666,131,4,2026-11-08 16:00:00
653,410,3,2026-11-08 17:00:00
826,226,5,2026-11-08 18:00:00
146,225,2,2026-11-08 19:00:00
323,143,5,2026-11-08 20:00:00
122,66,3,2026-11-08 21:00:00
252,28,4,2026-11-08 22:00:00
855,125,5,2026-11-08 23:00:00
899,212,5,2026-11-09 00:00:00
311,422,1,2026-11-09 01:00:00
601,428,4,2026-11-09 02:00:00
475,437,3,2026-11-09 03:00:00
570,80,4,2026-11-09 04:00:00
492,238,5,2026-11-09 05:00:00
575,132,4,2026-11-09 06:00:00
347,328,1,2026-11-09 07:00:00
820,300,4,2026-11-09 08:00:00
487,119,1,2026-11-09 09:00:00
473,46,3,2026-11-09 10:00:00
382,84,4,2026-11-09 11:00:00
280,282,4,2026-11-09 12:00:00
72,352,4,2026-11-09 13:00:00
521,13,2,2026-11-09 14:00:00
933,325,4,2026-11-09 16:00:00
94,172,3,2026-11-09 17:00:00
373,234,5,2026-11-09 18:00:00
339,181,5,2026-11-09 19:00:00
437,51,2,2026-11-09 20:00:00
336,269,4,2026-11-09 21:00:00
664,169,4,2026-11-09 22:00:00
492,395,2,2026-11-09 23:00:00
917,421,3,2026-11-10 00:00:00
868,316,4,2026-11-10 01:00:00
40,288,3,2026-11-10 02:00:00
359,429,5,2026-11-10 03:00:00
574,490,2,2026-11-10 04:00:00
254,274,5,2026-11-10 05:00:00
966,349,5,2026-11-10 06:00:00
581,207,5,2026-11-10 07:00:00
398,148,3,2026-11-10 08:00:00
757,300,5,2026-11-10 09:00:00
877,420,4,2026-11-10 10:00:00
170,453,4,2026-11-10 11:00:00
690,488,3,2026-11-10 12:00:00
701,37,5,2026-11-10 13:00:00
511,161,1,2026-11-10 14:00:00
260,466,4,2026-11-10 15:00:00
584,383,5,2026-11-10 16:00:00
984,275,4,2026-11-10 17:00:00
459,435,2,2026-11-10 18:00:00
529,288,3,2026-11-10 19:00:00
882,106,4,2026-11-10 20:00:00
341,22,3,2026-11-10 21:00:00
57,233,1,2026-11-10 22:00:00
218,122,1,2026-11-10 23:00:00
619,129,5,2026-11-11 00:00:00
816,310,2,2026-11-11 01:00:00
940,217,5,2026-11-11 02:00:00
685,148,4,2026-11-11 03:00:00
731,58,5,2026-11-11 04:00:00
464,419,2,2026-11-11 05:00:00
247,237,5,2026-11-11 06:00:00
730,70,1,2026-11-11 07:00:00
373,454,1,2026-11-11 08:00:00
417,189,1,2026-11-11 09:00:00
31,242,2,2026-11-11 10:00:00
368,63,4,2026-11-11 11:00:00
559,485,5,2026-11-11 12:00:00
646,241,3,2026-11-11 13:00:00
108,445,5,2026-11-11 14:00:00
584,185,5,2026-11-11 15:00:00
839,259,5,2026-11-11 16:00:00
418,229,2,2026-11-11 17:00:00
620,223,2,2026-11-11 18:00:00
821,99,2,2026-11-11 19:00:00
398,247,3,2026-11-11 20:00:00
272,45,4,2026-11-11 21:00:00
683,399,4,2026-11-11 22:00:00
116,273,3,2026-11-11 23:00:00
841,399,4,2026-11-12 00:00:00
586,5,3,2026-11-12 01:00:00
256,470,3,2026-11-12 02:00:00
81,430,2,2026-11-12 03:00:00
780,11,4,2026-11-12 04:00:00
128,448,4,2026-11-12 05:00:00
838,348,5,2026-11-12 06:00:00
915,398,5,2026-11-12 07:00:00
235,39,5,2026-11-12 08:00:00
553,451,3,2026-11-12 09:00:00
181,439,3,2026-11-12 10:00:00
157,500,5,2026-11-12 11:00:00
454,42,5,2026-11-12 12:00:00
571,203,5,2026-11-12 13:00:00
857,94,5,2026-11-12 14:00:00
761,486,3,2026-11-12 15:00:00
704,5,5,2026-11-12 16:00:00
24,52,2,2026-11-12 17:00:00
473,150,3,2026-11-12 18:00:00
400,205,3,2026-11-12 19:00:00
948,300,4,2026-11-12 20:00:00
592,499,4,2026-11-12 21:00:00
134,371,4,2026-11-12 22:00:00
421,469,4,2026-11-12 23:00:00
213,187,4,2026-11-13 00:00:00
900,485,3,2026-11-13 01:00:00
482,153,4,2026-11-13 02:00:00
348,383,5,2026-11-13 03:00:00
166,116,4,2026-11-13 04:00:00
937,149,4,2026-11-13 05:00:00
348,220,4,2026-11-13 06:00:00
849,192,1,2026-11-13 07:00:00
398,233,4,2026-11-13 08:00:00
583,324,1,2026-11-13 09:00:00
726,221,4,2026-11-13 10:00:00
435,47,4,2026-11-13 11:00:00
221,291,4,2026-11-13 13:00:00
308,215,5,2026-11-13 14:00:00
697,116,5,2026-11-13 17:00:00
719,52,5,2026-11-13 18:00:00
466,366,5,2026-11-13 19:00:00
99,46,4,2026-11-13 20:00:00
242,393,4,2026-11-13 21:00:00
158,442,5,2026-11-13 22:00:00
610,23,3,2026-11-13 23:00:00
554,131,2,2026-11-14 00:00:00
651,127,2,2026-11-14 01:00:00
795,445,5,2026-11-14 02:00:00
920,265,3,2026-11-14 03:00:00
227,309,2,2026-11-14 04:00:00
423,196,5,2026-11-14 05:00:00
72,433,4,2026-11-14 06:00:00
243,473,4,2026-11-14 07:00:00
530,454,2,2026-11-14 08:00:00
589,48,2,2026-11-14 09:00:00
45,379,2,2026-11-14 10:00:00
472,82,4,2026-11-14 11:00:00
371,109,5,2026-11-14 12:00:00
855,263,5,2026-11-14 13:00:00
652,355,3,2026-11-14 14:00:00
689,31,5,2026-11-14 15:00:00
734,358,2,2026-11-14 16:00:00
927,56,2,2026-11-14 17:00:00
92,480,5,2026-11-14 18:00:00
22,355,3,2026-11-14 19:00:00
172,189,5,2026-11-14 20:00:00
604,476,1,2026-11-14 21:00:00
192,492,2,2026-11-14 22:00:00
77,5,4,2026-11-14 23:00:00
281,286,2,2026-11-15 00:00:00
364,278,1,2026-11-15 01:00:00
179,145,4,2026-11-15 02:00:00
238,394,3,2026-11-15 03:00:00
135,455,5,2026-11-15 04:00:00
877,196,5,2026-11-15 05:00:00
902,426,4,2026-11-15 06:00:00
280,27,3,2026-11-15 07:00:00
19,127,4,2026-11-15 08:00:00
595,135,5,2026-11-15 09:00:00
740,23,1,2026-11-15 10:00:00
371,331,3,2026-11-15 11:00:00
777,117,5,2026-11-15 12:00:00
112,392,4,2026-11-15 13:00:00
763,8,4,2026-11-15 14:00:00
676,101,2,2026-11-15 15:00:00
870,261,5,2026-11-15 16:00:00
680,199,2,2026-11-15 17:00:00
221,86,5,2026-11-15 18:00:00
920,228,2,2026-11-15 19:00:00
304,386,5,2026-11-15 20:00:00
703,472,3,2026-11-15 21:00:00
325,179,4,2026-11-15 22:00:00
437,450,5,2026-11-15 23:00:00
438,240,1,2026-11-16 00:00:00
170,12,3,2026-11-16 01:00:00
375,303,5,2026-11-16 02:00:00
557,234,3,2026-11-16 03:00:00
381,183,5,2026-11-16 04:00:00
986,282,2,2026-11-16 05:00:00
14,358,4,2026-11-16 06:00:00
743,376,1,2026-11-16 07:00:00
669,429,5,2026-11-16 08:00:00
500,190,3,2026-11-16 09:00:00
646,326,4,2026-11-16 10:00:00
391,215,2,2026-11-16 11:00:00
549,258,4,2026-11-16 12:00:00
565,26,3,2026-11-16 13:00:00
530,270,3,2026-11-16 14:00:00
983,82,4,2026-11-16 15:00:00
550,185,5,2026-11-16 17:00:00
699,288,5,2026-11-16 18:00:00
385,62,4,2026-11-16 19:00:00
196,371,2,2026-11-16 20:00:00
755,462,4,2026-11-16 21:00:00
300,30,1,2026-11-16 22:00:00
815,397,5,2026-11-16 23:00:00
547,424,3,2026-11-17 00:00:00
727,31,2,2026-11-17 01:00:00
731,293,2,2026-11-17 02:00:00
828,173,5,2026-11-17 03:00:00
602,102,5,2026-11-17 04:00:00
308,128,3,2026-11-17 05:00:00
252,86,5,2026-11-17 06:00:00
8,315,2,2026-11-17 07:00:00
768,28,5,2026-11-17 08:00:00
875,122,4,2026-11-17 09:00:00
208,251,5,2026-11-17 10:00:00
937,61,3,2026-11-17 11:00:00
131,403,4,2026-11-17 12:00:00
736,171,4,2026-11-17 13:00:00
709,443,3,2026-11-17 14:00:00
980,272,1,2026-11-17 15:00:00
654,325,5,2026-11-17 16:00:00
764,300,4,2026-11-17 17:00:00
608,113,4,2026-11-17 18:00:00
26,194,3,2026-11-17 19:00:00
623,394,3,2026-11-17 20:00:00
454,431,5,2026-11-17 21:00:00
635,19,5,2026-11-17 22:00:00
186,340,5,2026-11-17 23:00:00
484,93,5,2026-11-18 00:00:00
680,217,5,2026-11-18 01:00:00
51,465,3,2026-11-18 02:00:00
891,179,2,2026-11-18 03:00:00
5,499,5,2026-11-18 04:00:00
589,397,2,2026-11-18 05:00:00
160,191,5,2026-11-18 06:00:00
208,493,5,2026-11-18 07:00:00
257,400,4,2026-11-18 08:00:00
205,437,3,2026-11-18 09:00:00
767,163,4,2026-11-18 10:00:00
950,100,5,2026-11-18 11:00:00
11,187,5,2026-11-18 12:00:00
949,295,1,2026-11-18 13:00:00
8,67,5,2026-11-18 14:00:00
409,73,4,2026-11-18 15:00:00
936,232,1,2026-11-18 16:00:00
32,189,3,2026-11-18 17:00:00
984,50,4,2026-11-18 18:00:00
540,309,2,2026-11-18 19:00:00
718,302,2,2026-11-18 20:00:00
387,308,1,2026-11-18 21:00:00
228,124,5,2026-11-18 22:00:00
640,157,1,2026-11-18 23:00:00
767,261,3,2026-11-19 00:00:00
475,195,3,2026-11-19 01:00:00
724,330,5,2026-11-19 02:00:00
751,351,5,2026-11-19 03:00:00
207,331,5,2026-11-19 04:00:00
318,256,4,2026-11-19 05:00:00
795,465,4,2026-11-19 06:00:00
757,424,4,2026-11-19 07:00:00
557,489,4,2026-11-19 08:00:00
617,200,2,2026-11-19 09:00:00
348,372,4,2026-11-19 10:00:00
793,386,2,2026-11-19 11:00:00
234,68,5,2026-11-19 12:00:00
701,446,4,2026-11-19 13:00:00
44,80,4,2026-11-19 14:00:00
737,233,4,2026-11-19 15:00:00
942,186,5,2026-11-19 16:00:00
142,105,4,2026-11-19 17:00:00
648,469,4,2026-11-19 18:00:00
176,325,3,2026-11-19 19:00:00
654,442,2,2026-11-19 20:00:00
449,419,2,2026-11-19 21:00:00
592,142,1,2026-11-19 22:00:00
82,399,5,2026-11-19 23:00:00
135,390,5,2026-11-20 00:00:00
719,272,3,2026-11-20 01:00:00
856,343,1,2026-11-20 02:00:00
177,124,4,2026-11-20 03:00:00
383,223,4,2026-11-20 04:00:00
243,490,5,2026-11-20 05:00:00
567,174,4,2026-11-20 06:00:00
141,191,5,2026-11-20 07:00:00
457,140,2,2026-11-20 08:00:00
440,297,3,2026-11-20 09:00:00
56,119,5,2026-11-20 10:00:00
527,275,1,2026-11-20 11:00:00
697,76,3,2026-11-20 12:00:00
826,109,3,2026-11-20 13:00:00
419,119,4,2026-11-20 14:00:00
88,461,3,2026-11-20 15:00:00
609,369,5,2026-11-20 16:00:00
656,258,5,2026-11-20 17:00:00
8,20,5,2026-11-20 18:00:00
477,119,3,2026-11-20 19:00:00
215,351,5,2026-11-20 20:00:00
685,137,5,2026-11-20 21:00:00
735,277,3,2026-11-20 22:00:00
552,255,2,2026-11-20 23:00:00
497,264,4,2026-11-21 00:00:00
503,165,2,2026-11-21 02:00:00
782,29,4,2026-11-21 03:00:00
699,467,5,2026-11-21 04:00:00
245,35,3,2026-11-21 05:00:00
478,237,3,2026-11-21 06:00:00
309,294,5,2026-11-21 07:00:00
231,90,2,2026-11-21 08:00:00
383,203,5,2026-11-21 09:00:00
155,228,5,2026-11-21 10:00:00
175,419,3,2026-11-21 11:00:00
848,68,2,2026-11-21 12:00:00
115,131,1,2026-11-21 13:00:00
390,365,3,2026-11-21 14:00:00
311,111,5,2026-11-21 15:00:00
993,12,4,2026-11-21 16:00:00
300,288,5,2026-11-21 17:00:00
18,175,4,2026-11-21 18:00:00
784,319,4,2026-11-21 19:00:00
12,154,5,2026-11-21 20:00:00
404,43,5,2026-11-21 21:00:00
813,363,5,2026-11-21 22:00:00
704,205,3,2026-11-21 23:00:00
232,172,5,2026-11-22 00:00:00
955,294,4,2026-11-22 01:00:00
605,285,5,2026-11-22 02:00:00
990,311,4,2026-11-22 03:00:00
730,52,3,2026-11-22 04:00:00
278,115,3,2026-11-22 05:00:00
353,19,3,2026-11-22 06:00:00
999,35,3,2026-11-22 07:00:00
303,48,4,2026-11-22 08:00:00
541,233,5,2026-11-22 09:00:00
470,219,2,2026-11-22 10:00:00
813,110,3,2026-11-22 11:00:00
77,254,5,2026-11-22 12:00:00
521,188,3,2026-11-22 13:00:00
24,31,5,2026-11-22 14:00:00
15,259,3,2026-11-22 15:00:00
676,163,4,2026-11-22 16:00:00
525,344,2,2026-11-22 17:00:00
347,308,5,2026-11-22 18:00:00
172,71,5,2026-11-22 19:00:00
869,307,5,2026-11-22 20:00:00
327,56,2,2026-11-22 21:00:00
712,99,5,2026-11-22 22:00:00
485,21,5,2026-11-22 23:00:00
489,385,4,2026-11-23 00:00:00
462,108,4,2026-11-23 01:00:00
378,53,5,2026-11-23 02:00:00
588,6,4,2026-11-23 03:00:00
372,482,5,2026-11-23 05:00:00
1000,446,5,2026-11-23 07:00:00
977,217,4,2026-11-23 08:00:00
424,335,1,2026-11-23 09:00:00
757,47,4,2026-11-23 10:00:00
477,352,5,2026-11-23 11:00:00
382,362,1,2026-11-23 12:00:00
155,241,4,2026-11-23 13:00:00
257,178,2,2026-11-23 14:00:00
674,287,5,2026-11-23 16:00:00
68,192,4,2026-11-23 17:00:00
344,413,4,2026-11-23 18:00:00
277,143,3,2026-11-23 19:00:00
673,314,4,2026-11-23 20:00:00
391,279,4,2026-11-23 21:00:00
449,422,5,2026-11-23 22:00:00
259,41,5,2026-11-23 23:00:00
307,459,4,2026-11-24 00:00:00
847,271,5,2026-11-24 01:00:00
95,87,5,2026-11-24 02:00:00
950,3,2,2026-11-24 03:00:00
464,211,4,2026-11-24 04:00:00
970,1,5,2026-11-24 05:00:00
733,497,3,2026-11-24 07:00:00
635,75,5,2026-11-24 08:00:00
187,478,4,2026-11-24 09:00:00
774,498,2,2026-11-24 10:00:00
925,395,5,2026-11-24 11:00:00
785,444,5,2026-11-24 12:00:00
373,231,4,2026-11-24 13:00:00
572,449,1,2026-11-24 14:00:00
406,76,5,2026-11-24 15:00:00
408,260,4,2026-11-24 16:00:00
125,25,1,2026-11-24 17:00:00
337,200,2,2026-11-24 18:00:00
341,463,2,2026-11-24 19:00:00
563,427,4,2026-11-24 20:00:00
178,94,3,2026-11-24 21:00:00
651,424,2,2026-11-24 22:00:00
952,352,5,2026-11-24 23:00:00
839,108,5,2026-11-25 00:00:00
170,355,2,2026-11-25 01:00:00
39,469,3,2026-11-25 02:00:00
69,95,4,2026-11-25 03:00:00
236,356,2,2026-11-25 04:00:00
560,91,2,2026-11-25 05:00:00
381,44,3,2026-11-25 06:00:00
57,456,5,2026-11-25 07:00:00
277,443,5,2026-11-25 08:00:00
850,384,5,2026-11-25 09:00:00
99,23,4,2026-11-25 10:00:00
527,23,4,2026-11-25 12:00:00
325,234,4,2026-11-25 13:00:00
461,186,4,2026-11-25 14:00:00
179,311,5,2026-11-25 15:00:00
844,417,2,2026-11-25 16:00:00
574,333,3,2026-11-25 17:00:00
119,63,5,2026-11-25 18:00:00
469,103,3,2026-11-25 19:00:00
549,500,3,2026-11-25 20:00:00
646,316,4,2026-11-25 21:00:00
455,483,3,2026-11-25 22:00:00
26,189,2,2026-11-25 23:00:00
490,336,3,2026-11-26 00:00:00
8,460,4,2026-11-26 01:00:00
969,189,3,2026-11-26 02:00:00
987,351,4,2026-11-26 03:00:00
516,69,2,2026-11-26 04:00:00
533,114,1,2026-11-26 05:00:00
927,104,5,2026-11-26 06:00:00
149,108,5,2026-11-26 07:00:00
488,345,4,2026-11-26 08:00:00
25,21,1,2026-11-26 09:00:00
999,387,3,2026-11-26 10:00:00
655,432,5,2026-11-26 11:00:00
757,266,2,2026-11-26 12:00:00
931,343,5,2026-11-26 13:00:00
945,209,4,2026-11-26 14:00:00
555,170,5,2026-11-26 15:00:00
425,483,4,2026-11-26 16:00:00
293,473,4,2026-11-26 17:00:00
185,194,3,2026-11-26 18:00:00
554,347,4,2026-11-26 19:00:00
431,430,5,2026-11-26 20:00:00
604,393,1,2026-11-26 21:00:00
317,123,3,2026-11-26 22:00:00
398,177,3,2026-11-26 23:00:00
324,4,4,2026-11-27 00:00:00
565,188,2,2026-11-27 01:00:00
596,346,5,2026-11-27 02:00:00
546,352,4,2026-11-27 03:00:00
76,29,5,2026-11-27 04:00:00
865,86,5,2026-11-27 05:00:00
920,47,2,2026-11-27 06:00:00
916,77,2,2026-11-27 07:00:00
709,343,5,2026-11-27 08:00:00
486,191,4,2026-11-27 09:00:00
798,31,1,2026-11-27 10:00:00
88,307,5,2026-11-27 11:00:00
747,169,4,2026-11-27 12:00:00
232,36,3,2026-11-27 13:00:00
7,245,4,2026-11-27 14:00:00
804,424,5,2026-11-27 15:00:00
550,351,2,2026-11-27 16:00:00
976,188,3,2026-11-27 17:00:00
52,15,3,2026-11-27 18:00:00
655,334,5,2026-11-27 19:00:00
942,483,5,2026-11-27 20:00:00
919,216,4,2026-11-27 21:00:00
396,158,4,2026-11-27 22:00:00
221,414,3,2026-11-27 23:00:00
428,155,4,2026-11-28 00:00:00
752,241,5,2026-11-28 01:00:00
143,296,4,2026-11-28 02:00:00
861,462,5,2026-11-28 03:00:00
363,45,5,2026-11-28 04:00:00
382,495,2,2026-11-28 05:00:00
561,459,5,2026-11-28 06:00:00
277,175,2,2026-11-28 07:00:00
271,492,4,2026-11-28 08:00:00
14,346,4,2026-11-28 09:00:00
298,56,5,2026-11-28 10:00:00
464,54,3,2026-11-28 11:00:00
527,341,5,2026-11-28 12:00:00
234,265,5,2026-11-28 13:00:00
575,374,2,2026-11-28 14:00:00
708,239,5,2026-11-28 15:00:00
27,321,3,2026-11-28 16:00:00
471,108,2,2026-11-28 17:00:00
93,198,5,2026-11-28 18:00:00
617,385,3,2026-11-28 19:00:00
309,214,4,2026-11-28 20:00:00
52,499,4,2026-11-28 21:00:00
319,246,3,2026-11-28 22:00:00
969,397,4,2026-11-28 23:00:00
181,38,1,2026-11-29 00:00:00
569,497,3,2026-11-29 01:00:00
120,173,5,2026-11-29 02:00:00
820,105,5,2026-11-29 03:00:00
875,40,4,2026-11-29 04:00:00
647,399,4,2026-11-29 06:00:00
885,434,5,2026-11-29 07:00:00
938,130,1,2026-11-29 08:00:00
260,181,2,2026-11-29 09:00:00
197,479,5,2026-11-29 10:00:00
645,410,4,2026-11-29 11:00:00
971,194,2,2026-11-29 12:00:00
255,331,2,2026-11-29 13:00:00
732,289,5,2026-11-29 14:00:00
336,466,4,2026-11-29 15:00:00
553,341,2,2026-11-29 16:00:00
502,59,5,2026-11-29 17:00:00
990,351,5,2026-11-29 18:00:00
900,26,1,2026-11-29 19:00:00
255,478,4,2026-11-29 20:00:00
514,103,3,2026-11-29 21:00:00
707,21,4,2026-11-29 22:00:00
242,433,3,2026-11-29 23:00:00
149,80,3,2026-11-30 00:00:00
710,327,4,2026-11-30 01:00:00
299,470,4,2026-11-30 02:00:00
757,199,3,2026-11-30 03:00:00
620,37,5,2026-11-30 05:00:00
453,14,2,2026-11-30 06:00:00
393,456,4,2026-11-30 07:00:00
212,221,2,2026-11-30 08:00:00
668,364,4,2026-11-30 09:00:00
538,391,2,2026-11-30 10:00:00
594,166,3,2026-11-30 11:00:00
595,173,4,2026-11-30 12:00:00
131,150,3,2026-11-30 13:00:00
329,172,4,2026-11-30 14:00:00
612,81,2,2026-11-30 15:00:00
256,336,3,2026-11-30 16:00:00
479,225,5,2026-11-30 17:00:00
561,359,1,2026-11-30 18:00:00
913,35,2,2026-11-30 19:00:00
311,188,1,2026-11-30 21:00:00
407,224,2,2026-11-30 22:00:00
802,131,3,2026-11-30 23:00:00
105,374,2,2026-12-01 00:00:00
617,451,5,2026-12-01 01:00:00
837,456,1,2026-12-01 02:00:00
15,494,5,2026-12-01 03:00:00
687,351,5,2026-12-01 04:00:00
259,311,2,2026-12-01 05:00:00
723,9,1,2026-12-01 06:00:00
412,69,1,2026-12-01 07:00:00
259,28,4,2026-12-01 08:00:00
614,399,4,2026-12-01 09:00:00
260,369,4,2026-12-01 10:00:00
856,475,4,2026-12-01 11:00:00
671,234,2,2026-12-01 12:00:00
45,31,5,2026-12-01 13:00:00
955,315,3,2026-12-01 14:00:00
813,232,5,2026-12-01 15:00:00
763,338,3,2026-12-01 16:00:00
165,497,5,2026-12-01 18:00:00
193,54,4,2026-12-01 19:00:00
521,452,5,2026-12-01 20:00:00
401,469,4,2026-12-01 21:00:00
374,175,5,2026-12-01 22:00:00
65,298,5,2026-12-01 23:00:00
387,279,4,2026-12-02 00:00:00
495,365,3,2026-12-02 01:00:00
794,86,4,2026-12-02 02:00:00
693,65,5,2026-12-02 03:00:00
415,89,4,2026-12-02 04:00:00
794,54,5,2026-12-02 05:00:00
791,118,3,2026-12-02 06:00:00
30,361,5,2026-12-02 07:00:00
266,476,2,2026-12-02 08:00:00
328,229,3,2026-12-02 09:00:00
492,267,4,2026-12-02 10:00:00
217,319,4,2026-12-02 11:00:00
320,22,3,2026-12-02 12:00:00
918,438,5,2026-12-02 13:00:00
891,473,5,2026-12-02 15:00:00
105,373,2,2026-12-02 16:00:00
696,469,1,2026-12-02 17:00:00
330,420,4,2026-12-02 18:00:00
660,314,5,2026-12-02 19:00:00
617,20,2,2026-12-02 20:00:00
47,400,4,2026-12-02 21:00:00
599,476,4,2026-12-02 22:00:00
821,184,5,2026-12-02 23:00:00
949,349,4,2026-12-03 00:00:00
641,50,4,2026-12-03 01:00:00
770,90,2,2026-12-03 02:00:00
314,104,3,2026-12-03 03:00:00
147,194,5,2026-12-03 04:00:00
958,383,3,2026-12-03 05:00:00
462,369,5,2026-12-03 06:00:00
584,74,1,2026-12-03 07:00:00
486,269,4,2026-12-03 08:00:00
652,15,3,2026-12-03 09:00:00
410,329,5,2026-12-03 10:00:00
27,283,5,2026-12-03 11:00:00
29,392,3,2026-12-03 12:00:00
271,198,3,2026-12-03 13:00:00
686,484,5,2026-12-03 14:00:00
501,434,5,2026-12-03 15:00:00
253,344,4,2026-12-03 16:00:00
385,195,5,2026-12-03 17:00:00
60,410,1,2026-12-03 18:00:00
107,36,4,2026-12-03 19:00:00
220,405,5,2026-12-03 20:00:00
441,205,2,2026-12-03 21:00:00
771,308,5,2026-12-03 22:00:00
883,139,5,2026-12-03 23:00:00
658,264,5,2026-12-04 00:00:00
564,57,3,2026-12-04 01:00:00
572,110,3,2026-12-04 02:00:00
546,174,4,2026-12-04 03:00:00
96,496,2,2026-12-04 04:00:00
989,206,5,2026-12-04 05:00:00
89,225,2,2026-12-04 06:00:00
828,386,5,2026-12-04 07:00:00
922,64,3,2026-12-04 08:00:00
231,252,4,2026-12-04 09:00:00
968,436,1,2026-12-04 10:00:00
275,449,3,2026-12-04 11:00:00
246,267,4,2026-12-04 12:00:00
111,390,4,2026-12-04 13:00:00
234,352,5,2026-12-04 14:00:00
278,463,1,2026-12-04 15:00:00
477,332,2,2026-12-04 16:00:00
417,320,5,2026-12-04 17:00:00
678,357,5,2026-12-04 18:00:00
128,93,3,2026-12-04 19:00:00
237,183,3,2026-12-04 20:00:00
803,300,2,2026-12-04 21:00:00
619,214,2,2026-12-04 22:00:00
128,494,1,2026-12-04 23:00:00
707,142,4,2026-12-05 00:00:00
394,389,2,2026-12-05 02:00:00
475,99,5,2026-12-05 03:00:00
655,281,4,2026-12-05 04:00:00
111,102,5,2026-12-05 06:00:00
90,329,5,2026-12-05 07:00:00
763,378,4,2026-12-05 08:00:00
280,71,5,2026-12-05 09:00:00
333,373,3,2026-12-05 10:00:00
224,338,3,2026-12-05 11:00:00
101,386,5,2026-12-05 12:00:00
132,372,5,2026-12-05 13:00:00
13,266,2,2026-12-05 14:00:00
457,492,5,2026-12-05 15:00:00
441,130,3,2026-12-05 16:00:00
98,60,3,2026-12-05 17:00:00
120,301,4,2026-12-05 18:00:00
293,392,4,2026-12-05 19:00:00
816,442,4,2026-12-05 20:00:00
711,119,3,2026-12-05 21:00:00
1,263,5,2026-12-05 22:00:00
572,483,5,2026-12-05 23:00:00
250,471,1,2026-12-06 00:00:00
652,328,3,2026-12-06 01:00:00
149,21,1,2026-12-06 02:00:00
395,97,5,2026-12-06 03:00:00
44,303,5,2026-12-06 04:00:00
883,1,4,2026-12-06 05:00:00
698,396,5,2026-12-06 06:00:00
620,203,5,2026-12-06 07:00:00
44,432,4,2026-12-06 08:00:00
78,128,3,2026-12-06 09:00:00
226,350,3,2026-12-06 10:00:00
162,132,3,2026-12-06 11:00:00
793,34,4,2026-12-06 12:00:00
253,87,2,2026-12-06 13:00:00
132,32,2,2026-12-06 14:00:00
448,259,1,2026-12-06 15:00:00
884,476,4,2026-12-06 16:00:00
887,324,5,2026-12-06 17:00:00
474,313,5,2026-12-06 18:00:00
778,460,5,2026-12-06 20:00:00
109,408,4,2026-12-06 21:00:00
706,33,3,2026-12-06 22:00:00
35,387,3,2026-12-06 23:00:00
467,388,2,2026-12-07 00:00:00
902,286,4,2026-12-07 01:00:00
275,326,2,2026-12-07 02:00:00
187,49,5,2026-12-07 03:00:00
949,286,2,2026-12-07 04:00:00
243,456,3,2026-12-07 05:00:00
264,82,5,2026-12-07 06:00:00
974,144,2,2026-12-07 07:00:00
522,437,4,2026-12-07 08:00:00
963,390,1,2026-12-07 09:00:00
678,280,2,2026-12-07 10:00:00
541,371,4,2026-12-07 11:00:00
783,92,4,2026-12-07 12:00:00
87,224,2,2026-12-07 13:00:00
535,217,5,2026-12-07 14:00:00
210,156,5,2026-12-07 15:00:00
46,277,3,2026-12-07 16:00:00
467,8,3,2026-12-07 17:00:00
540,36,5,2026-12-07 18:00:00
26,124,5,2026-12-07 19:00:00
266,9,2,2026-12-07 20:00:00
175,40,3,2026-12-07 21:00:00
516,469,3,2026-12-07 22:00:00
311,179,3,2026-12-07 23:00:00
322,129,3,2026-12-08 00:00:00
579,447,5,2026-12-08 01:00:00
135,373,5,2026-12-08 02:00:00
55,68,5,2026-12-08 03:00:00
976,458,3,2026-12-08 04:00:00
543,154,1,2026-12-08 05:00:00
586,424,1,2026-12-08 06:00:00
531,3,4,2026-12-08 07:00:00
156,364,3,2026-12-08 08:00:00
849,378,2,2026-12-08 09:00:00
668,265,1,2026-12-08 10:00:00
147,416,5,2026-12-08 11:00:00
485,451,4,2026-12-08 12:00:00
599,4,2,2026-12-08 13:00:00
20,262,5,2026-12-08 14:00:00
269,329,5,2026-12-08 15:00:00
333,282,3,2026-12-08 16:00:00
555,386,2,2026-12-08 17:00:00
907,450,5,2026-12-08 18:00:00
944,370,3,2026-12-08 19:00:00
911,85,5,2026-12-08 20:00:00
401,342,1,2026-12-08 21:00:00
950,387,4,2026-12-08 22:00:00
306,35,2,2026-12-08 23:00:00
28,114,4,2026-12-09 00:00:00
467,59,5,2026-12-09 01:00:00
260,38,4,2026-12-09 02:00:00
534,33,2,2026-12-09 03:00:00
982,377,3,2026-12-09 04:00:00
887,399,5,2026-12-09 05:00:00
101,203,5,2026-12-09 06:00:00
551,202,3,2026-12-09 07:00:00
802,100,5,2026-12-09 08:00:00
300,450,2,2026-12-09 10:00:00
682,301,4,2026-12-09 11:00:00
296,304,4,2026-12-09 12:00:00
353,428,5,2026-12-09 13:00:00
908,118,3,2026-12-09 14:00:00
130,421,5,2026-12-09 15:00:00
156,243,5,2026-12-09 16:00:00
74,29,4,2026-12-09 17:00:00
342,227,3,2026-12-09 18:00:00
465,340,5,2026-12-09 19:00:00
90,213,4,2026-12-09 20:00:00
579,418,5,2026-12-09 21:00:00
455,187,3,2026-12-09 22:00:00
748,113,5,2026-12-09 23:00:00
712,373,5,2026-12-10 00:00:00
980,299,5,2026-12-10 01:00:00
332,161,3,2026-12-10 02:00:00
739,19,4,2026-12-10 03:00:00
977,264,2,2026-12-10 04:00:00
348,159,2,2026-12-10 05:00:00
233,11,3,2026-12-10 06:00:00
778,8,5,2026-12-10 07:00:00
598,153,4,2026-12-10 08:00:00
102,113,3,2026-12-10 09:00:00
953,148,5,2026-12-10 10:00:00
481,38,5,2026-12-10 11:00:00
214,135,5,2026-12-10 12:00:00
108,373,5,2026-12-10 13:00:00
165,461,5,2026-12-10 14:00:00
973,423,3,2026-12-10 15:00:00
603,235,5,2026-12-10 16:00:00
704,255,3,2026-12-10 17:00:00
335,74,4,2026-12-10 18:00:00
86,328,5,2026-12-10 19:00:00
734,362,2,2026-12-10 20:00:00
875,374,4,2026-12-10 21:00:00
424,491,3,2026-12-10 22:00:00
613,276,3,2026-12-10 23:00:00
738,209,1,2026-12-11 00:00:00
364,267,5,2026-12-11 01:00:00
60,144,2,2026-12-11 02:00:00
482,485,5,2026-12-11 03:00:00
250,42,4,2026-12-11 04:00:00
560,224,4,2026-12-11 05:00:00
117,346,5,2026-12-11 06:00:00
739,52,4,2026-12-11 07:00:00
874,421,3,2026-12-11 08:00:00
915,308,2,2026-12-11 09:00:00
968,137,4,2026-12-11 10:00:00
999,419,4,2026-12-11 11:00:00
545,195,3,2026-12-11 12:00:00
44,95,4,2026-12-11 13:00:00
509,490,4,2026-12-11 14:00:00
988,391,5,2026-12-11 15:00:00
165,258,4,2026-12-11 16:00:00
368,25,5,2026-12-11 17:00:00
857,232,4,2026-12-11 18:00:00
292,332,5,2026-12-11 19:00:00
849,94,4,2026-12-11 20:00:00
917,221,3,2026-12-11 22:00:00
898,297,4,2026-12-11 23:00:00
799,203,5,2026-12-12 00:00:00
876,499,3,2026-12-12 01:00:00
737,436,2,2026-12-12 02:00:00
286,343,5,2026-12-12 03:00:00
204,81,4,2026-12-12 04:00:00
684,205,3,2026-12-12 05:00:00
524,481,4,2026-12-12 06:00:00
819,449,4,2026-12-12 07:00:00
121,380,4,2026-12-12 08:00:00
945,488,5,2026-12-12 09:00:00
756,77,3,2026-12-12 10:00:00
664,38,4,2026-12-12 11:00:00
664,195,5,2026-12-12 12:00:00
188,464,5,2026-12-12 13:00:00
907,42,3,2026-12-12 14:00:00
13,455,3,2026-12-12 15:00:00
603,182,4,2026-12-12 16:00:00
200,245,5,2026-12-12 17:00:00
586,195,5,2026-12-12 18:00:00
768,78,4,2026-12-12 19:00:00
456,320,5,2026-12-12 20:00:00
448,464,4,2026-12-12 21:00:00
788,388,5,2026-12-12 22:00:00
841,125,5,2026-12-13 00:00:00
71,141,5,2026-12-13 01:00:00
590,27,4,2026-12-13 02:00:00
796,315,2,2026-12-13 03:00:00
130,321,4,2026-12-13 04:00:00
889,448,5,2026-12-13 05:00:00
43,281,5,2026-12-13 06:00:00
520,293,3,2026-12-13 07:00:00
13,242,1,2026-12-13 08:00:00
725,236,4,2026-12-13 09:00:00
623,203,4,2026-12-13 10:00:00
988,457,2,2026-12-13 11:00:00
803,380,5,2026-12-13 12:00:00
535,327,3,2026-12-13 13:00:00
302,142,4,2026-12-13 14:00:00
766,94,2,2026-12-13 15:00:00
527,152,5,2026-12-13 16:00:00
642,253,5,2026-12-13 17:00:00
573,67,3,2026-12-13 18:00:00
115,176,4,2026-12-13 19:00:00
460,103,2,2026-12-13 20:00:00
832,91,5,2026-12-13 21:00:00
505,193,5,2026-12-13 22:00:00
308,166,5,2026-12-13 23:00:00
932,90,2,2026-12-14 00:00:00
963,326,1,2026-12-14 01:00:00
325,315,4,2026-12-14 02:00:00
579,490,2,2026-12-14 03:00:00
761,268,5,2026-12-14 04:00:00
175,438,4,2026-12-14 05:00:00
851,51,3,2026-12-14 06:00:00
514,166,1,2026-12-14 07:00:00
172,174,5,2026-12-14 08:00:00
997,227,5,2026-12-14 09:00:00
960,266,2,2026-12-14 10:00:00
502,9,3,2026-12-14 11:00:00
977,87,3,2026-12-14 12:00:00
334,94,3,2026-12-14 13:00:00
284,52,5,2026-12-14 14:00:00
475,179,5,2026-12-14 15:00:00
54,278,5,2026-12-14 16:00:00
458,239,5,2026-12-14 17:00:00
579,73,5,2026-12-14 18:00:00
420,339,4,2026-12-14 19:00:00
614,72,5,2026-12-14 20:00:00
632,374,4,2026-12-14 21:00:00
703,68,2,2026-12-14 22:00:00
409,5,4,2026-12-14 23:00:00
982,339,4,2026-12-15 00:00:00
304,238,5,2026-12-15 01:00:00
935,466,4,2026-12-15 02:00:00
559,121,1,2026-12-15 03:00:00
222,413,3,2026-12-15 04:00:00
533,211,5,2026-12-15 05:00:00
158,262,5,2026-12-15 06:00:00
348,325,5,2026-12-15 07:00:00
159,58,1,2026-12-15 08:00:00
889,43,1,2026-12-15 09:00:00
884,197,4,2026-12-15 10:00:00
922,72,5,2026-12-15 11:00:00
235,91,5,2026-12-15 12:00:00
662,37,5,2026-12-15 13:00:00
405,491,4,2026-12-15 14:00:00
257,314,5,2026-12-15 15:00:00
677,237,3,2026-12-15 16:00:00
589,486,1,2026-12-15 17:00:00
597,383,5,2026-12-15 18:00:00
558,293,3,2026-12-15 19:00:00
905,466,5,2026-12-15 20:00:00
913,154,4,2026-12-15 21:00:00
47,170,2,2026-12-15 22:00:00
213,272,2,2026-12-15 23:00:00
479,406,3,2026-12-16 00:00:00
487,110,5,2026-12-16 01:00:00
571,151,1,2026-12-16 02:00:00
566,431,4,2026-12-16 03:00:00
342,451,4,2026-12-16 04:00:00
524,131,2,2026-12-16 05:00:00
704,268,2,2026-12-16 06:00:00
503,23,3,2026-12-16 07:00:00
6,367,3,2026-12-16 08:00:00
821,139,4,2026-12-16 09:00:00
144,490,5,2026-12-16 10:00:00
858,308,1,2026-12-16 11:00:00
261,239,5,2026-12-16 12:00:00
585,434,4,2026-12-16 13:00:00
686,441,4,2026-12-16 14:00:00
232,192,5,2026-12-16 15:00:00
270,127,4,2026-12-16 16:00:00
940,430,2,2026-12-16 17:00:00
447,29,2,2026-12-16 18:00:00
874,121,5,2026-12-16 19:00:00
222,198,3,2026-12-16 20:00:00
52,174,4,2026-12-16 21:00:00
116,144,4,2026-12-16 22:00:00
538,482,3,2026-12-16 23:00:00
565,179,5,2026-12-17 00:00:00
877,357,5,2026-12-17 01:00:00
541,11,4,2026-12-17 02:00:00
19,139,3,2026-12-17 03:00:00
815,447,3,2026-12-17 04:00:00
392,437,4,2026-12-17 05:00:00
791,253,5,2026-12-17 06:00:00
629,345,4,2026-12-17 07:00:00
618,314,5,2026-12-17 08:00:00
419,19,1,2026-12-17 09:00:00
991,160,5,2026-12-17 10:00:00
309,306,4,2026-12-17 11:00:00
739,122,5,2026-12-17 12:00:00
864,72,3,2026-12-17 13:00:00
186,55,4,2026-12-17 14:00:00
261,460,5,2026-12-17 15:00:00
528,169,5,2026-12-17 16:00:00
273,99,3,2026-12-17 17:00:00
160,70,3,2026-12-17 18:00:00
870,149,4,2026-12-17 19:00:00
762,117,5,2026-12-17 20:00:00
224,26,4,2026-12-17 21:00:00
256,248,3,2026-12-17 22:00:00
180,385,5,2026-12-17 23:00:00
20,209,4,2026-12-18 00:00:00
624,227,3,2026-12-18 01:00:00
632,411,1,2026-12-18 02:00:00
706,434,5,2026-12-18 03:00:00
468,114,3,2026-12-18 04:00:00
623,194,1,2026-12-18 05:00:00
210,484,4,2026-12-18 06:00:00
513,321,3,2026-12-18 07:00:00
58,10,3,2026-12-18 08:00:00
93,95,4,2026-12-18 09:00:00
221,121,5,2026-12-18 10:00:00
723,126,3,2026-12-18 11:00:00
940,37,2,2026-12-18 12:00:00
232,69,4,2026-12-18 13:00:00
774,297,1,2026-12-18 14:00:00
364,174,4,2026-12-18 15:00:00
615,461,5,2026-12-18 16:00:00
562,45,4,2026-12-18 17:00:00
374,123,3,2026-12-18 18:00:00
622,382,2,2026-12-18 19:00:00
456,472,3,2026-12-18 20:00:00
88,27,3,2026-12-18 21:00:00
20,193,3,2026-12-18 22:00:00
14,497,2,2026-12-18 23:00:00
133,340,5,2026-12-19 00:00:00
937,136,5,2026-12-19 01:00:00
808,195,4,2026-12-19 02:00:00
34,49,1,2026-12-19 03:00:00
892,96,5,2026-12-19 04:00:00
208,492,1,2026-12-19 05:00:00
813,121,2,2026-12-19 06:00:00
199,249,3,2026-12-19 07:00:00
592,473,4,2026-12-19 08:00:00
583,217,3,2026-12-19 09:00:00
155,114,2,2026-12-19 10:00:00
590,14,2,2026-12-19 11:00:00
78,62,5,2026-12-19 12:00:00
172,43,3,2026-12-19 13:00:00
289,411,3,2026-12-19 14:00:00
545,240,4,2026-12-19 15:00:00
812,96,1,2026-12-19 16:00:00
788,27,4,2026-12-19 17:00:00
879,324,3,2026-12-19 18:00:00
420,383,4,2026-12-19 19:00:00
7,242,4,2026-12-19 20:00:00
160,487,5,2026-12-19 21:00:00
240,459,3,2026-12-19 22:00:00
963,240,4,2026-12-19 23:00:00
423,304,5,2026-12-20 00:00:00
989,67,5,2026-12-20 01:00:00
536,281,5,2026-12-20 02:00:00
726,192,5,2026-12-20 03:00:00
70,119,4,2026-12-20 04:00:00
880,152,3,2026-12-20 05:00:00
216,265,5,2026-12-20 06:00:00
104,392,4,2026-12-20 07:00:00
727,231,4,2026-12-20 08:00:00
54,351,4,2026-12-20 09:00:00
806,249,4,2026-12-20 10:00:00
330,59,4,2026-12-20 11:00:00
848,17,4,2026-12-20 12:00:00
203,171,1,2026-12-20 13:00:00
288,351,5,2026-12-20 14:00:00
45,452,5,2026-12-20 15:00:00
829,132,4,2026-12-20 16:00:00
198,357,3,2026-12-20 17:00:00
216,136,1,2026-12-20 18:00:00
481,42,1,2026-12-20 19:00:00
309,305,1,2026-12-20 20:00:00
896,6,3,2026-12-20 21:00:00
435,329,2,2026-12-20 22:00:00
332,170,3,2026-12-20 23:00:00
696,456,4,2026-12-21 00:00:00
27,288,5,2026-12-21 01:00:00
166,399,3,2026-12-21 02:00:00
318,338,4,2026-12-21 03:00:00
274,215,5,2026-12-21 04:00:00
383,69,5,2026-12-21 05:00:00
365,370,3,2026-12-21 06:00:00
103,27,3,2026-12-21 07:00:00
960,225,3,2026-12-21 08:00:00
503,322,2,2026-12-21 09:00:00
845,234,4,2026-12-21 10:00:00
373,486,3,2026-12-21 11:00:00
616,443,5,2026-12-21 12:00:00
926,412,3,2026-12-21 13:00:00
245,408,5,2026-12-21 14:00:00
817,51,3,2026-12-21 15:00:00
169,149,4,2026-12-21 16:00:00
628,415,4,2026-12-21 17:00:00
653,75,4,2026-12-21 18:00:00
418,306,2,2026-12-21 19:00:00
356,92,3,2026-12-21 20:00:00
478,368,3,2026-12-21 21:00:00
125,424,4,2026-12-21 22:00:00
537,68,1,2026-12-21 23:00:00
706,235,4,2026-12-22 00:00:00
896,362,2,2026-12-22 01:00:00
612,144,3,2026-12-22 02:00:00
402,76,4,2026-12-22 03:00:00
517,86,4,2026-12-22 04:00:00
531,227,3,2026-12-22 05:00:00
682,363,4,2026-12-22 06:00:00
786,447,5,2026-12-22 07:00:00
254,56,3,2026-12-22 08:00:00
121,80,3,2026-12-22 09:00:00
32,24,4,2026-12-22 10:00:00
661,227,5,2026-12-22 11:00:00
778,28,3,2026-12-22 12:00:00
37,121,4,2026-12-22 13:00:00
342,93,4,2026-12-22 15:00:00
13,341,3,2026-12-22 16:00:00
183,112,4,2026-12-22 17:00:00
657,378,1,2026-12-22 18:00:00
265,345,3,2026-12-22 19:00:00
88,487,3,2026-12-22 20:00:00
940,31,3,2026-12-22 21:00:00
462,143,2,2026-12-22 22:00:00
46,367,5,2026-12-22 23:00:00
392,298,5,2026-12-23 00:00:00
119,227,3,2026-12-23 01:00:00
933,358,1,2026-12-23 02:00:00
531,250,5,2026-12-23 03:00:00
447,50,4,2026-12-23 04:00:00
732,214,5,2026-12-23 05:00:00
942,380,4,2026-12-23 06:00:00
745,389,5,2026-12-23 07:00:00
606,432,2,2026-12-23 08:00:00
967,269,2,2026-12-23 09:00:00
763,288,3,2026-12-23 10:00:00
762,195,4,2026-12-23 11:00:00
794,254,5,2026-12-23 12:00:00
744,79,5,2026-12-23 13:00:00
46,475,5,2026-12-23 14:00:00
886,244,3,2026-12-23 15:00:00
508,91,5,2026-12-23 16:00:00
558,414,3,2026-12-23 17:00:00
971,6,5,2026-12-23 18:00:00
526,281,3,2026-12-23 19:00:00
597,412,2,2026-12-23 20:00:00
831,446,5,2026-12-23 21:00:00
840,150,5,2026-12-23 22:00:00
3,324,5,2026-12-23 23:00:00
28,399,2,2026-12-24 00:00:00
381,282,5,2026-12-24 01:00:00
157,191,4,2026-12-24 02:00:00
855,274,4,2026-12-24 03:00:00
914,73,4,2026-12-24 04:00:00
931,447,5,2026-12-24 05:00:00
511,318,4,2026-12-24 06:00:00
333,500,2,2026-12-24 07:00:00
844,68,4,2026-12-24 08:00:00
687,304,5,2026-12-24 09:00:00
114,434,2,2026-12-24 10:00:00
389,63,3,2026-12-24 11:00:00
487,453,4,2026-12-24 12:00:00
843,493,3,2026-12-24 13:00:00
250,134,2,2026-12-24 14:00:00
571,442,5,2026-12-24 15:00:00
715,307,2,2026-12-24 16:00:00
315,268,3,2026-12-24 17:00:00
239,223,4,2026-12-24 18:00:00
234,431,4,2026-12-24 19:00:00
303,126,3,2026-12-24 20:00:00
607,265,5,2026-12-24 21:00:00
991,7,4,2026-12-24 22:00:00
653,413,3,2026-12-24 23:00:00
334,206,3,2026-12-25 00:00:00
113,179,4,2026-12-25 01:00:00
621,468,1,2026-12-25 02:00:00
362,496,5,2026-12-25 03:00:00
857,183,3,2026-12-25 04:00:00
801,480,4,2026-12-25 05:00:00
97,443,5,2026-12-25 06:00:00
958,440,5,2026-12-25 07:00:00
847,406,2,2026-12-25 08:00:00
16,228,4,2026-12-25 09:00:00
556,236,2,2026-12-25 10:00:00
954,146,5,2026-12-25 11:00:00
376,58,4,2026-12-25 12:00:00
742,296,2,2026-12-25 13:00:00
390,241,5,2026-12-25 14:00:00
620,345,3,2026-12-25 15:00:00
217,287,2,2026-12-25 16:00:00
399,440,4,2026-12-25 17:00:00
260,163,3,2026-12-25 18:00:00
824,26,5,2026-12-25 19:00:00
320,452,3,2026-12-25 20:00:00
196,106,4,2026-12-25 21:00:00
478,240,5,2026-12-25 22:00:00
418,340,3,2026-12-25 23:00:00
475,418,3,2026-12-26 00:00:00
607,332,2,2026-12-26 01:00:00
568,400,5,2026-12-26 02:00:00
544,379,5,2026-12-26 03:00:00
231,42,3,2026-12-26 04:00:00
884,133,3,2026-12-26 05:00:00
521,317,5,2026-12-26 06:00:00
703,44,4,2026-12-26 07:00:00
873,35,4,2026-12-26 08:00:00
200,364,4,2026-12-26 09:00:00
846,347,5,2026-12-26 10:00:00
673,384,5,2026-12-26 11:00:00
599,1,5,2026-12-26 12:00:00
21,226,5,2026-12-26 13:00:00
311,299,5,2026-12-26 14:00:00
588,288,1,2026-12-26 15:00:00
953,236,2,2026-12-26 16:00:00
898,359,5,2026-12-26 17:00:00
653,447,1,2026-12-26 18:00:00
638,33,5,2026-12-26 19:00:00
763,95,5,2026-12-26 20:00:00
900,205,4,2026-12-26 21:00:00
596,109,3,2026-12-26 22:00:00
434,322,2,2026-12-26 23:00:00
371,30,1,2026-12-27 00:00:00
560,266,5,2026-12-27 01:00:00
891,23,1,2026-12-27 02:00:00
78,97,5,2026-12-27 03:00:00
542,39,3,2026-12-27 04:00:00
285,173,5,2026-12-27 05:00:00
648,248,1,2026-12-27 06:00:00
140,379,4,2026-12-27 07:00:00
553,413,3,2026-12-27 08:00:00
998,414,1,2026-12-27 09:00:00
282,162,4,2026-12-27 10:00:00
562,180,5,2026-12-27 11:00:00
258,103,1,2026-12-27 12:00:00
823,209,3,2026-12-27 13:00:00
360,22,5,2026-12-27 14:00:00
440,5,5,2026-12-27 15:00:00
270,139,2,2026-12-27 16:00:00
134,214,1,2026-12-27 17:00:00
746,160,1,2026-12-27 18:00:00
640,408,3,2026-12-27 19:00:00
104,395,1,2026-12-27 20:00:00
766,139,3,2026-12-27 21:00:00
95,145,4,2026-12-27 22:00:00
849,160,4,2026-12-27 23:00:00
729,83,2,2026-12-28 00:00:00
573,155,4,2026-12-28 01:00:00
480,288,1,2026-12-28 02:00:00
780,317,3,2026-12-28 03:00:00
241,281,3,2026-12-28 04:00:00
13,64,2,2026-12-28 05:00:00
147,192,5,2026-12-28 06:00:00
940,156,3,2026-12-28 07:00:00
752,424,5,2026-12-28 08:00:00
95,91,4,2026-12-28 10:00:00
827,142,4,2026-12-28 11:00:00
293,42,1,2026-12-28 12:00:00
25,249,1,2026-12-28 13:00:00
272,295,3,2026-12-28 14:00:00
505,258,4,2026-12-28 15:00:00
166,337,4,2026-12-28 16:00:00
939,1,4,2026-12-28 17:00:00
762,109,1,2026-12-28 18:00:00
87,416,5,2026-12-28 19:00:00
654,467,2,2026-12-28 20:00:00
646,125,3,2026-12-28 21:00:00
985,64,5,2026-12-28 22:00:00
791,206,1,2026-12-28 23:00:00
638,415,5,2026-12-29 00:00:00
828,442,1,2026-12-29 01:00:00
491,338,2,2026-12-29 02:00:00
908,244,3,2026-12-29 03:00:00
141,78,4,2026-12-29 04:00:00
868,111,4,2026-12-29 05:00:00
103,142,2,2026-12-29 06:00:00
226,216,1,2026-12-29 07:00:00
902,453,1,2026-12-29 08:00:00
575,16,3,2026-12-29 09:00:00
294,453,5,2026-12-29 10:00:00
896,54,3,2026-12-29 11:00:00
306,141,5,2026-12-29 12:00:00
254,380,2,2026-12-29 13:00:00
180,336,1,2026-12-29 14:00:00
40,79,4,2026-12-29 15:00:00
776,415,5,2026-12-29 16:00:00
701,453,5,2026-12-29 17:00:00
520,149,4,2026-12-29 18:00:00
616,127,3,2026-12-29 19:00:00
737,158,2,2026-12-29 20:00:00
546,279,4,2026-12-29 21:00:00
236,38,3,2026-12-29 22:00:00
463,157,5,2026-12-29 23:00:00
228,333,4,2026-12-30 00:00:00
700,288,5,2026-12-30 01:00:00
825,112,4,2026-12-30 02:00:00
483,190,5,2026-12-30 03:00:00
430,106,3,2026-12-30 04:00:00
22,91,4,2026-12-30 05:00:00
343,354,1,2026-12-30 06:00:00
40,301,4,2026-12-30 07:00:00
173,49,4,2026-12-30 08:00:00
439,161,5,2026-12-30 09:00:00
179,4,5,2026-12-30 10:00:00
598,402,4,2026-12-30 11:00:00
133,198,1,2026-12-30 12:00:00
351,320,5,2026-12-30 13:00:00
525,412,1,2026-12-30 14:00:00
540,364,5,2026-12-30 15:00:00
506,377,4,2026-12-30 16:00:00
84,442,5,2026-12-30 17:00:00
993,475,4,2026-12-30 18:00:00
464,254,4,2026-12-30 19:00:00
830,90,3,2026-12-30 20:00:00
861,312,5,2026-12-30 21:00:00
343,20,3,2026-12-30 22:00:00
280,77,5,2026-12-30 23:00:00
866,220,2,2026-12-31 00:00:00
263,162,5,2026-12-31 01:00:00
166,497,3,2026-12-31 02:00:00
293,343,3,2026-12-31 03:00:00
509,394,5,2026-12-31 04:00:00
580,115,5,2026-12-31 05:00:00
226,94,4,2026-12-31 06:00:00
170,406,5,2026-12-31 07:00:00
598,133,2,2026-12-31 08:00:00
645,172,3,2026-12-31 09:00:00
448,114,3,2026-12-31 10:00:00
690,9,3,2026-12-31 11:00:00
855,299,3,2026-12-31 12:00:00
502,260,4,2026-12-31 13:00:00
764,170,3,2026-12-31 14:00:00
527,321,3,2026-12-31 15:00:00
735,98,4,2026-12-31 16:00:00
379,169,2,2026-12-31 17:00:00
201,448,3,2026-12-31 18:00:00
619,311,1,2026-12-31 19:00:00
250,218,5,2026-12-31 20:00:00
949,402,3,2026-12-31 21:00:00
409,400,5,2026-12-31 22:00:00
601,343,4,2026-12-31 23:00:00
125,430,3,2027-01-01 00:00:00
113,420,2,2027-01-01 01:00:00
981,346,4,2027-01-01 02:00:00
137,450,5,2027-01-01 03:00:00
759,44,2,2027-01-01 04:00:00
496,500,2,2027-01-01 05:00:00
678,261,3,2027-01-01 06:00:00
150,285,3,2027-01-01 07:00:00
875,126,5,2027-01-01 08:00:00
343,260,4,2027-01-01 09:00:00
945,495,1,2027-01-01 10:00:00
580,355,5,2027-01-01 11:00:00
733,214,3,2027-01-01 12:00:00
783,305,4,2027-01-01 13:00:00
321,200,4,2027-01-01 14:00:00
822,236,1,2027-01-01 15:00:00
926,341,1,2027-01-01 16:00:00
861,136,2,2027-01-01 17:00:00
532,378,5,2027-01-01 18:00:00
289,436,5,2027-01-01 19:00:00
489,116,2,2027-01-01 20:00:00
492,453,4,2027-01-01 21:00:00
612,405,4,2027-01-01 22:00:00
252,155,1,2027-01-01 23:00:00
982,422,4,2027-01-02 00:00:00
77,389,5,2027-01-02 01:00:00
647,341,2,2027-01-02 02:00:00
412,392,4,2027-01-02 04:00:00
173,342,1,2027-01-02 05:00:00
875,18,5,2027-01-02 06:00:00
201,388,1,2027-01-02 07:00:00
217,4,5,2027-01-02 08:00:00
376,165,3,2027-01-02 09:00:00
720,127,4,2027-01-02 10:00:00
586,399,5,2027-01-02 11:00:00
11,422,3,2027-01-02 12:00:00
799,411,3,2027-01-02 13:00:00
768,213,4,2027-01-02 14:00:00
12,48,4,2027-01-02 15:00:00
892,46,3,2027-01-02 16:00:00
991,46,5,2027-01-02 17:00:00
590,48,5,2027-01-02 18:00:00
435,187,3,2027-01-02 19:00:00
684,120,4,2027-01-02 20:00:00
608,132,4,2027-01-02 21:00:00
818,459,5,2027-01-02 22:00:00
273,441,2,2027-01-03 00:00:00
931,275,1,2027-01-03 01:00:00
897,475,5,2027-01-03 02:00:00
925,232,3,2027-01-03 03:00:00
691,42,3,2027-01-03 04:00:00
576,92,4,2027-01-03 05:00:00
509,261,3,2027-01-03 06:00:00
132,48,3,2027-01-03 07:00:00
855,409,4,2027-01-03 08:00:00
924,451,1,2027-01-03 09:00:00
784,282,4,2027-01-03 10:00:00
319,74,3,2027-01-03 11:00:00
844,216,4,2027-01-03 12:00:00
949,446,3,2027-01-03 13:00:00
853,221,4,2027-01-03 14:00:00
621,109,2,2027-01-03 15:00:00
785,135,3,2027-01-03 16:00:00
168,428,3,2027-01-03 17:00:00
397,343,4,2027-01-03 18:00:00
180,238,3,2027-01-03 19:00:00
58,155,4,2027-01-03 20:00:00
480,426,4,2027-01-03 21:00:00
933,329,4,2027-01-03 22:00:00
591,492,2,2027-01-03 23:00:00
460,56,4,2027-01-04 00:00:00
61,387,5,2027-01-04 01:00:00
369,382,2,2027-01-04 02:00:00
121,397,1,2027-01-04 03:00:00
719,198,3,2027-01-04 04:00:00
546,315,4,2027-01-04 05:00:00
582,38,3,2027-01-04 06:00:00
17,341,5,2027-01-04 07:00:00
496,339,4,2027-01-04 08:00:00
497,217,3,2027-01-04 09:00:00
505,231,5,2027-01-04 10:00:00
532,452,2,2027-01-04 11:00:00
969,342,2,2027-01-04 12:00:00
315,453,3,2027-01-04 13:00:00
69,257,1,2027-01-04 14:00:00
727,434,5,2027-01-04 15:00:00
161,209,3,2027-01-04 16:00:00
614,201,5,2027-01-04 17:00:00
888,137,5,2027-01-04 18:00:00
718,128,3,2027-01-04 19:00:00
145,53,4,2027-01-04 20:00:00
569,344,4,2027-01-04 21:00:00
595,394,5,2027-01-04 22:00:00
993,84,1,2027-01-04 23:00:00
385,209,3,2027-01-05 00:00:00
269,333,5,2027-01-05 01:00:00
923,285,3,2027-01-05 02:00:00
454,36,2,2027-01-05 03:00:00
699,215,4,2027-01-05 04:00:00
518,27,3,2027-01-05 05:00:00
865,146,4,2027-01-05 06:00:00
350,18,5,2027-01-05 07:00:00
110,118,4,2027-01-05 08:00:00
483,137,4,2027-01-05 09:00:00
407,67,3,2027-01-05 10:00:00
650,391,5,2027-01-05 11:00:00
403,463,3,2027-01-05 13:00:00
563,30,3,2027-01-05 14:00:00
476,73,5,2027-01-05 15:00:00
87,123,3,2027-01-05 16:00:00
68,445,4,2027-01-05 17:00:00
596,489,3,2027-01-05 18:00:00
979,475,2,2027-01-05 19:00:00
42,228,3,2027-01-05 20:00:00
731,338,5,2027-01-05 21:00:00
57,479,4,2027-01-05 22:00:00
738,273,4,2027-01-05 23:00:00
196,246,2,2027-01-06 00:00:00
760,437,2,2027-01-06 01:00:00
678,390,1,2027-01-06 02:00:00
62,39,1,2027-01-06 03:00:00
263,409,4,2027-01-06 04:00:00
112,170,4,2027-01-06 05:00:00
765,426,3,2027-01-06 06:00:00
711,315,5,2027-01-06 07:00:00
178,102,3,2027-01-06 08:00:00
948,294,5,2027-01-06 09:00:00
26,415,3,2027-01-06 10:00:00
410,243,3,2027-01-06 11:00:00
758,157,4,2027-01-06 12:00:00
531,360,1,2027-01-06 13:00:00
317,257,2,2027-01-06 15:00:00
532,464,3,2027-01-06 16:00:00
106,358,4,2027-01-06 17:00:00
749,343,4,2027-01-06 18:00:00
818,123,3,2027-01-06 19:00:00
464,456,3,2027-01-06 20:00:00
246,47,5,2027-01-06 21:00:00
81,332,2,2027-01-06 22:00:00
662,10,4,2027-01-06 23:00:00
909,144,5,2027-01-07 00:00:00
396,431,3,2027-01-07 01:00:00
522,299,2,2027-01-07 02:00:00
833,152,5,2027-01-07 03:00:00
736,487,3,2027-01-07 04:00:00
926,136,3,2027-01-07 05:00:00
264,75,4,2027-01-07 06:00:00
661,361,3,2027-01-07 07:00:00
790,26,5,2027-01-07 08:00:00
274,7,1,2027-01-07 09:00:00
706,79,4,2027-01-07 10:00:00
944,15,4,2027-01-07 11:00:00
172,432,4,2027-01-07 12:00:00
265,387,4,2027-01-07 13:00:00
963,400,5,2027-01-07 14:00:00
822,207,5,2027-01-07 15:00:00
26,89,3,2027-01-07 16:00:00
469,97,4,2027-01-07 17:00:00
862,398,1,2027-01-07 18:00:00
476,216,4,2027-01-07 19:00:00
356,459,2,2027-01-07 20:00:00
26,259,5,2027-01-07 21:00:00
34,329,3,2027-01-07 22:00:00
264,454,5,2027-01-07 23:00:00
138,287,3,2027-01-08 00:00:00
816,375,5,2027-01-08 01:00:00
695,464,4,2027-01-08 02:00:00
875,75,5,2027-01-08 03:00:00
754,242,4,2027-01-08 04:00:00
566,17,5,2027-01-08 05:00:00
462,177,5,2027-01-08 06:00:00
168,259,5,2027-01-08 07:00:00
631,123,3,2027-01-08 08:00:00
655,467,4,2027-01-08 09:00:00
757,311,1,2027-01-08 11:00:00
914,111,5,2027-01-08 12:00:00
864,256,3,2027-01-08 13:00:00
870,234,3,2027-01-08 14:00:00
407,456,3,2027-01-08 15:00:00
574,497,2,2027-01-08 16:00:00
46,356,1,2027-01-08 17:00:00
599,40,3,2027-01-08 18:00:00
611,122,2,2027-01-08 19:00:00
807,450,4,2027-01-08 20:00:00
911,215,1,2027-01-08 21:00:00
53,296,5,2027-01-08 22:00:00
984,286,5,2027-01-08 23:00:00
704,281,3,2027-01-09 00:00:00
959,7,3,2027-01-09 01:00:00
476,92,2,2027-01-09 02:00:00
592,361,5,2027-01-09 03:00:00
16,434,4,2027-01-09 04:00:00
360,123,4,2027-01-09 05:00:00
487,337,5,2027-01-09 06:00:00
838,96,5,2027-01-09 07:00:00
706,1,5,2027-01-09 08:00:00
502,91,5,2027-01-09 09:00:00
141,428,5,2027-01-09 10:00:00
620,484,5,2027-01-09 11:00:00
815,433,3,2027-01-09 12:00:00
777,7,5,2027-01-09 13:00:00
447,120,5,2027-01-09 14:00:00
290,387,3,2027-01-09 15:00:00
209,350,4,2027-01-09 16:00:00
475,129,4,2027-01-09 17:00:00
413,179,3,2027-01-09 18:00:00
677,98,5,2027-01-09 19:00:00
427,422,2,2027-01-09 20:00:00
854,43,5,2027-01-09 21:00:00
371,183,3,2027-01-09 22:00:00
832,185,2,2027-01-09 23:00:00
664,53,5,2027-01-10 00:00:00
967,228,3,2027-01-10 01:00:00
290,161,5,2027-01-10 02:00:00
432,235,3,2027-01-10 03:00:00
268,464,5,2027-01-10 04:00:00
151,446,3,2027-01-10 05:00:00
719,358,1,2027-01-10 06:00:00
255,395,5,2027-01-10 07:00:00
353,200,2,2027-01-10 08:00:00
377,436,5,2027-01-10 09:00:00
653,1,5,2027-01-10 10:00:00
855,14,2,2027-01-10 11:00:00
358,478,4,2027-01-10 12:00:00
608,213,1,2027-01-10 13:00:00
941,378,3,2027-01-10 14:00:00
370,277,3,2027-01-10 15:00:00
227,34,4,2027-01-10 16:00:00
705,486,5,2027-01-10 17:00:00
303,474,2,2027-01-10 18:00:00
826,361,3,2027-01-10 19:00:00
389,270,4,2027-01-10 20:00:00
377,168,2,2027-01-10 21:00:00
973,378,5,2027-01-10 22:00:00
118,419,4,2027-01-10 23:00:00
5,170,5,2027-01-11 00:00:00
444,82,4,2027-01-11 01:00:00
352,404,3,2027-01-11 02:00:00
755,316,5,2027-01-11 03:00:00
533,137,5,2027-01-11 04:00:00
664,233,5,2027-01-11 05:00:00
640,115,3,2027-01-11 06:00:00
124,252,4,2027-01-11 07:00:00
658,493,4,2027-01-11 08:00:00
277,289,3,2027-01-11 09:00:00
822,49,3,2027-01-11 10:00:00
394,452,5,2027-01-11 11:00:00
664,4,1,2027-01-11 12:00:00
360,379,3,2027-01-11 13:00:00
623,176,2,2027-01-11 14:00:00
469,272,2,2027-01-11 15:00:00
985,431,3,2027-01-11 16:00:00
628,26,5,2027-01-11 17:00:00
700,70,5,2027-01-11 18:00:00
57,293,4,2027-01-11 19:00:00
251,406,3,2027-01-11 20:00:00
896,234,5,2027-01-11 21:00:00
919,231,1,2027-01-11 22:00:00
150,263,2,2027-01-11 23:00:00
452,426,3,2027-01-12 00:00:00
162,286,4,2027-01-12 01:00:00
120,74,5,2027-01-12 02:00:00
582,121,5,2027-01-12 03:00:00
924,463,4,2027-01-12 04:00:00
351,6,4,2027-01-12 05:00:00
99,24,3,2027-01-12 06:00:00
167,194,4,2027-01-12 07:00:00
810,168,5,2027-01-12 08:00:00
838,500,3,2027-01-12 10:00:00
976,399,3,2027-01-12 11:00:00
514,437,4,2027-01-12 12:00:00
401,210,4,2027-01-12 14:00:00
365,133,5,2027-01-12 15:00:00
577,345,4,2027-01-12 16:00:00
326,292,4,2027-01-12 17:00:00
581,458,5,2027-01-12 18:00:00
633,499,5,2027-01-12 19:00:00
621,174,3,2027-01-12 20:00:00
828,151,4,2027-01-12 21:00:00
247,88,5,2027-01-12 22:00:00
434,301,2,2027-01-12 23:00:00
93,266,5,2027-01-13 00:00:00
268,310,2,2027-01-13 01:00:00
615,70,5,2027-01-13 02:00:00
943,205,2,2027-01-13 03:00:00
624,32,2,2027-01-13 05:00:00
321,43,3,2027-01-13 06:00:00
923,118,2,2027-01-13 07:00:00
816,377,3,2027-01-13 08:00:00
856,15,5,2027-01-13 09:00:00
62,322,2,2027-01-13 10:00:00
300,399,4,2027-01-13 11:00:00
403,115,4,2027-01-13 12:00:00
955,337,2,2027-01-13 13:00:00
648,20,2,2027-01-13 14:00:00
567,178,2,2027-01-13 15:00:00
620,262,4,2027-01-13 16:00:00
303,79,5,2027-01-13 17:00:00
770,381,5,2027-01-13 18:00:00
253,401,5,2027-01-13 19:00:00
734,120,4,2027-01-13 20:00:00
478,26,5,2027-01-13 21:00:00
369,22,3,2027-01-13 22:00:00
679,201,4,2027-01-13 23:00:00
941,64,3,2027-01-14 00:00:00
160,460,1,2027-01-14 01:00:00
961,214,5,2027-01-14 02:00:00
166,314,1,2027-01-14 03:00:00
205,471,5,2027-01-14 04:00:00
267,293,4,2027-01-14 05:00:00
138,78,1,2027-01-14 06:00:00
368,216,3,2027-01-14 07:00:00
443,456,3,2027-01-14 08:00:00
858,474,5,2027-01-14 09:00:00
760,224,4,2027-01-14 10:00:00
567,377,4,2027-01-14 11:00:00
916,28,2,2027-01-14 12:00:00
721,480,3,2027-01-14 13:00:00
17,470,1,2027-01-14 14:00:00
68,305,5,2027-01-14 15:00:00
133,201,2,2027-01-14 16:00:00
700,67,4,2027-01-14 17:00:00
919,473,4,2027-01-14 18:00:00
430,359,3,2027-01-14 19:00:00
308,126,4,2027-01-14 20:00:00
650,460,5,2027-01-14 21:00:00
174,349,2,2027-01-14 22:00:00
412,195,4,2027-01-14 23:00:00
97,425,5,2027-01-15 00:00:00
683,174,3,2027-01-15 01:00:00
154,87,2,2027-01-15 02:00:00
695,343,3,2027-01-15 03:00:00
242,311,5,2027-01-15 04:00:00
304,466,3,2027-01-15 05:00:00
285,395,2,2027-01-15 06:00:00
27,484,2,2027-01-15 07:00:00
402,154,2,2027-01-15 08:00:00
360,456,2,2027-01-15 09:00:00
60,476,4,2027-01-15 10:00:00
202,210,3,2027-01-15 11:00:00
762,13,5,2027-01-15 12:00:00
874,164,5,2027-01-15 13:00:00
581,490,4,2027-01-15 14:00:00
970,488,5,2027-01-15 15:00:00
370,255,4,2027-01-15 16:00:00
533,384,4,2027-01-15 17:00:00
152,492,2,2027-01-15 18:00:00
102,64,1,2027-01-15 19:00:00
899,307,2,2027-01-15 20:00:00
1000,76,3,2027-01-15 21:00:00
607,22,5,2027-01-15 22:00:00
446,60,2,2027-01-15 23:00:00
873,386,2,2027-01-16 00:00:00
229,56,5,2027-01-16 01:00:00
125,168,4,2027-01-16 02:00:00
770,412,4,2027-01-16 03:00:00
834,205,2,2027-01-16 04:00:00
999,353,5,2027-01-16 05:00:00
881,259,2,2027-01-16 06:00:00
938,191,4,2027-01-16 07:00:00
236,482,4,2027-01-16 08:00:00
162,407,4,2027-01-16 09:00:00
554,55,5,2027-01-16 10:00:00
788,416,1,2027-01-16 11:00:00
353,340,5,2027-01-16 12:00:00
68,284,4,2027-01-16 13:00:00
173,380,4,2027-01-16 14:00:00
843,264,5,2027-01-16 15:00:00
637,259,4,2027-01-16 16:00:00
682,350,5,2027-01-16 17:00:00
559,89,2,2027-01-16 18:00:00
261,437,5,2027-01-16 19:00:00
217,222,5,2027-01-16 20:00:00
817,413,5,2027-01-16 21:00:00
124,495,5,2027-01-16 22:00:00
805,350,3,2027-01-16 23:00:00
162,482,4,2027-01-17 00:00:00
201,89,5,2027-01-17 01:00:00
454,465,4,2027-01-17 02:00:00
402,59,4,2027-01-17 03:00:00
462,152,2,2027-01-17 04:00:00
275,422,3,2027-01-17 05:00:00
206,28,4,2027-01-17 06:00:00
40,225,5,2027-01-17 07:00:00
273,318,4,2027-01-17 08:00:00
700,484,1,2027-01-17 09:00:00
867,51,4,2027-01-17 10:00:00
93,263,5,2027-01-17 11:00:00
42,279,4,2027-01-17 12:00:00
465,46,5,2027-01-17 13:00:00
379,474,3,2027-01-17 14:00:00
107,334,5,2027-01-17 15:00:00
328,106,5,2027-01-17 16:00:00
65,284,5,2027-01-17 17:00:00
365,24,5,2027-01-17 18:00:00
821,7,3,2027-01-17 19:00:00
484,368,5,2027-01-17 20:00:00
647,484,4,2027-01-17 21:00:00
901,487,2,2027-01-17 22:00:00
24,335,1,2027-01-17 23:00:00
540,433,3,2027-01-18 00:00:00
62,3,5,2027-01-18 01:00:00
491,496,4,2027-01-18 02:00:00
273,258,4,2027-01-18 03:00:00
229,263,1,2027-01-18 04:00:00
20,121,4,2027-01-18 05:00:00
3,208,2,2027-01-18 06:00:00
421,21,4,2027-01-18 07:00:00
730,393,5,2027-01-18 08:00:00
911,140,5,2027-01-18 09:00:00
307,477,3,2027-01-18 10:00:00
432,280,4,2027-01-18 11:00:00
136,289,4,2027-01-18 12:00:00
515,338,4,2027-01-18 15:00:00
193,118,4,2027-01-18 16:00:00
585,5,4,2027-01-18 17:00:00
415,207,2,2027-01-18 18:00:00
873,123,3,2027-01-18 19:00:00
118,327,2,2027-01-18 20:00:00
666,345,3,2027-01-18 21:00:00
209,142,2,2027-01-18 22:00:00
952,372,5,2027-01-18 23:00:00
34,232,5,2027-01-19 00:00:00
649,164,5,2027-01-19 01:00:00
318,35,5,2027-01-19 02:00:00
120,364,5,2027-01-19 03:00:00
627,434,3,2027-01-19 04:00:00
525,472,4,2027-01-19 05:00:00
581,335,2,2027-01-19 06:00:00
937,11,2,2027-01-19 07:00:00
845,408,4,2027-01-19 08:00:00
769,75,4,2027-01-19 09:00:00
89,300,2,2027-01-19 10:00:00
512,435,3,2027-01-19 11:00:00
47,401,1,2027-01-19 12:00:00
772,381,5,2027-01-19 13:00:00
740,198,5,2027-01-19 14:00:00
959,341,5,2027-01-19 15:00:00
692,264,5,2027-01-19 16:00:00
522,335,4,2027-01-19 17:00:00
284,374,2,2027-01-19 18:00:00
377,500,5,2027-01-19 19:00:00
638,224,3,2027-01-19 20:00:00
134,122,3,2027-01-19 21:00:00
667,74,5,2027-01-19 22:00:00
248,28,5,2027-01-19 23:00:00
652,463,4,2027-01-20 00:00:00
318,396,5,2027-01-20 01:00:00
436,171,4,2027-01-20 02:00:00
176,466,2,2027-01-20 03:00:00
835,376,4,2027-01-20 04:00:00
686,421,5,2027-01-20 05:00:00
993,364,4,2027-01-20 06:00:00
586,383,5,2027-01-20 07:00:00
351,216,4,2027-01-20 08:00:00
143,319,4,2027-01-20 09:00:00
967,101,3,2027-01-20 10:00:00
804,246,3,2027-01-20 11:00:00
398,93,3,2027-01-20 12:00:00
624,63,4,2027-01-20 13:00:00
643,206,5,2027-01-20 15:00:00
369,80,2,2027-01-20 16:00:00
501,37,4,2027-01-20 17:00:00
622,11,4,2027-01-20 18:00:00
370,115,4,2027-01-20 19:00:00
579,90,4,2027-01-20 20:00:00
382,232,3,2027-01-20 21:00:00
86,19,5,2027-01-20 22:00:00
787,52,5,2027-01-20 23:00:00
739,374,2,2027-01-21 00:00:00
460,274,5,2027-01-21 01:00:00
950,94,1,2027-01-21 02:00:00
325,32,1,2027-01-21 03:00:00
522,151,5,2027-01-21 04:00:00
489,140,4,2027-01-21 05:00:00
929,58,3,2027-01-21 06:00:00
397,461,4,2027-01-21 07:00:00
896,21,5,2027-01-21 08:00:00
355,149,5,2027-01-21 09:00:00
947,221,1,2027-01-21 10:00:00
288,221,5,2027-01-21 11:00:00
624,219,4,2027-01-21 13:00:00
998,29,4,2027-01-21 14:00:00
536,463,2,2027-01-21 15:00:00
291,47,3,2027-01-21 16:00:00
851,396,4,2027-01-21 17:00:00
838,58,5,2027-01-21 18:00:00
168,425,5,2027-01-21 19:00:00
950,275,4,2027-01-21 20:00:00
621,140,5,2027-01-21 21:00:00
428,23,5,2027-01-21 22:00:00
702,389,4,2027-01-21 23:00:00
490,378,3,2027-01-22 00:00:00
355,410,3,2027-01-22 01:00:00
196,373,2,2027-01-22 02:00:00
545,63,1,2027-01-22 03:00:00
717,52,2,2027-01-22 04:00:00
824,266,5,2027-01-22 05:00:00
932,342,1,2027-01-22 06:00:00
694,167,3,2027-01-22 07:00:00
659,151,5,2027-01-22 08:00:00
939,11,5,2027-01-22 09:00:00
780,476,5,2027-01-22 10:00:00
11,95,3,2027-01-22 11:00:00
582,72,4,2027-01-22 12:00:00
256,384,4,2027-01-22 13:00:00
731,48,4,2027-01-22 15:00:00
809,348,4,2027-01-22 16:00:00
409,272,5,2027-01-22 17:00:00
362,430,3,2027-01-22 18:00:00
259,431,3,2027-01-22 19:00:00
3,500,4,2027-01-22 20:00:00
84,95,4,2027-01-22 21:00:00
156,233,2,2027-01-22 22:00:00
663,48,5,2027-01-22 23:00:00
176,208,4,2027-01-23 00:00:00
707,453,4,2027-01-23 01:00:00
938,227,4,2027-01-23 02:00:00
472,409,5,2027-01-23 03:00:00
619,77,5,2027-01-23 04:00:00
424,349,2,2027-01-23 05:00:00
134,219,3,2027-01-23 06:00:00
788,360,2,2027-01-23 07:00:00
907,81,5,2027-01-23 08:00:00
864,37,4,2027-01-23 09:00:00
380,102,5,2027-01-23 10:00:00
667,191,5,2027-01-23 11:00:00
236,314,2,2027-01-23 13:00:00
752,253,3,2027-01-23 14:00:00
882,251,1,2027-01-23 15:00:00
13,226,5,2027-01-23 16:00:00
342,94,1,2027-01-23 17:00:00
35,415,4,2027-01-23 18:00:00
559,86,2,2027-01-23 19:00:00
214,110,1,2027-01-23 20:00:00
412,217,3,2027-01-23 21:00:00
405,196,4,2027-01-23 22:00:00
494,483,1,2027-01-23 23:00:00
658,297,4,2027-01-24 00:00:00
159,434,4,2027-01-24 01:00:00
956,44,5,2027-01-24 02:00:00
637,393,5,2027-01-24 03:00:00
110,443,4,2027-01-24 04:00:00
549,90,5,2027-01-24 05:00:00
789,475,3,2027-01-24 06:00:00
526,155,4,2027-01-24 07:00:00
985,466,4,2027-01-24 08:00:00
347,478,3,2027-01-24 09:00:00
744,109,5,2027-01-24 10:00:00
828,59,3,2027-01-24 11:00:00
636,110,3,2027-01-24 12:00:00
279,479,3,2027-01-24 13:00:00
479,106,5,2027-01-24 14:00:00
111,387,2,2027-01-24 15:00:00
925,263,5,2027-01-24 17:00:00
431,82,1,2027-01-24 18:00:00
542,272,5,2027-01-24 19:00:00
115,49,5,2027-01-24 20:00:00
90,377,4,2027-01-24 21:00:00
212,32,4,2027-01-24 22:00:00
550,486,5,2027-01-24 23:00:00
595,89,4,2027-01-25 00:00:00
539,428,2,2027-01-25 01:00:00
729,480,5,2027-01-25 02:00:00
360,19,2,2027-01-25 03:00:00
486,3,3,2027-01-25 04:00:00
372,378,5,2027-01-25 05:00:00
215,60,3,2027-01-25 06:00:00
733,419,5,2027-01-25 07:00:00
15,242,4,2027-01-25 08:00:00
955,29,5,2027-01-25 09:00:00
259,75,3,2027-01-25 10:00:00
778,70,4,2027-01-25 11:00:00
463,83,3,2027-01-25 12:00:00
120,357,3,2027-01-25 13:00:00
976,173,3,2027-01-25 14:00:00
913,411,3,2027-01-25 15:00:00
128,197,5,2027-01-25 16:00:00
723,346,4,2027-01-25 17:00:00
523,419,4,2027-01-25 18:00:00
688,147,4,2027-01-25 19:00:00
645,273,5,2027-01-25 20:00:00
325,35,4,2027-01-25 21:00:00
320,495,5,2027-01-25 22:00:00
506,113,3,2027-01-25 23:00:00
526,461,4,2027-01-26 00:00:00
50,206,2,2027-01-26 01:00:00
922,158,4,2027-01-26 02:00:00
584,253,3,2027-01-26 03:00:00
69,122,5,2027-01-26 04:00:00
391,48,3,2027-01-26 05:00:00
383,185,4,2027-01-26 06:00:00
16,491,4,2027-01-26 07:00:00
439,273,2,2027-01-26 08:00:00
846,101,1,2027-01-26 09:00:00
869,15,3,2027-01-26 10:00:00
568,128,4,2027-01-26 11:00:00
617,210,4,2027-01-26 12:00:00
132,112,4,2027-01-26 13:00:00
996,270,4,2027-01-26 14:00:00
560,142,4,2027-01-26 15:00:00
248,173,4,2027-01-26 16:00:00
273,353,2,2027-01-26 17:00:00
623,166,4,2027-01-26 18:00:00
932,447,3,2027-01-26 19:00:00
838,119,4,2027-01-26 20:00:00
848,203,5,2027-01-26 21:00:00
349,11,4,2027-01-26 22:00:00
484,249,3,2027-01-26 23:00:00
550,304,3,2027-01-27 00:00:00
357,248,1,2027-01-27 01:00:00
752,154,4,2027-01-27 02:00:00
318,323,4,2027-01-27 03:00:00
633,25,3,2027-01-27 04:00:00
48,465,5,2027-01-27 05:00:00
10,445,3,2027-01-27 06:00:00
233,342,4,2027-01-27 07:00:00
36,221,4,2027-01-27 08:00:00
413,110,4,2027-01-27 09:00:00
462,410,5,2027-01-27 10:00:00
4,418,1,2027-01-27 11:00:00
44,90,1,2027-01-27 12:00:00
568,265,5,2027-01-27 13:00:00
554,40,3,2027-01-27 14:00:00
255,459,5,2027-01-27 15:00:00
740,263,3,2027-01-27 16:00:00
114,158,2,2027-01-27 17:00:00
749,118,4,2027-01-27 18:00:00
397,450,3,2027-01-27 19:00:00
255,414,5,2027-01-27 21:00:00
466,196,1,2027-01-27 22:00:00
929,314,4,2027-01-27 23:00:00
277,311,3,2027-01-28 00:00:00
464,14,3,2027-01-28 01:00:00
847,461,3,2027-01-28 02:00:00
502,118,2,2027-01-28 03:00:00
441,217,1,2027-01-28 04:00:00
69,205,5,2027-01-28 05:00:00
509,77,4,2027-01-28 06:00:00
326,421,5,2027-01-28 07:00:00
742,380,1,2027-01-28 08:00:00
67,172,1,2027-01-28 09:00:00
304,390,4,2027-01-28 10:00:00
972,26,5,2027-01-28 11:00:00
484,128,3,2027-01-28 12:00:00
929,374,3,2027-01-28 13:00:00
548,142,3,2027-01-28 14:00:00
417,392,2,2027-01-28 15:00:00
159,24,5,2027-01-28 16:00:00
149,470,3,2027-01-28 17:00:00
27,232,3,2027-01-28 18:00:00
987,423,4,2027-01-28 19:00:00
584,177,1,2027-01-28 20:00:00
248,341,5,2027-01-28 21:00:00
101,235,5,2027-01-28 22:00:00
702,319,1,2027-01-28 23:00:00
96,26,4,2027-01-29 00:00:00
384,266,4,2027-01-29 01:00:00
282,461,1,2027-01-29 02:00:00
322,362,4,2027-01-29 03:00:00
396,117,4,2027-01-29 04:00:00
278,58,4,2027-01-29 05:00:00
529,270,5,2027-01-29 06:00:00
263,329,3,2027-01-29 07:00:00
619,455,4,2027-01-29 08:00:00
580,295,5,2027-01-29 09:00:00
640,122,2,2027-01-29 10:00:00
293,159,5,2027-01-29 11:00:00
294,178,3,2027-01-29 12:00:00
608,144,5,2027-01-29 13:00:00
395,328,5,2027-01-29 14:00:00
513,368,4,2027-01-29 15:00:00
810,399,3,2027-01-29 17:00:00
180,89,3,2027-01-29 18:00:00
920,239,4,2027-01-29 19:00:00
693,38,3,2027-01-29 20:00:00
235,361,4,2027-01-29 21:00:00
952,79,3,2027-01-29 22:00:00
831,345,1,2027-01-29 23:00:00
337,327,3,2027-01-30 00:00:00
8,346,4,2027-01-30 01:00:00
443,252,5,2027-01-30 02:00:00
941,328,1,2027-01-30 03:00:00
539,466,3,2027-01-30 04:00:00
820,149,5,2027-01-30 05:00:00
658,16,3,2027-01-30 06:00:00
854,323,4,2027-01-30 08:00:00
272,321,2,2027-01-30 09:00:00
834,269,4,2027-01-30 10:00:00
5,118,5,2027-01-30 11:00:00
594,192,5,2027-01-30 12:00:00
899,317,4,2027-01-30 13:00:00
219,288,4,2027-01-30 14:00:00
118,396,3,2027-01-30 15:00:00
593,351,3,2027-01-30 16:00:00
976,297,3,2027-01-30 17:00:00
582,194,5,2027-01-30 18:00:00
115,489,3,2027-01-30 19:00:00
263,392,3,2027-01-30 20:00:00
306,443,4,2027-01-30 21:00:00
654,281,4,2027-01-30 22:00:00
422,389,1,2027-01-30 23:00:00
1000,301,3,2027-01-31 00:00:00
207,386,4,2027-01-31 01:00:00
623,426,5,2027-01-31 02:00:00
303,250,4,2027-01-31 03:00:00
112,422,3,2027-01-31 04:00:00
417,231,4,2027-01-31 05:00:00
859,174,3,2027-01-31 07:00:00
285,240,2,2027-01-31 08:00:00
640,486,5,2027-01-31 09:00:00
185,406,4,2027-01-31 10:00:00
741,104,2,2027-01-31 11:00:00
901,289,3,2027-01-31 12:00:00
221,244,5,2027-01-31 13:00:00
864,288,4,2027-01-31 14:00:00
117,273,4,2027-01-31 16:00:00
70,120,1,2027-01-31 17:00:00
898,338,5,2027-01-31 18:00:00
70,440,3,2027-01-31 19:00:00
622,259,3,2027-01-31 20:00:00
427,70,2,2027-01-31 21:00:00
644,433,3,2027-01-31 22:00:00
568,183,5,2027-01-31 23:00:00
989,461,4,2027-02-01 00:00:00
443,247,2,2027-02-01 01:00:00
601,118,4,2027-02-01 02:00:00
137,31,4,2027-02-01 03:00:00
504,465,5,2027-02-01 04:00:00
131,149,5,2027-02-01 05:00:00
218,16,1,2027-02-01 06:00:00
688,273,5,2027-02-01 07:00:00
171,352,1,2027-02-01 08:00:00
475,385,2,2027-02-01 09:00:00
612,368,2,2027-02-01 10:00:00
992,102,2,2027-02-01 11:00:00
129,72,5,2027-02-01 12:00:00
57,193,4,2027-02-01 13:00:00
181,322,4,2027-02-01 14:00:00
246,111,5,2027-02-01 15:00:00
144,293,3,2027-02-01 16:00:00
51,408,1,2027-02-01 17:00:00
368,347,4,2027-02-01 18:00:00
459,340,5,2027-02-01 19:00:00
218,367,5,2027-02-01 20:00:00
616,318,3,2027-02-01 21:00:00
895,277,5,2027-02-01 22:00:00
567,106,5,2027-02-01 23:00:00
257,37,2,2027-02-02 00:00:00
858,291,4,2027-02-02 01:00:00
156,422,2,2027-02-02 02:00:00
565,181,4,2027-02-02 03:00:00
442,143,5,2027-02-02 04:00:00
841,114,5,2027-02-02 05:00:00
956,238,4,2027-02-02 06:00:00
699,426,5,2027-02-02 07:00:00
876,94,2,2027-02-02 08:00:00
662,260,2,2027-02-02 09:00:00
776,107,3,2027-02-02 10:00:00
762,244,5,2027-02-02 11:00:00
945,423,5,2027-02-02 12:00:00
810,335,4,2027-02-02 13:00:00
923,23,5,2027-02-02 14:00:00
935,361,5,2027-02-02 15:00:00
723,271,4,2027-02-02 16:00:00
25,474,4,2027-02-02 17:00:00
806,140,5,2027-02-02 18:00:00
853,466,2,2027-02-02 19:00:00
664,454,2,2027-02-02 20:00:00
536,384,3,2027-02-02 21:00:00
764,82,5,2027-02-02 22:00:00
60,377,5,2027-02-02 23:00:00
467,498,3,2027-02-03 00:00:00
434,438,5,2027-02-03 01:00:00
879,344,4,2027-02-03 02:00:00
66,422,4,2027-02-03 03:00:00
910,156,5,2027-02-03 04:00:00
565,335,4,2027-02-03 05:00:00
928,19,4,2027-02-03 06:00:00
106,69,1,2027-02-03 07:00:00
96,448,1,2027-02-03 08:00:00
988,132,4,2027-02-03 09:00:00
688,256,1,2027-02-03 10:00:00
551,209,5,2027-02-03 11:00:00
168,10,4,2027-02-03 12:00:00
42,140,4,2027-02-03 13:00:00
879,453,5,2027-02-03 14:00:00
104,135,5,2027-02-03 15:00:00
845,255,3,2027-02-03 16:00:00
204,300,4,2027-02-03 17:00:00
520,407,5,2027-02-03 18:00:00
975,258,1,2027-02-03 19:00:00
282,94,3,2027-02-03 20:00:00
908,372,4,2027-02-03 21:00:00
43,241,4,2027-02-03 22:00:00
947,237,2,2027-02-03 23:00:00
110,165,4,2027-02-04 00:00:00
987,325,4,2027-02-04 01:00:00
210,148,4,2027-02-04 02:00:00
749,218,5,2027-02-04 03:00:00
868,428,5,2027-02-04 04:00:00
831,108,4,2027-02-04 05:00:00
49,231,4,2027-02-04 06:00:00
115,70,5,2027-02-04 07:00:00
155,221,4,2027-02-04 08:00:00
649,74,5,2027-02-04 09:00:00
503,179,4,2027-02-04 10:00:00
679,80,4,2027-02-04 11:00:00
833,354,2,2027-02-04 12:00:00
711,159,5,2027-02-04 13:00:00
986,356,4,2027-02-04 14:00:00
71,169,5,2027-02-04 15:00:00
519,314,4,2027-02-04 16:00:00
712,389,1,2027-02-04 17:00:00
336,161,4,2027-02-04 18:00:00
67,427,2,2027-02-04 19:00:00
493,403,3,2027-02-04 20:00:00
650,32,3,2027-02-04 21:00:00
754,121,3,2027-02-04 22:00:00
967,215,2,2027-02-04 23:00:00
213,3,5,2027-02-05 00:00:00
181,385,5,2027-02-05 01:00:00
766,228,3,2027-02-05 02:00:00
613,425,4,2027-02-05 03:00:00
863,476,4,2027-02-05 04:00:00
599,48,3,2027-02-05 05:00:00
697,167,3,2027-02-05 06:00:00
603,389,2,2027-02-05 07:00:00
248,333,5,2027-02-05 08:00:00
214,11,5,2027-02-05 09:00:00
359,238,4,2027-02-05 10:00:00
249,278,5,2027-02-05 11:00:00
638,241,4,2027-02-05 12:00:00
923,471,2,2027-02-05 13:00:00
950,192,5,2027-02-05 14:00:00
881,12,3,2027-02-05 15:00:00
516,53,5,2027-02-05 16:00:00
88,55,4,2027-02-05 17:00:00
663,309,4,2027-02-05 18:00:00
176,21,4,2027-02-05 19:00:00
723,19,5,2027-02-05 20:00:00
426,453,1,2027-02-05 21:00:00
771,344,1,2027-02-05 22:00:00
603,350,5,2027-02-05 23:00:00
771,456,5,2027-02-06 00:00:00
924,322,5,2027-02-06 01:00:00
703,315,4,2027-02-06 02:00:00
81,433,4,2027-02-06 03:00:00
927,482,4,2027-02-06 04:00:00
138,59,3,2027-02-06 05:00:00
433,151,5,2027-02-06 06:00:00
470,259,5,2027-02-06 07:00:00
350,440,5,2027-02-06 08:00:00
126,372,4,2027-02-06 09:00:00
881,58,4,2027-02-06 10:00:00
917,216,5,2027-02-06 11:00:00
868,62,5,2027-02-06 12:00:00
309,146,5,2027-02-06 13:00:00
855,445,4,2027-02-06 14:00:00
230,382,5,2027-02-06 15:00:00
460,239,2,2027-02-06 16:00:00
345,293,4,2027-02-06 17:00:00
310,182,2,2027-02-06 18:00:00
953,369,5,2027-02-06 19:00:00
20,95,4,2027-02-06 20:00:00
881,78,1,2027-02-06 21:00:00
561,449,4,2027-02-06 22:00:00
647,142,2,2027-02-06 23:00:00
541,105,2,2027-02-07 00:00:00
560,261,2,2027-02-07 01:00:00
477,95,4,2027-02-07 02:00:00
269,223,2,2027-02-07 03:00:00
3,478,2,2027-02-07 04:00:00
770,484,3,2027-02-07 05:00:00
16,190,1,2027-02-07 06:00:00
606,129,3,2027-02-07 07:00:00
358,319,4,2027-02-07 08:00:00
646,195,4,2027-02-07 09:00:00
813,20,5,2027-02-07 10:00:00
839,299,2,2027-02-07 11:00:00
133,240,5,2027-02-07 12:00:00
312,235,3,2027-02-07 13:00:00
967,85,3,2027-02-07 14:00:00
482,94,3,2027-02-07 15:00:00
895,42,2,2027-02-07 16:00:00
544,364,4,2027-02-07 17:00:00
305,350,5,2027-02-07 18:00:00
269,453,5,2027-02-07 19:00:00
414,74,5,2027-02-07 20:00:00
25,472,5,2027-02-07 21:00:00
981,365,4,2027-02-07 22:00:00
316,115,4,2027-02-07 23:00:00
571,423,5,2027-02-08 00:00:00
725,190,5,2027-02-08 01:00:00
668,432,2,2027-02-08 02:00:00
826,125,4,2027-02-08 03:00:00
276,6,4,2027-02-08 04:00:00
930,458,4,2027-02-08 05:00:00
389,379,5,2027-02-08 06:00:00
722,42,4,2027-02-08 07:00:00
444,58,5,2027-02-08 08:00:00
999,427,5,2027-02-08 09:00:00
427,10,2,2027-02-08 10:00:00
57,89,1,2027-02-08 11:00:00
697,334,3,2027-02-08 12:00:00
971,111,5,2027-02-08 13:00:00
566,39,3,2027-02-08 14:00:00
721,397,4,2027-02-08 15:00:00
368,459,4,2027-02-08 16:00:00
941,167,5,2027-02-08 17:00:00
342,11,2,2027-02-08 18:00:00
805,110,3,2027-02-08 19:00:00
852,497,3,2027-02-08 20:00:00
304,16,4,2027-02-08 21:00:00
764,33,3,2027-02-08 22:00:00
374,233,5,2027-02-08 23:00:00
950,489,3,2027-02-09 00:00:00
816,188,4,2027-02-09 01:00:00
112,224,5,2027-02-09 02:00:00
878,59,4,2027-02-09 03:00:00
6,458,3,2027-02-09 04:00:00
930,51,5,2027-02-09 05:00:00
703,271,1,2027-02-09 06:00:00
846,464,3,2027-02-09 07:00:00
944,43,3,2027-02-09 08:00:00
279,27,2,2027-02-09 09:00:00
382,56,4,2027-02-09 10:00:00
852,121,4,2027-02-09 11:00:00
13,113,4,2027-02-09 12:00:00
303,316,3,2027-02-09 13:00:00
556,115,4,2027-02-09 14:00:00
617,109,3,2027-02-09 15:00:00
160,480,3,2027-02-09 16:00:00
154,454,3,2027-02-09 17:00:00
754,175,4,2027-02-09 18:00:00
181,112,4,2027-02-09 19:00:00
526,100,3,2027-02-09 20:00:00
180,8,5,2027-02-09 21:00:00
377,447,3,2027-02-09 22:00:00
804,473,5,2027-02-09 23:00:00
776,135,2,2027-02-10 00:00:00
168,251,4,2027-02-10 01:00:00
214,337,4,2027-02-10 02:00:00
150,240,4,2027-02-10 03:00:00
16,222,2,2027-02-10 04:00:00
91,386,4,2027-02-10 05:00:00
120,145,5,2027-02-10 06:00:00
956,377,5,2027-02-10 07:00:00
253,4,3,2027-02-10 08:00:00
60,282,3,2027-02-10 09:00:00
266,334,1,2027-02-10 10:00:00
409,328,2,2027-02-10 11:00:00
31,197,2,2027-02-10 12:00:00
21,389,3,2027-02-10 13:00:00
731,128,5,2027-02-10 14:00:00
593,261,4,2027-02-10 15:00:00
289,91,5,2027-02-10 16:00:00
543,325,5,2027-02-10 17:00:00
498,259,4,2027-02-10 18:00:00
746,422,4,2027-02-10 19:00:00
474,94,5,2027-02-10 20:00:00
405,257,4,2027-02-10 21:00:00
548,136,4,2027-02-10 22:00:00
961,13,5,2027-02-10 23:00:00
132,468,1,2027-02-11 00:00:00
324,198,4,2027-02-11 01:00:00
858,498,2,2027-02-11 02:00:00
132,178,5,2027-02-11 03:00:00
521,112,5,2027-02-11 04:00:00
30,264,4,2027-02-11 05:00:00
301,369,5,2027-02-11 07:00:00
325,79,5,2027-02-11 09:00:00
509,378,4,2027-02-11 10:00:00
237,256,5,2027-02-11 11:00:00
535,74,4,2027-02-11 12:00:00
16,383,4,2027-02-11 13:00:00
534,161,1,2027-02-11 14:00:00
997,201,3,2027-02-11 15:00:00
584,369,5,2027-02-11 16:00:00
816,308,4,2027-02-11 17:00:00
446,377,4,2027-02-11 18:00:00
993,33,4,2027-02-11 19:00:00
503,73,3,2027-02-11 20:00:00
956,462,4,2027-02-11 21:00:00
230,352,3,2027-02-11 22:00:00
107,293,5,2027-02-11 23:00:00
720,198,4,2027-02-12 00:00:00
389,325,5,2027-02-12 01:00:00
720,388,4,2027-02-12 02:00:00
263,316,3,2027-02-12 03:00:00
563,240,5,2027-02-12 04:00:00
65,464,2,2027-02-12 05:00:00
265,74,4,2027-02-12 06:00:00
338,31,3,2027-02-12 07:00:00
301,479,4,2027-02-12 08:00:00
378,14,3,2027-02-12 09:00:00
175,205,5,2027-02-12 10:00:00
963,316,5,2027-02-12 11:00:00
152,68,5,2027-02-12 12:00:00
476,128,3,2027-02-12 13:00:00
266,494,4,2027-02-12 14:00:00
329,26,5,2027-02-12 15:00:00
973,408,3,2027-02-12 16:00:00
816,184,2,2027-02-12 17:00:00
163,137,2,2027-02-12 18:00:00
438,291,4,2027-02-12 19:00:00
343,106,5,2027-02-12 20:00:00
367,463,4,2027-02-12 21:00:00
465,24,4,2027-02-12 22:00:00
750,415,5,2027-02-12 23:00:00
199,339,4,2027-02-13 00:00:00
500,450,4,2027-02-13 01:00:00
821,169,3,2027-02-13 03:00:00
296,36,3,2027-02-13 04:00:00
868,101,5,2027-02-13 05:00:00
511,34,5,2027-02-13 06:00:00
788,377,3,2027-02-13 07:00:00
984,39,1,2027-02-13 08:00:00
239,211,5,2027-02-13 09:00:00
581,230,4,2027-02-13 10:00:00
301,279,3,2027-02-13 11:00:00
6,80,2,2027-02-13 12:00:00
220,238,1,2027-02-13 13:00:00
766,172,4,2027-02-13 14:00:00
453,326,3,2027-02-13 15:00:00
433,442,4,2027-02-13 16:00:00
807,59,5,2027-02-13 17:00:00
870,410,3,2027-02-13 18:00:00
386,22,3,2027-02-13 19:00:00
619,365,3,2027-02-13 20:00:00
295,367,4,2027-02-13 21:00:00
118,344,4,2027-02-13 22:00:00
405,238,3,2027-02-13 23:00:00
680,296,2,2027-02-14 00:00:00
997,341,5,2027-02-14 01:00:00
763,94,5,2027-02-14 02:00:00
594,244,3,2027-02-14 03:00:00
566,11,2,2027-02-14 04:00:00
752,117,4,2027-02-14 05:00:00
878,265,3,2027-02-14 06:00:00
12,12,3,2027-02-14 07:00:00
209,154,5,2027-02-14 08:00:00
165,38,3,2027-02-14 09:00:00
878,499,5,2027-02-14 10:00:00
294,131,4,2027-02-14 11:00:00
911,382,3,2027-02-14 12:00:00
519,225,4,2027-02-14 13:00:00
78,143,4,2027-02-14 14:00:00
434,431,3,2027-02-14 15:00:00
577,389,2,2027-02-14 16:00:00
614,54,4,2027-02-14 17:00:00
963,24,4,2027-02-14 18:00:00
869,395,4,2027-02-14 19:00:00
812,121,1,2027-02-14 20:00:00
799,119,5,2027-02-14 21:00:00
683,161,4,2027-02-14 22:00:00
77,471,4,2027-02-14 23:00:00
48,74,4,2027-02-15 00:00:00
767,185,3,2027-02-15 01:00:00
82,436,5,2027-02-15 02:00:00
895,192,2,2027-02-15 03:00:00
721,427,5,2027-02-15 04:00:00
209,220,4,2027-02-15 05:00:00
445,487,5,2027-02-15 06:00:00
971,121,5,2027-02-15 07:00:00
596,209,4,2027-02-15 08:00:00
522,384,5,2027-02-15 09:00:00
29,300,5,2027-02-15 10:00:00
304,346,1,2027-02-15 11:00:00
994,473,2,2027-02-15 12:00:00
465,164,4,2027-02-15 13:00:00
502,268,5,2027-02-15 14:00:00
446,440,4,2027-02-15 15:00:00
628,3,1,2027-02-15 16:00:00
490,50,4,2027-02-15 17:00:00
781,413,2,2027-02-15 18:00:00
428,364,4,2027-02-15 19:00:00
559,472,3,2027-02-15 20:00:00
359,211,4,2027-02-15 21:00:00
960,461,5,2027-02-15 22:00:00
91,16,4,2027-02-15 23:00:00
53,168,1,2027-02-16 00:00:00
730,283,4,2027-02-16 01:00:00
860,379,3,2027-02-16 02:00:00
589,326,5,2027-02-16 03:00:00
204,298,4,2027-02-16 04:00:00
556,185,5,2027-02-16 05:00:00
156,138,5,2027-02-16 06:00:00
2,125,3,2027-02-16 07:00:00
357,422,5,2027-02-16 08:00:00
825,392,2,2027-02-16 09:00:00
569,402,4,2027-02-16 10:00:00
802,480,1,2027-02-16 11:00:00
983,401,3,2027-02-16 12:00:00
58,58,4,2027-02-16 13:00:00
254,362,1,2027-02-16 14:00:00
180,66,2,2027-02-16 15:00:00
493,428,3,2027-02-16 16:00:00
669,340,4,2027-02-16 17:00:00
35,202,1,2027-02-16 18:00:00
75,9,4,2027-02-16 19:00:00
944,432,4,2027-02-16 20:00:00
289,423,4,2027-02-16 21:00:00
371,105,1,2027-02-16 22:00:00
587,89,4,2027-02-16 23:00:00
329,89,4,2027-02-17 00:00:00
590,344,4,2027-02-17 01:00:00
767,6,4,2027-02-17 02:00:00
777,158,3,2027-02-17 03:00:00
999,379,4,2027-02-17 04:00:00
304,330,2,2027-02-17 05:00:00
579,103,3,2027-02-17 06:00:00
221,223,1,2027-02-17 07:00:00
979,402,5,2027-02-17 08:00:00
164,171,4,2027-02-17 09:00:00
480,33,5,2027-02-17 10:00:00
455,181,5,2027-02-17 11:00:00
375,184,5,2027-02-17 12:00:00
220,403,2,2027-02-17 13:00:00
684,87,4,2027-02-17 14:00:00
254,69,4,2027-02-17 15:00:00
722,380,4,2027-02-17 16:00:00
188,26,3,2027-02-17 17:00:00
191,413,1,2027-02-17 18:00:00
389,408,5,2027-02-17 19:00:00
215,6,5,2027-02-17 20:00:00
375,256,4,2027-02-17 21:00:00
86,182,3,2027-02-17 22:00:00
474,295,5,2027-02-17 23:00:00
618,260,3,2027-02-18 00:00:00
844,384,5,2027-02-18 01:00:00
808,314,5,2027-02-18 02:00:00
531,304,4,2027-02-18 03:00:00
47,316,4,2027-02-18 04:00:00
65,234,5,2027-02-18 05:00:00
963,282,4,2027-02-18 06:00:00
475,207,2,2027-02-18 07:00:00
146,77,4,2027-02-18 08:00:00
946,168,1,2027-02-18 09:00:00
798,342,5,2027-02-18 10:00:00
382,379,4,2027-02-18 11:00:00
66,461,3,2027-02-18 12:00:00
517,56,5,2027-02-18 13:00:00
93,295,4,2027-02-18 14:00:00
865,81,4,2027-02-18 15:00:00
426,484,1,2027-02-18 16:00:00
468,167,4,2027-02-18 17:00:00
94,176,2,2027-02-18 18:00:00
618,281,3,2027-02-18 19:00:00
133,418,3,2027-02-18 20:00:00
434,383,1,2027-02-18 21:00:00
341,149,4,2027-02-18 22:00:00
314,256,4,2027-02-18 23:00:00
591,281,4,2027-02-19 00:00:00
212,345,4,2027-02-19 01:00:00
520,278,5,2027-02-19 02:00:00
159,279,1,2027-02-19 03:00:00
268,409,4,2027-02-19 04:00:00
661,206,5,2027-02-19 05:00:00
862,462,1,2027-02-19 06:00:00
958,410,4,2027-02-19 07:00:00
603,488,4,2027-02-19 08:00:00
748,30,2,2027-02-19 09:00:00
474,218,3,2027-02-19 10:00:00
801,422,5,2027-02-19 11:00:00
410,470,4,2027-02-19 12:00:00
474,231,3,2027-02-19 13:00:00
356,359,5,2027-02-19 14:00:00
680,162,5,2027-02-19 15:00:00
193,217,3,2027-02-19 16:00:00
699,228,4,2027-02-19 17:00:00
271,333,4,2027-02-19 18:00:00
114,221,3,2027-02-19 19:00:00
897,234,4,2027-02-19 20:00:00
523,73,3,2027-02-19 21:00:00
55,399,3,2027-02-19 22:00:00
770,95,3,2027-02-19 23:00:00
65,428,5,2027-02-20 00:00:00
272,394,4,2027-02-20 03:00:00
502,243,1,2027-02-20 04:00:00
662,373,4,2027-02-20 05:00:00
362,293,3,2027-02-20 06:00:00
146,263,4,2027-02-20 07:00:00
943,124,5,2027-02-20 08:00:00
209,288,1,2027-02-20 09:00:00
286,500,4,2027-02-20 10:00:00
10,267,4,2027-02-20 11:00:00
739,432,3,2027-02-20 12:00:00
186,109,4,2027-02-20 13:00:00
574,348,4,2027-02-20 14:00:00
597,452,5,2027-02-20 15:00:00
464,48,2,2027-02-20 16:00:00
134,301,4,2027-02-20 17:00:00
835,95,5,2027-02-20 18:00:00
809,477,4,2027-02-20 19:00:00
171,33,4,2027-02-20 20:00:00
213,118,3,2027-02-20 21:00:00
973,132,2,2027-02-20 22:00:00
530,251,5,2027-02-20 23:00:00
826,303,2,2027-02-21 00:00:00
502,122,5,2027-02-21 01:00:00
572,218,2,2027-02-21 02:00:00
600,53,2,2027-02-21 03:00:00
27,126,3,2027-02-21 04:00:00
68,159,4,2027-02-21 05:00:00
790,159,5,2027-02-21 06:00:00
408,283,5,2027-02-21 07:00:00
552,89,3,2027-02-21 08:00:00
109,176,1,2027-02-21 09:00:00
74,292,4,2027-02-21 10:00:00
578,433,5,2027-02-21 11:00:00
680,159,3,2027-02-21 12:00:00
262,491,2,2027-02-21 13:00:00
368,249,3,2027-02-21 14:00:00
786,357,4,2027-02-21 15:00:00
849,122,4,2027-02-21 16:00:00
870,237,5,2027-02-21 17:00:00
237,428,3,2027-02-21 18:00:00
727,125,5,2027-02-21 19:00:00
366,315,2,2027-02-21 20:00:00
286,279,3,2027-02-21 21:00:00
378,355,4,2027-02-21 22:00:00
661,324,5,2027-02-21 23:00:00
830,92,3,2027-02-22 00:00:00
906,426,5,2027-02-22 01:00:00
376,105,5,2027-02-22 02:00:00
619,42,3,2027-02-22 03:00:00
653,397,5,2027-02-22 04:00:00
76,129,4,2027-02-22 05:00:00
9,460,5,2027-02-22 06:00:00
196,491,5,2027-02-22 07:00:00
807,53,5,2027-02-22 08:00:00
792,168,3,2027-02-22 09:00:00
893,90,5,2027-02-22 10:00:00
630,247,4,2027-02-22 11:00:00
290,174,4,2027-02-22 12:00:00
999,494,3,2027-02-22 13:00:00
61,372,5,2027-02-22 14:00:00
937,87,4,2027-02-22 15:00:00
389,369,4,2027-02-22 16:00:00
847,150,4,2027-02-22 17:00:00
818,249,5,2027-02-22 18:00:00
900,115,3,2027-02-22 19:00:00
563,180,5,2027-02-22 20:00:00
564,120,2,2027-02-22 21:00:00
634,28,5,2027-02-22 22:00:00
679,309,4,2027-02-22 23:00:00
8,117,4,2027-02-23 00:00:00
369,191,4,2027-02-23 01:00:00
45,145,2,2027-02-23 02:00:00
344,320,4,2027-02-23 03:00:00
757,262,5,2027-02-23 04:00:00
796,142,5,2027-02-23 05:00:00
375,114,3,2027-02-23 06:00:00
619,384,5,2027-02-23 07:00:00
27,273,5,2027-02-23 08:00:00
193,38,3,2027-02-23 09:00:00
930,197,4,2027-02-23 10:00:00
849,13,4,2027-02-23 11:00:00
357,112,2,2027-02-23 12:00:00
62,437,5,2027-02-23 13:00:00
62,137,2,2027-02-23 14:00:00
794,127,5,2027-02-23 16:00:00
633,362,5,2027-02-23 17:00:00
792,410,1,2027-02-23 18:00:00
551,333,3,2027-02-23 19:00:00
380,19,4,2027-02-23 20:00:00
277,432,5,2027-02-23 21:00:00
606,465,5,2027-02-23 22:00:00
431,208,1,2027-02-23 23:00:00
115,158,4,2027-02-24 00:00:00
688,160,1,2027-02-24 01:00:00
121,334,5,2027-02-24 02:00:00
525,240,2,2027-02-24 03:00:00
997,376,5,2027-02-24 04:00:00
899,79,2,2027-02-24 05:00:00
416,332,5,2027-02-24 06:00:00
163,357,3,2027-02-24 07:00:00
787,331,4,2027-02-24 08:00:00
910,197,4,2027-02-24 09:00:00
688,120,3,2027-02-24 10:00:00
982,248,3,2027-02-24 11:00:00
337,139,2,2027-02-24 12:00:00
379,226,1,2027-02-24 13:00:00
324,83,3,2027-02-24 14:00:00
173,410,4,2027-02-24 15:00:00
1000,26,5,2027-02-24 16:00:00
787,128,5,2027-02-24 17:00:00
64,401,1,2027-02-24 18:00:00
101,223,3,2027-02-24 19:00:00
322,339,5,2027-02-24 20:00:00
975,44,4,2027-02-24 21:00:00
66,84,2,2027-02-24 22:00:00
843,407,3,2027-02-24 23:00:00
557,25,3,2027-02-25 00:00:00
599,220,1,2027-02-25 01:00:00
458,293,5,2027-02-25 02:00:00
579,204,3,2027-02-25 03:00:00
453,368,5,2027-02-25 04:00:00
259,193,5,2027-02-25 05:00:00
934,2,5,2027-02-25 06:00:00
717,202,3,2027-02-25 07:00:00
426,354,3,2027-02-25 08:00:00
979,32,4,2027-02-25 09:00:00
936,89,3,2027-02-25 10:00:00
178,202,5,2027-02-25 11:00:00
931,439,2,2027-02-25 12:00:00
280,178,5,2027-02-25 13:00:00
344,193,4,2027-02-25 14:00:00
17,160,5,2027-02-25 15:00:00
296,293,4,2027-02-25 16:00:00
202,204,4,2027-02-25 17:00:00
962,241,5,2027-02-25 18:00:00
684,115,2,2027-02-25 19:00:00
919,210,2,2027-02-25 20:00:00
194,397,4,2027-02-25 22:00:00
149,182,2,2027-02-25 23:00:00
375,259,2,2027-02-26 00:00:00
888,469,1,2027-02-26 01:00:00
35,426,5,2027-02-26 02:00:00
369,462,4,2027-02-26 03:00:00
29,40,5,2027-02-26 04:00:00
775,330,3,2027-02-26 05:00:00
221,322,5,2027-02-26 06:00:00
53,60,4,2027-02-26 07:00:00
933,493,4,2027-02-26 08:00:00
791,485,3,2027-02-26 09:00:00
353,11,2,2027-02-26 10:00:00
392,120,5,2027-02-26 11:00:00
76,385,5,2027-02-26 12:00:00
494,410,3,2027-02-26 13:00:00
688,42,5,2027-02-26 14:00:00
522,190,3,2027-02-26 15:00:00
975,123,4,2027-02-26 16:00:00
117,189,5,2027-02-26 17:00:00
280,252,3,2027-02-26 18:00:00
730,461,3,2027-02-26 19:00:00
175,92,4,2027-02-26 20:00:00
746,484,4,2027-02-26 21:00:00
949,213,2,2027-02-26 22:00:00
764,318,1,2027-02-26 23:00:00
295,202,5,2027-02-27 00:00:00
451,268,3,2027-02-27 01:00:00
834,494,2,2027-02-27 02:00:00
518,155,5,2027-02-27 03:00:00
21,195,3,2027-02-27 04:00:00
73,28,2,2027-02-27 05:00:00
842,194,5,2027-02-27 06:00:00
36,412,5,2027-02-27 07:00:00
507,499,2,2027-02-27 08:00:00
899,223,5,2027-02-27 09:00:00
233,107,5,2027-02-27 10:00:00
728,149,4,2027-02-27 11:00:00
982,135,4,2027-02-27 12:00:00
497,498,3,2027-02-27 13:00:00
206,95,2,2027-02-27 14:00:00
426,270,4,2027-02-27 15:00:00
941,423,5,2027-02-27 16:00:00
44,374,4,2027-02-27 17:00:00
91,126,2,2027-02-27 18:00:00
929,359,3,2027-02-27 19:00:00
828,329,4,2027-02-27 20:00:00
470,471,4,2027-02-27 21:00:00
605,318,1,2027-02-27 22:00:00
467,12,4,2027-02-27 23:00:00
851,477,5,2027-02-28 00:00:00
454,294,2,2027-02-28 01:00:00
595,442,3,2027-02-28 02:00:00
333,440,3,2027-02-28 03:00:00
507,295,5,2027-02-28 04:00:00
794,342,4,2027-02-28 05:00:00
470,4,4,2027-02-28 06:00:00
21,304,5,2027-02-28 07:00:00
228,391,3,2027-02-28 08:00:00
376,316,2,2027-02-28 09:00:00
620,124,3,2027-02-28 12:00:00
414,372,1,2027-02-28 13:00:00
795,314,4,2027-02-28 14:00:00
71,185,5,2027-02-28 15:00:00
404,35,1,2027-02-28 16:00:00
562,73,4,2027-02-28 17:00:00
607,371,5,2027-02-28 18:00:00
791,13,2,2027-02-28 19:00:00
397,39,4,2027-02-28 20:00:00
337,84,4,2027-02-28 21:00:00
644,21,3,2027-02-28 22:00:00
505,253,5,2027-02-28 23:00:00
910,303,5,2027-03-01 00:00:00
276,467,5,2027-03-01 01:00:00
892,258,3,2027-03-01 02:00:00
13,300,5,2027-03-01 03:00:00
3,488,4,2027-03-01 04:00:00
986,30,3,2027-03-01 05:00:00
986,471,2,2027-03-01 06:00:00
978,128,5,2027-03-01 07:00:00
224,311,4,2027-03-01 08:00:00
974,40,5,2027-03-01 09:00:00
175,461,2,2027-03-01 10:00:00
899,97,5,2027-03-01 11:00:00
385,224,2,2027-03-01 12:00:00
602,92,1,2027-03-01 13:00:00
920,280,5,2027-03-01 14:00:00
241,170,1,2027-03-01 15:00:00
547,284,4,2027-03-01 16:00:00
14,222,5,2027-03-01 17:00:00
195,117,5,2027-03-01 18:00:00
397,248,4,2027-03-01 19:00:00
431,361,4,2027-03-01 20:00:00
306,349,4,2027-03-01 21:00:00
334,354,2,2027-03-01 22:00:00
725,435,3,2027-03-01 23:00:00
410,406,3,2027-03-02 00:00:00
3,89,3,2027-03-02 01:00:00
691,78,3,2027-03-02 02:00:00
552,458,3,2027-03-02 03:00:00
452,74,3,2027-03-02 04:00:00
676,392,3,2027-03-02 05:00:00
819,14,4,2027-03-02 06:00:00
747,45,2,2027-03-02 07:00:00
769,38,5,2027-03-02 08:00:00
872,416,5,2027-03-02 09:00:00
495,245,3,2027-03-02 10:00:00
417,62,2,2027-03-02 11:00:00
391,493,5,2027-03-02 12:00:00
373,96,5,2027-03-02 13:00:00
628,323,1,2027-03-02 14:00:00
52,252,1,2027-03-02 15:00:00
376,468,2,2027-03-02 16:00:00
395,61,4,2027-03-02 17:00:00
923,269,5,2027-03-02 18:00:00
142,119,5,2027-03-02 19:00:00
86,87,4,2027-03-02 20:00:00
464,83,5,2027-03-02 21:00:00
46,80,3,2027-03-02 22:00:00
844,228,4,2027-03-02 23:00:00
238,483,3,2027-03-03 00:00:00
10,303,3,2027-03-03 01:00:00
664,111,3,2027-03-03 02:00:00
573,370,4,2027-03-03 03:00:00
530,310,5,2027-03-03 04:00:00
598,71,4,2027-03-03 05:00:00
649,436,1,2027-03-03 06:00:00
913,485,1,2027-03-03 07:00:00
742,328,3,2027-03-03 08:00:00
640,25,3,2027-03-03 09:00:00
616,279,4,2027-03-03 10:00:00
698,202,1,2027-03-03 11:00:00
909,414,5,2027-03-03 12:00:00
178,225,5,2027-03-03 13:00:00
869,267,3,2027-03-03 14:00:00
6,419,4,2027-03-03 15:00:00
853,283,2,2027-03-03 16:00:00
307,117,4,2027-03-03 17:00:00
548,67,5,2027-03-03 18:00:00
327,47,4,2027-03-03 19:00:00
356,241,2,2027-03-03 20:00:00
793,178,5,2027-03-03 21:00:00
395,8,4,2027-03-03 22:00:00
300,183,4,2027-03-03 23:00:00
526,77,4,2027-03-04 00:00:00
749,426,2,2027-03-04 01:00:00
285,67,4,2027-03-04 02:00:00
330,148,4,2027-03-04 03:00:00
50,494,5,2027-03-04 04:00:00
773,173,1,2027-03-04 05:00:00
968,35,3,2027-03-04 06:00:00
622,77,5,2027-03-04 07:00:00
709,404,3,2027-03-04 08:00:00
378,280,5,2027-03-04 09:00:00
764,185,1,2027-03-04 10:00:00
600,55,1,2027-03-04 11:00:00
1000,393,3,2027-03-04 12:00:00
825,94,5,2027-03-04 13:00:00
538,473,2,2027-03-04 14:00:00
774,144,3,2027-03-04 15:00:00
144,247,2,2027-03-04 16:00:00
60,439,3,2027-03-04 17:00:00
868,200,4,2027-03-04 18:00:00
780,236,3,2027-03-04 19:00:00
75,314,3,2027-03-04 20:00:00
3,320,3,2027-03-04 21:00:00
575,220,5,2027-03-04 22:00:00
748,332,2,2027-03-04 23:00:00
448,371,4,2027-03-05 00:00:00
958,216,3,2027-03-05 01:00:00
741,49,3,2027-03-05 02:00:00
902,285,5,2027-03-05 03:00:00
275,463,5,2027-03-05 04:00:00
530,118,3,2027-03-05 05:00:00
592,82,4,2027-03-05 06:00:00
215,263,4,2027-03-05 07:00:00
683,77,5,2027-03-05 08:00:00
485,211,5,2027-03-05 09:00:00
329,496,4,2027-03-05 10:00:00
255,491,5,2027-03-05 11:00:00
387,122,5,2027-03-05 12:00:00
126,325,4,2027-03-05 13:00:00
767,90,4,2027-03-05 14:00:00
584,258,4,2027-03-05 15:00:00
550,161,3,2027-03-05 16:00:00
324,176,4,2027-03-05 17:00:00
204,293,4,2027-03-05 18:00:00
172,89,1,2027-03-05 19:00:00
735,127,5,2027-03-05 20:00:00
217,473,5,2027-03-05 21:00:00
245,359,1,2027-03-05 22:00:00
703,297,3,2027-03-06 00:00:00
298,260,4,2027-03-06 01:00:00
832,339,4,2027-03-06 02:00:00
182,475,4,2027-03-06 03:00:00
511,111,5,2027-03-06 05:00:00
383,423,4,2027-03-06 06:00:00
717,24,4,2027-03-06 07:00:00
873,50,4,2027-03-06 08:00:00
199,37,5,2027-03-06 09:00:00
332,181,2,2027-03-06 10:00:00
165,253,3,2027-03-06 11:00:00
242,25,5,2027-03-06 12:00:00
900,349,5,2027-03-06 13:00:00
642,125,5,2027-03-06 14:00:00
227,31,1,2027-03-06 15:00:00
634,237,5,2027-03-06 16:00:00
556,227,5,2027-03-06 17:00:00
451,348,5,2027-03-06 18:00:00
196,38,4,2027-03-06 19:00:00
870,383,1,2027-03-06 20:00:00
204,58,4,2027-03-06 21:00:00
979,236,4,2027-03-06 22:00:00
458,181,4,2027-03-06 23:00:00
830,114,5,2027-03-07 00:00:00
257,306,4,2027-03-07 01:00:00
529,132,3,2027-03-07 02:00:00
272,348,4,2027-03-07 03:00:00
9,180,2,2027-03-07 04:00:00
761,415,1,2027-03-07 05:00:00
949,471,4,2027-03-07 06:00:00
201,78,5,2027-03-07 07:00:00
59,220,5,2027-03-07 08:00:00
887,142,4,2027-03-07 09:00:00
393,385,5,2027-03-07 10:00:00
652,43,2,2027-03-07 11:00:00
119,480,5,2027-03-07 12:00:00
553,118,5,2027-03-07 13:00:00
399,59,4,2027-03-07 14:00:00
834,61,1,2027-03-07 15:00:00
331,41,4,2027-03-07 16:00:00
267,274,2,2027-03-07 17:00:00
520,188,4,2027-03-07 18:00:00
695,453,2,2027-03-07 19:00:00
480,490,4,2027-03-07 20:00:00
134,335,3,2027-03-07 21:00:00
693,187,2,2027-03-07 22:00:00
916,426,3,2027-03-07 23:00:00
935,464,1,2027-03-08 00:00:00
355,228,5,2027-03-08 01:00:00
584,164,3,2027-03-08 02:00:00
498,424,4,2027-03-08 03:00:00
625,286,4,2027-03-08 04:00:00
107,102,1,2027-03-08 05:00:00
290,471,3,2027-03-08 06:00:00
825,267,4,2027-03-08 07:00:00
629,124,5,2027-03-08 08:00:00
632,153,4,2027-03-08 09:00:00
147,429,4,2027-03-08 10:00:00
327,179,5,2027-03-08 11:00:00
415,427,5,2027-03-08 12:00:00
210,66,5,2027-03-08 13:00:00
296,99,4,2027-03-08 14:00:00
398,431,2,2027-03-08 15:00:00
103,24,5,2027-03-08 16:00:00
636,333,2,2027-03-08 17:00:00
757,249,4,2027-03-08 18:00:00
508,490,4,2027-03-08 19:00:00
891,165,4,2027-03-08 20:00:00
868,384,5,2027-03-08 21:00:00
209,440,2,2027-03-08 22:00:00
933,94,5,2027-03-08 23:00:00
428,459,2,2027-03-09 00:00:00
393,343,2,2027-03-09 01:00:00
826,124,4,2027-03-09 02:00:00
916,302,5,2027-03-09 03:00:00
109,156,4,2027-03-09 04:00:00
348,249,4,2027-03-09 06:00:00
50,436,1,2027-03-09 07:00:00
916,271,4,2027-03-09 08:00:00
105,429,3,2027-03-09 09:00:00
420,58,5,2027-03-09 10:00:00
373,195,2,2027-03-09 11:00:00
27,201,3,2027-03-09 12:00:00
968,72,4,2027-03-09 13:00:00
800,495,4,2027-03-09 14:00:00
769,247,4,2027-03-09 15:00:00
273,481,3,2027-03-09 16:00:00
649,98,2,2027-03-09 17:00:00
340,329,5,2027-03-09 18:00:00
301,81,4,2027-03-09 19:00:00
480,425,4,2027-03-09 20:00:00
834,65,4,2027-03-09 21:00:00
544,424,4,2027-03-09 22:00:00
557,5,5,2027-03-09 23:00:00
265,478,4,2027-03-10 00:00:00
542,459,3,2027-03-10 01:00:00
596,284,4,2027-03-10 02:00:00
166,294,3,2027-03-10 03:00:00
316,81,4,2027-03-10 04:00:00
1,498,4,2027-03-10 05:00:00
761,87,1,2027-03-10 06:00:00
261,402,5,2027-03-10 07:00:00
63,293,3,2027-03-10 08:00:00
483,411,5,2027-03-10 09:00:00
676,281,3,2027-03-10 10:00:00
321,197,5,2027-03-10 11:00:00
846,252,4,2027-03-10 12:00:00
201,83,1,2027-03-10 13:00:00
222,27,1,2027-03-10 14:00:00
152,333,2,2027-03-10 15:00:00
644,182,1,2027-03-10 16:00:00
626,135,3,2027-03-10 17:00:00
462,90,3,2027-03-10 18:00:00
217,206,2,2027-03-10 19:00:00
196,27,4,2027-03-10 20:00:00
793,378,3,2027-03-10 21:00:00
202,59,4,2027-03-10 22:00:00
995,72,2,2027-03-10 23:00:00
647,415,5,2027-03-11 00:00:00
234,227,4,2027-03-11 01:00:00
141,91,4,2027-03-11 02:00:00
708,68,1,2027-03-11 03:00:00
498,362,4,2027-03-11 04:00:00
555,260,3,2027-03-11 05:00:00
57,146,5,2027-03-11 06:00:00
932,63,5,2027-03-11 07:00:00
504,343,4,2027-03-11 08:00:00
142,480,5,2027-03-11 09:00:00
722,460,4,2027-03-11 10:00:00
584,180,1,2027-03-11 11:00:00
736,468,5,2027-03-11 12:00:00
539,111,2,2027-03-11 13:00:00
640,191,4,2027-03-11 14:00:00
106,429,1,2027-03-11 15:00:00
215,392,4,2027-03-11 17:00:00
71,246,3,2027-03-11 18:00:00
716,278,4,2027-03-11 19:00:00
665,347,4,2027-03-11 20:00:00
579,425,5,2027-03-11 21:00:00
90,372,3,2027-03-11 22:00:00
772,297,5,2027-03-11 23:00:00
874,337,5,2027-03-12 00:00:00
228,123,3,2027-03-12 01:00:00
79,57,5,2027-03-12 02:00:00
608,160,3,2027-03-12 03:00:00
349,127,2,2027-03-12 04:00:00
842,225,1,2027-03-12 05:00:00
981,95,5,2027-03-12 06:00:00
246,6,1,2027-03-12 08:00:00
272,423,4,2027-03-12 09:00:00
403,265,3,2027-03-12 10:00:00
669,234,4,2027-03-12 11:00:00
116,288,2,2027-03-12 12:00:00
435,420,2,2027-03-12 13:00:00
530,384,4,2027-03-12 14:00:00
442,16,4,2027-03-12 15:00:00
172,140,5,2027-03-12 16:00:00
16,297,4,2027-03-12 17:00:00
961,195,5,2027-03-12 18:00:00
752,186,3,2027-03-12 19:00:00
898,475,4,2027-03-12 20:00:00
56,475,4,2027-03-12 21:00:00
591,393,5,2027-03-12 22:00:00
103,125,5,2027-03-12 23:00:00
284,17,4,2027-03-13 00:00:00
705,366,3,2027-03-13 01:00:00
517,389,5,2027-03-13 02:00:00
618,26,2,2027-03-13 03:00:00
278,213,1,2027-03-13 04:00:00
885,385,4,2027-03-13 05:00:00
612,1,3,2027-03-13 06:00:00
750,291,3,2027-03-13 07:00:00
269,265,5,2027-03-13 08:00:00
400,38,5,2027-03-13 10:00:00
503,233,3,2027-03-13 11:00:00
86,260,3,2027-03-13 12:00:00
320,308,3,2027-03-13 13:00:00
32,403,4,2027-03-13 14:00:00
336,485,3,2027-03-13 15:00:00
51,261,5,2027-03-13 16:00:00
79,476,4,2027-03-13 17:00:00
698,238,4,2027-03-13 18:00:00
174,106,1,2027-03-13 19:00:00
948,247,1,2027-03-13 20:00:00
618,304,4,2027-03-13 21:00:00
501,343,5,2027-03-13 22:00:00
575,447,4,2027-03-13 23:00:00
76,38,4,2027-03-14 00:00:00
316,308,5,2027-03-14 01:00:00
833,343,2,2027-03-14 02:00:00
373,46,3,2027-03-14 03:00:00
81,210,4,2027-03-14 04:00:00
873,93,3,2027-03-14 05:00:00
640,220,5,2027-03-14 06:00:00
695,256,4,2027-03-14 07:00:00
755,137,1,2027-03-14 08:00:00
697,231,2,2027-03-14 09:00:00
732,306,4,2027-03-14 10:00:00
71,202,4,2027-03-14 11:00:00
969,66,5,2027-03-14 12:00:00
854,461,4,2027-03-14 13:00:00
666,38,4,2027-03-14 14:00:00
757,155,3,2027-03-14 15:00:00
652,105,2,2027-03-14 16:00:00
71,255,4,2027-03-14 17:00:00
46,404,5,2027-03-14 18:00:00
47,488,4,2027-03-14 19:00:00
591,446,4,2027-03-14 20:00:00
422,458,4,2027-03-14 21:00:00
149,16,4,2027-03-14 22:00:00
910,79,2,2027-03-14 23:00:00
130,13,5,2027-03-15 00:00:00
456,370,4,2027-03-15 01:00:00
639,102,3,2027-03-15 02:00:00
877,404,4,2027-03-15 03:00:00
631,152,3,2027-03-15 04:00:00
966,489,4,2027-03-15 05:00:00
997,178,4,2027-03-15 06:00:00
869,391,3,2027-03-15 07:00:00
505,87,5,2027-03-15 08:00:00
929,88,4,2027-03-15 09:00:00
774,29,5,2027-03-15 10:00:00
244,389,5,2027-03-15 11:00:00
474,363,4,2027-03-15 12:00:00
382,493,2,2027-03-15 13:00:00
489,321,4,2027-03-15 15:00:00
37,100,4,2027-03-15 16:00:00
654,115,2,2027-03-15 17:00:00
549,210,4,2027-03-15 18:00:00
520,454,3,2027-03-15 19:00:00
743,343,3,2027-03-15 20:00:00
333,74,5,2027-03-15 21:00:00
397,135,4,2027-03-15 22:00:00
296,428,4,2027-03-15 23:00:00
107,456,4,2027-03-16 00:00:00
954,350,5,2027-03-16 02:00:00
530,466,3,2027-03-16 03:00:00
825,78,5,2027-03-16 04:00:00
83,459,4,2027-03-16 05:00:00
934,380,3,2027-03-16 06:00:00
288,490,3,2027-03-16 07:00:00
982,125,5,2027-03-16 08:00:00
706,38,4,2027-03-16 09:00:00
461,269,4,2027-03-16 10:00:00
215,310,2,2027-03-16 11:00:00
281,106,5,2027-03-16 12:00:00
732,44,3,2027-03-16 13:00:00
954,225,4,2027-03-16 14:00:00
459,242,2,2027-03-16 15:00:00
801,397,3,2027-03-16 16:00:00
344,153,4,2027-03-16 17:00:00
194,24,3,2027-03-16 18:00:00
158,124,5,2027-03-16 19:00:00
465,285,4,2027-03-16 20:00:00
104,484,5,2027-03-16 21:00:00
34,454,3,2027-03-16 22:00:00
102,402,1,2027-03-16 23:00:00
639,348,4,2027-03-17 00:00:00
726,261,3,2027-03-17 01:00:00
325,146,4,2027-03-17 02:00:00
944,191,4,2027-03-17 03:00:00
808,381,5,2027-03-17 04:00:00
691,165,1,2027-03-17 05:00:00
141,439,4,2027-03-17 07:00:00
474,201,4,2027-03-17 08:00:00
31,355,3,2027-03-17 09:00:00
884,12,4,2027-03-17 10:00:00
935,52,5,2027-03-17 11:00:00
63,441,5,2027-03-17 12:00:00
560,256,3,2027-03-17 13:00:00
87,302,4,2027-03-17 14:00:00
304,360,3,2027-03-17 15:00:00
61,300,5,2027-03-17 16:00:00
396,487,4,2027-03-17 17:00:00
334,408,5,2027-03-17 18:00:00
952,9,4,2027-03-17 19:00:00
786,140,3,2027-03-17 20:00:00
411,100,4,2027-03-17 21:00:00
284,485,3,2027-03-17 22:00:00
466,137,3,2027-03-17 23:00:00
80,359,3,2027-03-18 00:00:00
692,366,5,2027-03-18 01:00:00
784,372,2,2027-03-18 02:00:00
77,22,5,2027-03-18 03:00:00
954,145,2,2027-03-18 04:00:00
733,161,5,2027-03-18 05:00:00
905,249,5,2027-03-18 06:00:00
794,175,3,2027-03-18 07:00:00
540,88,5,2027-03-18 08:00:00
361,399,5,2027-03-18 09:00:00
77,477,2,2027-03-18 10:00:00
509,480,5,2027-03-18 11:00:00
164,33,1,2027-03-18 12:00:00
9,477,2,2027-03-18 13:00:00
175,271,4,2027-03-18 14:00:00
462,283,2,2027-03-18 15:00:00
307,226,2,2027-03-18 16:00:00
588,445,5,2027-03-18 17:00:00
245,452,5,2027-03-18 18:00:00
122,497,5,2027-03-18 19:00:00
185,112,4,2027-03-18 20:00:00
32,82,5,2027-03-18 21:00:00
998,213,2,2027-03-18 22:00:00
963,304,5,2027-03-18 23:00:00
762,8,3,2027-03-19 00:00:00
569,134,5,2027-03-19 01:00:00
310,447,4,2027-03-19 02:00:00
372,118,5,2027-03-19 03:00:00
656,84,5,2027-03-19 04:00:00
830,258,5,2027-03-19 05:00:00
596,243,4,2027-03-19 06:00:00
992,237,5,2027-03-19 07:00:00
56,150,5,2027-03-19 08:00:00
791,374,2,2027-03-19 09:00:00
273,21,4,2027-03-19 10:00:00
464,134,2,2027-03-19 11:00:00
678,379,5,2027-03-19 12:00:00
456,96,1,2027-03-19 13:00:00
979,454,5,2027-03-19 14:00:00
670,13,4,2027-03-19 15:00:00
249,1,2,2027-03-19 16:00:00
698,150,5,2027-03-19 17:00:00
994,117,1,2027-03-19 18:00:00
78,152,4,2027-03-19 19:00:00
534,64,5,2027-03-19 20:00:00
108,425,3,2027-03-19 21:00:00
273,478,4,2027-03-19 22:00:00
764,150,5,2027-03-19 23:00:00
15,317,5,2027-03-20 00:00:00
370,364,2,2027-03-20 01:00:00
304,12,2,2027-03-20 02:00:00
672,90,4,2027-03-20 03:00:00
205,388,4,2027-03-20 04:00:00
981,83,4,2027-03-20 05:00:00
113,464,3,2027-03-20 06:00:00
680,250,4,2027-03-20 07:00:00
865,384,5,2027-03-20 08:00:00
253,396,2,2027-03-20 09:00:00
186,149,4,2027-03-20 11:00:00
859,128,1,2027-03-20 12:00:00
227,100,4,2027-03-20 13:00:00
528,457,3,2027-03-20 14:00:00
668,487,3,2027-03-20 15:00:00
354,362,4,2027-03-20 16:00:00
623,493,3,2027-03-20 17:00:00
1,328,5,2027-03-20 18:00:00
553,212,5,2027-03-20 19:00:00
560,74,4,2027-03-20 20:00:00
927,96,4,2027-03-20 21:00:00
420,92,1,2027-03-20 22:00:00
620,330,5,2027-03-20 23:00:00
161,328,4,2027-03-21 00:00:00
161,436,1,2027-03-21 01:00:00
871,175,2,2027-03-21 02:00:00
128,225,3,2027-03-21 03:00:00
722,315,2,2027-03-21 04:00:00
151,175,4,2027-03-21 05:00:00
444,56,5,2027-03-21 06:00:00
767,497,5,2027-03-21 07:00:00
471,269,4,2027-03-21 08:00:00
463,428,4,2027-03-21 09:00:00
730,35,3,2027-03-21 10:00:00
30,119,4,2027-03-21 11:00:00
473,371,3,2027-03-21 12:00:00
557,413,3,2027-03-21 13:00:00
80,56,4,2027-03-21 14:00:00
39,389,3,2027-03-21 15:00:00
240,451,1,2027-03-21 16:00:00
557,309,1,2027-03-21 17:00:00
590,357,3,2027-03-21 18:00:00
337,376,4,2027-03-21 19:00:00
908,316,3,2027-03-21 20:00:00
861,105,1,2027-03-21 21:00:00
800,390,3,2027-03-21 22:00:00
952,176,2,2027-03-21 23:00:00
280,106,5,2027-03-22 00:00:00
116,80,3,2027-03-22 01:00:00
269,163,1,2027-03-22 02:00:00
916,402,4,2027-03-22 03:00:00
335,267,3,2027-03-22 04:00:00
312,51,4,2027-03-22 05:00:00
53,377,2,2027-03-22 06:00:00
68,279,5,2027-03-22 07:00:00
694,303,5,2027-03-22 08:00:00
34,75,4,2027-03-22 09:00:00
796,443,5,2027-03-22 10:00:00
818,441,4,2027-03-22 11:00:00
386,349,5,2027-03-22 12:00:00
249,127,4,2027-03-22 13:00:00
111,246,3,2027-03-22 14:00:00
94,312,2,2027-03-22 15:00:00
410,234,3,2027-03-22 16:00:00
179,155,4,2027-03-22 17:00:00
47,73,3,2027-03-22 18:00:00
794,419,4,2027-03-22 19:00:00
852,439,3,2027-03-22 20:00:00
874,137,5,2027-03-22 21:00:00
604,274,4,2027-03-22 22:00:00
376,44,4,2027-03-22 23:00:00
724,247,4,2027-03-23 00:00:00
587,149,5,2027-03-23 01:00:00
890,56,1,2027-03-23 02:00:00
202,176,1,2027-03-23 03:00:00
445,356,5,2027-03-23 04:00:00
919,257,5,2027-03-23 05:00:00
933,411,4,2027-03-23 06:00:00
297,301,3,2027-03-23 07:00:00
308,63,3,2027-03-23 08:00:00
723,314,3,2027-03-23 09:00:00
493,424,5,2027-03-23 10:00:00
338,63,3,2027-03-23 11:00:00
945,294,4,2027-03-23 12:00:00
923,29,5,2027-03-23 13:00:00
646,40,1,2027-03-23 14:00:00
842,147,1,2027-03-23 15:00:00
66,88,3,2027-03-23 16:00:00
792,56,4,2027-03-23 17:00:00
422,300,3,2027-03-23 18:00:00
540,193,1,2027-03-23 19:00:00
924,100,3,2027-03-23 20:00:00
629,215,2,2027-03-23 21:00:00
493,141,3,2027-03-23 22:00:00
882,414,3,2027-03-23 23:00:00
999,49,2,2027-03-24 00:00:00
317,115,3,2027-03-24 02:00:00
942,229,4,2027-03-24 03:00:00
837,252,4,2027-03-24 04:00:00
626,75,5,2027-03-24 05:00:00
75,191,2,2027-03-24 06:00:00
714,199,3,2027-03-24 07:00:00
939,163,5,2027-03-24 08:00:00
59,139,5,2027-03-24 09:00:00
386,49,2,2027-03-24 10:00:00
15,363,2,2027-03-24 11:00:00
231,367,5,2027-03-24 12:00:00
617,115,2,2027-03-24 13:00:00
677,168,5,2027-03-24 14:00:00
199,496,5,2027-03-24 15:00:00
916,277,3,2027-03-24 16:00:00
354,47,5,2027-03-24 17:00:00
35,259,4,2027-03-24 18:00:00
162,414,5,2027-03-24 19:00:00
757,216,4,2027-03-24 20:00:00
982,230,1,2027-03-24 21:00:00
799,127,5,2027-03-24 22:00:00
895,323,2,2027-03-24 23:00:00
471,318,5,2027-03-25 00:00:00
531,421,4,2027-03-25 01:00:00
964,225,2,2027-03-25 02:00:00
792,150,3,2027-03-25 03:00:00
852,287,5,2027-03-25 04:00:00
423,46,3,2027-03-25 05:00:00
348,460,5,2027-03-25 06:00:00
694,301,2,2027-03-25 07:00:00
935,14,4,2027-03-25 08:00:00
913,121,5,2027-03-25 09:00:00
147,396,1,2027-03-25 10:00:00
374,375,3,2027-03-25 11:00:00
688,191,5,2027-03-25 12:00:00
675,475,4,2027-03-25 13:00:00
416,333,5,2027-03-25 14:00:00
687,344,5,2027-03-25 15:00:00
494,166,4,2027-03-25 16:00:00
559,117,5,2027-03-25 17:00:00
256,431,4,2027-03-25 18:00:00
960,124,4,2027-03-25 19:00:00
686,54,2,2027-03-25 20:00:00
103,439,5,2027-03-25 21:00:00
121,304,5,2027-03-25 22:00:00
419,457,3,2027-03-25 23:00:00
350,456,4,2027-03-26 00:00:00
657,357,3,2027-03-26 01:00:00
42,271,4,2027-03-26 02:00:00
367,199,5,2027-03-26 03:00:00
29,216,1,2027-03-26 04:00:00
892,16,1,2027-03-26 06:00:00
785,216,4,2027-03-26 07:00:00
977,427,4,2027-03-26 08:00:00
14,135,3,2027-03-26 09:00:00
920,43,4,2027-03-26 10:00:00
953,252,5,2027-03-26 11:00:00
818,284,3,2027-03-26 12:00:00
825,322,1,2027-03-26 13:00:00
485,98,4,2027-03-26 14:00:00
189,60,5,2027-03-26 15:00:00
295,384,2,2027-03-26 17:00:00
183,131,5,2027-03-26 18:00:00
864,385,4,2027-03-26 19:00:00
548,159,3,2027-03-26 20:00:00
882,312,5,2027-03-26 21:00:00
37,471,3,2027-03-26 22:00:00
14,84,5,2027-03-26 23:00:00
923,208,5,2027-03-27 00:00:00
635,174,4,2027-03-27 01:00:00
595,288,4,2027-03-27 02:00:00
159,81,4,2027-03-27 03:00:00
494,18,2,2027-03-27 04:00:00
329,196,5,2027-03-27 05:00:00
614,291,5,2027-03-27 06:00:00
849,360,4,2027-03-27 07:00:00
83,356,5,2027-03-27 08:00:00
556,279,4,2027-03-27 09:00:00
580,463,4,2027-03-27 10:00:00
560,397,4,2027-03-27 11:00:00
569,462,2,2027-03-27 12:00:00
587,254,5,2027-03-27 13:00:00
22,142,5,2027-03-27 14:00:00
132,165,5,2027-03-27 15:00:00
465,5,4,2027-03-27 16:00:00
456,251,5,2027-03-27 17:00:00
302,150,4,2027-03-27 18:00:00
955,28,4,2027-03-27 19:00:00
930,237,5,2027-03-27 20:00:00
267,132,4,2027-03-27 21:00:00
799,306,4,2027-03-27 22:00:00
395,358,2,2027-03-27 23:00:00
120,285,5,2027-03-28 00:00:00
246,293,3,2027-03-28 01:00:00
568,163,3,2027-03-28 02:00:00
38,404,2,2027-03-28 03:00:00
245,419,4,2027-03-28 04:00:00
21,227,3,2027-03-28 05:00:00
606,130,3,2027-03-28 07:00:00
394,372,5,2027-03-28 08:00:00
410,58,2,2027-03-28 09:00:00
987,146,3,2027-03-28 10:00:00
648,478,5,2027-03-28 11:00:00
743,362,3,2027-03-28 12:00:00
8,312,2,2027-03-28 13:00:00
444,122,5,2027-03-28 14:00:00
328,192,2,2027-03-28 15:00:00
887,245,2,2027-03-28 16:00:00
290,477,3,2027-03-28 17:00:00
763,103,2,2027-03-28 18:00:00
511,379,2,2027-03-28 19:00:00
912,436,5,2027-03-28 20:00:00
361,250,2,2027-03-28 21:00:00
909,22,2,2027-03-28 22:00:00
599,477,5,2027-03-28 23:00:00
716,60,4,2027-03-29 00:00:00
219,238,2,2027-03-29 01:00:00
406,394,4,2027-03-29 02:00:00
992,340,1,2027-03-29 03:00:00
753,384,4,2027-03-29 04:00:00
923,336,4,2027-03-29 05:00:00
832,134,5,2027-03-29 06:00:00
770,337,3,2027-03-29 07:00:00
621,262,5,2027-03-29 08:00:00
768,342,2,2027-03-29 09:00:00
993,338,4,2027-03-29 10:00:00
794,480,3,2027-03-29 11:00:00
220,412,4,2027-03-29 12:00:00
595,42,4,2027-03-29 13:00:00
107,74,5,2027-03-29 14:00:00
581,297,5,2027-03-29 15:00:00
609,319,4,2027-03-29 16:00:00
724,22,2,2027-03-29 17:00:00
286,220,4,2027-03-29 18:00:00
749,79,5,2027-03-29 19:00:00
8,235,1,2027-03-29 20:00:00
806,157,4,2027-03-29 21:00:00
189,327,1,2027-03-29 22:00:00
81,114,3,2027-03-29 23:00:00
108,290,2,2027-03-30 00:00:00
321,96,5,2027-03-30 01:00:00
579,130,2,2027-03-30 02:00:00
686,410,2,2027-03-30 03:00:00
346,109,5,2027-03-30 04:00:00
863,75,4,2027-03-30 05:00:00
328,473,5,2027-03-30 06:00:00
555,275,3,2027-03-30 07:00:00
302,20,1,2027-03-30 09:00:00
200,161,4,2027-03-30 10:00:00
893,209,4,2027-03-30 11:00:00
419,372,4,2027-03-30 12:00:00
39,94,4,2027-03-30 13:00:00
732,82,5,2027-03-30 14:00:00
307,352,4,2027-03-30 15:00:00
4,104,4,2027-03-30 16:00:00
633,237,2,2027-03-30 17:00:00
848,260,5,2027-03-30 18:00:00
77,160,3,2027-03-30 19:00:00
468,403,4,2027-03-30 20:00:00
179,387,3,2027-03-30 21:00:00
645,486,5,2027-03-30 22:00:00
823,348,5,2027-03-30 23:00:00
741,61,3,2027-03-31 00:00:00
276,38,5,2027-03-31 01:00:00
152,118,2,2027-03-31 02:00:00
164,390,1,2027-03-31 03:00:00
290,312,5,2027-03-31 04:00:00
378,168,2,2027-03-31 05:00:00
621,377,2,2027-03-31 06:00:00
638,337,4,2027-03-31 07:00:00
752,362,5,2027-03-31 08:00:00
310,376,2,2027-03-31 09:00:00
930,69,2,2027-03-31 10:00:00
979,83,1,2027-03-31 11:00:00
913,235,1,2027-03-31 12:00:00
389,42,2,2027-03-31 13:00:00
857,99,5,2027-03-31 14:00:00
658,470,2,2027-03-31 15:00:00
764,472,4,2027-03-31 16:00:00
183,458,5,2027-03-31 17:00:00
821,130,4,2027-03-31 18:00:00
306,28,1,2027-03-31 19:00:00
72,233,4,2027-03-31 20:00:00
219,229,5,2027-03-31 21:00:00
719,117,3,2027-03-31 22:00:00
173,401,3,2027-03-31 23:00:00
653,326,3,2027-04-01 00:00:00
272,107,4,2027-04-01 01:00:00
726,379,3,2027-04-01 02:00:00
468,325,5,2027-04-01 03:00:00
269,295,4,2027-04-01 04:00:00
20,391,4,2027-04-01 05:00:00
578,160,5,2027-04-01 06:00:00
995,4,2,2027-04-01 07:00:00
815,149,5,2027-04-01 08:00:00
503,234,4,2027-04-01 09:00:00
147,254,4,2027-04-01 10:00:00
429,416,1,2027-04-01 11:00:00
165,248,4,2027-04-01 12:00:00
890,338,4,2027-04-01 13:00:00
310,353,4,2027-04-01 14:00:00
518,398,3,2027-04-01 15:00:00
14,70,1,2027-04-01 16:00:00
132,203,4,2027-04-01 17:00:00
854,302,4,2027-04-01 18:00:00
755,148,4,2027-04-01 19:00:00
439,221,4,2027-04-01 20:00:00
743,186,3,2027-04-01 21:00:00
740,355,3,2027-04-01 22:00:00
674,336,4,2027-04-01 23:00:00
795,48,4,2027-04-02 00:00:00
263,263,4,2027-04-02 01:00:00
643,296,5,2027-04-02 02:00:00
943,315,5,2027-04-02 03:00:00
225,292,1,2027-04-02 04:00:00
258,172,4,2027-04-02 05:00:00
234,364,4,2027-04-02 06:00:00
336,31,3,2027-04-02 07:00:00
409,170,5,2027-04-02 08:00:00
828,44,4,2027-04-02 09:00:00
975,427,5,2027-04-02 10:00:00
24,43,5,2027-04-02 11:00:00
271,431,2,2027-04-02 12:00:00
95,134,1,2027-04-02 13:00:00
142,349,3,2027-04-02 14:00:00
694,219,1,2027-04-02 15:00:00
718,491,2,2027-04-02 16:00:00
902,450,5,2027-04-02 17:00:00
974,86,5,2027-04-02 18:00:00
81,251,4,2027-04-02 19:00:00
274,265,5,2027-04-02 20:00:00
276,11,2,2027-04-02 21:00:00
883,80,4,2027-04-02 22:00:00
958,109,2,2027-04-02 23:00:00
465,461,3,2027-04-03 00:00:00
208,118,3,2027-04-03 01:00:00
296,252,4,2027-04-03 02:00:00
39,18,1,2027-04-03 03:00:00
948,256,2,2027-04-03 04:00:00
124,153,4,2027-04-03 06:00:00
876,97,3,2027-04-03 07:00:00
969,500,2,2027-04-03 08:00:00
283,458,5,2027-04-03 09:00:00
878,186,1,2027-04-03 10:00:00
180,30,5,2027-04-03 11:00:00
97,115,2,2027-04-03 12:00:00
191,241,4,2027-04-03 13:00:00
74,257,4,2027-04-03 14:00:00
447,447,5,2027-04-03 15:00:00
785,353,3,2027-04-03 16:00:00
497,113,1,2027-04-03 17:00:00
561,335,5,2027-04-03 18:00:00
484,29,4,2027-04-03 19:00:00
849,322,5,2027-04-03 20:00:00
722,459,5,2027-04-03 21:00:00
116,437,4,2027-04-03 22:00:00
535,226,5,2027-04-03 23:00:00
98,244,4,2027-04-04 00:00:00
328,361,4,2027-04-04 01:00:00
909,19,4,2027-04-04 02:00:00
407,322,4,2027-04-04 03:00:00
313,112,4,2027-04-04 04:00:00
694,233,4,2027-04-04 06:00:00
148,436,4,2027-04-04 07:00:00
495,60,1,2027-04-04 09:00:00
948,373,2,2027-04-04 10:00:00
23,324,2,2027-04-04 11:00:00
105,93,4,2027-04-04 12:00:00
675,248,5,2027-04-04 13:00:00
579,158,4,2027-04-04 14:00:00
802,141,5,2027-04-04 15:00:00
801,399,1,2027-04-04 16:00:00
558,404,5,2027-04-04 17:00:00
593,418,3,2027-04-04 18:00:00
941,220,1,2027-04-04 19:00:00
659,404,5,2027-04-04 20:00:00
222,306,2,2027-04-04 21:00:00
855,89,3,2027-04-04 22:00:00
15,155,3,2027-04-04 23:00:00
891,414,5,2027-04-05 00:00:00
633,440,4,2027-04-05 01:00:00
78,233,3,2027-04-05 02:00:00
322,468,2,2027-04-05 03:00:00
807,193,2,2027-04-05 04:00:00
241,99,2,2027-04-05 05:00:00
18,439,5,2027-04-05 06:00:00
768,113,5,2027-04-05 07:00:00
454,107,5,2027-04-05 08:00:00
443,24,5,2027-04-05 09:00:00
928,281,5,2027-04-05 10:00:00
277,488,5,2027-04-05 11:00:00
424,437,5,2027-04-05 12:00:00
476,204,5,2027-04-05 13:00:00
27,11,4,2027-04-05 14:00:00
514,350,3,2027-04-05 15:00:00
865,316,4,2027-04-05 16:00:00
464,205,4,2027-04-05 17:00:00
807,431,4,2027-04-05 18:00:00
982,409,5,2027-04-05 19:00:00
824,500,4,2027-04-05 20:00:00
363,25,2,2027-04-05 21:00:00
383,401,3,2027-04-05 22:00:00
751,140,5,2027-04-05 23:00:00
525,123,4,2027-04-06 00:00:00
382,499,3,2027-04-06 01:00:00
184,436,5,2027-04-06 02:00:00
194,11,3,2027-04-06 03:00:00
462,266,4,2027-04-06 04:00:00
56,81,3,2027-04-06 05:00:00
230,444,5,2027-04-06 06:00:00
489,310,5,2027-04-06 07:00:00
28,109,4,2027-04-06 08:00:00
832,208,5,2027-04-06 09:00:00
583,319,5,2027-04-06 10:00:00
722,244,5,2027-04-06 11:00:00
960,276,5,2027-04-06 12:00:00
425,261,4,2027-04-06 14:00:00
375,297,4,2027-04-06 15:00:00
868,374,3,2027-04-06 16:00:00
41,63,1,2027-04-06 17:00:00
484,184,5,2027-04-06 18:00:00
260,32,2,2027-04-06 19:00:00
441,283,4,2027-04-06 20:00:00
926,324,3,2027-04-06 21:00:00
856,361,4,2027-04-06 22:00:00
84,432,3,2027-04-06 23:00:00
46,7,5,2027-04-07 00:00:00
440,174,5,2027-04-07 01:00:00
671,462,5,2027-04-07 02:00:00
856,359,4,2027-04-07 03:00:00
519,472,5,2027-04-07 04:00:00
986,368,4,2027-04-07 05:00:00
845,146,4,2027-04-07 06:00:00
438,252,3,2027-04-07 07:00:00
136,166,5,2027-04-07 08:00:00
183,103,2,2027-04-07 09:00:00
709,499,4,2027-04-07 10:00:00
172,488,5,2027-04-07 11:00:00
909,193,4,2027-04-07 12:00:00
861,17,1,2027-04-07 13:00:00
788,90,4,2027-04-07 14:00:00
590,371,5,2027-04-07 15:00:00
928,86,2,2027-04-07 16:00:00
956,103,5,2027-04-07 17:00:00
690,82,5,2027-04-07 18:00:00
539,126,5,2027-04-07 19:00:00
120,38,4,2027-04-07 20:00:00
281,348,1,2027-04-07 21:00:00
308,213,4,2027-04-07 22:00:00
277,486,5,2027-04-08 00:00:00
530,225,5,2027-04-08 01:00:00
295,222,5,2027-04-08 02:00:00
783,426,4,2027-04-08 03:00:00
53,247,4,2027-04-08 04:00:00
806,136,1,2027-04-08 05:00:00
432,286,3,2027-04-08 06:00:00
52,231,5,2027-04-08 07:00:00
728,320,4,2027-04-08 08:00:00
72,9,4,2027-04-08 09:00:00
28,225,2,2027-04-08 10:00:00
469,313,3,2027-04-08 11:00:00
912,107,4,2027-04-08 12:00:00
764,187,5,2027-04-08 13:00:00
886,221,2,2027-04-08 14:00:00
912,95,2,2027-04-08 15:00:00
547,195,4,2027-04-08 16:00:00
401,242,3,2027-04-08 17:00:00
201,230,2,2027-04-08 18:00:00
761,331,2,2027-04-08 19:00:00
611,5,4,2027-04-08 20:00:00
820,351,4,2027-04-08 21:00:00
989,468,5,2027-04-08 22:00:00
999,4,4,2027-04-08 23:00:00
466,264,4,2027-04-09 00:00:00
652,426,2,2027-04-09 01:00:00
595,253,5,2027-04-09 02:00:00
560,163,4,2027-04-09 03:00:00
790,141,3,2027-04-09 04:00:00
379,497,4,2027-04-09 05:00:00
760,389,3,2027-04-09 06:00:00
895,296,4,2027-04-09 07:00:00
177,19,4,2027-04-09 08:00:00
52,82,4,2027-04-09 09:00:00
79,481,5,2027-04-09 10:00:00
385,381,5,2027-04-09 11:00:00
834,4,5,2027-04-09 12:00:00
576,128,5,2027-04-09 13:00:00
8,187,1,2027-04-09 14:00:00
214,146,3,2027-04-09 15:00:00
25,494,1,2027-04-09 16:00:00
450,152,3,2027-04-09 17:00:00
768,363,3,2027-04-09 18:00:00
755,93,5,2027-04-09 19:00:00
969,31,4,2027-04-09 20:00:00
457,314,4,2027-04-09 21:00:00
461,28,3,2027-04-09 22:00:00
198,137,4,2027-04-09 23:00:00
94,429,5,2027-04-10 00:00:00
719,90,3,2027-04-10 01:00:00
947,49,5,2027-04-10 02:00:00
437,367,3,2027-04-10 03:00:00
527,258,5,2027-04-10 04:00:00
690,6,1,2027-04-10 05:00:00
967,29,4,2027-04-10 06:00:00
378,410,5,2027-04-10 07:00:00
587,156,4,2027-04-10 08:00:00
104,263,4,2027-04-10 09:00:00
806,34,4,2027-04-10 10:00:00
680,440,3,2027-04-10 11:00:00
962,237,1,2027-04-10 12:00:00
627,138,3,2027-04-10 13:00:00
39,368,2,2027-04-10 14:00:00
458,489,5,2027-04-10 15:00:00
364,488,5,2027-04-10 16:00:00
785,57,3,2027-04-10 17:00:00
135,175,5,2027-04-10 18:00:00
374,214,3,2027-04-10 19:00:00
232,27,2,2027-04-10 20:00:00
39,295,5,2027-04-10 21:00:00
964,406,3,2027-04-10 22:00:00
803,119,1,2027-04-10 23:00:00
819,147,5,2027-04-11 00:00:00
47,356,5,2027-04-11 01:00:00
36,265,4,2027-04-11 02:00:00
832,403,3,2027-04-11 03:00:00
95,258,3,2027-04-11 04:00:00
985,348,4,2027-04-11 05:00:00
361,189,5,2027-04-11 06:00:00
525,315,5,2027-04-11 07:00:00
146,231,5,2027-04-11 08:00:00
917,470,5,2027-04-11 09:00:00
368,499,4,2027-04-11 10:00:00
65,198,4,2027-04-11 11:00:00
228,239,4,2027-04-11 12:00:00
754,327,4,2027-04-11 13:00:00
520,70,3,2027-04-11 14:00:00
816,417,4,2027-04-11 15:00:00
853,252,3,2027-04-11 16:00:00
555,462,5,2027-04-11 17:00:00
756,193,3,2027-04-11 18:00:00
181,25,5,2027-04-11 19:00:00
501,70,3,2027-04-11 20:00:00
597,156,5,2027-04-11 21:00:00
155,146,3,2027-04-11 22:00:00
787,319,5,2027-04-11 23:00:00
535,219,2,2027-04-12 00:00:00
627,49,4,2027-04-12 01:00:00
818,379,2,2027-04-12 02:00:00
435,380,4,2027-04-12 03:00:00
811,194,5,2027-04-12 04:00:00
99,40,5,2027-04-12 05:00:00
616,85,1,2027-04-12 06:00:00
372,343,4,2027-04-12 07:00:00
563,450,5,2027-04-12 08:00:00
362,336,4,2027-04-12 09:00:00
112,4,1,2027-04-12 10:00:00
453,290,3,2027-04-12 11:00:00
756,247,4,2027-04-12 12:00:00
169,5,2,2027-04-12 13:00:00
584,497,4,2027-04-12 14:00:00
139,226,4,2027-04-12 15:00:00
848,150,3,2027-04-12 16:00:00
231,238,4,2027-04-12 17:00:00
984,103,3,2027-04-12 19:00:00
253,175,3,2027-04-12 20:00:00
981,498,5,2027-04-12 21:00:00
436,461,1,2027-04-12 22:00:00
919,236,5,2027-04-12 23:00:00
561,34,5,2027-04-13 00:00:00
422,172,5,2027-04-13 01:00:00
303,6,4,2027-04-13 02:00:00
72,440,4,2027-04-13 03:00:00
263,285,5,2027-04-13 04:00:00
834,225,3,2027-04-13 05:00:00
222,53,1,2027-04-13 06:00:00
77,257,3,2027-04-13 07:00:00
62,495,5,2027-04-13 08:00:00
471,59,4,2027-04-13 09:00:00
157,432,4,2027-04-13 10:00:00
806,246,4,2027-04-13 11:00:00
125,7,4,2027-04-13 12:00:00
741,214,1,2027-04-13 13:00:00
852,416,4,2027-04-13 14:00:00
161,78,4,2027-04-13 15:00:00
541,189,4,2027-04-13 16:00:00
626,441,5,2027-04-13 17:00:00
591,307,4,2027-04-13 18:00:00
535,216,5,2027-04-13 19:00:00
106,403,4,2027-04-13 20:00:00
131,283,4,2027-04-13 21:00:00
357,319,5,2027-04-13 22:00:00
989,444,5,2027-04-13 23:00:00
685,61,4,2027-04-14 00:00:00
776,61,2,2027-04-14 01:00:00
854,215,3,2027-04-14 02:00:00
885,382,1,2027-04-14 03:00:00
797,45,3,2027-04-14 04:00:00
2,405,4,2027-04-14 05:00:00
233,172,5,2027-04-14 06:00:00
369,221,4,2027-04-14 07:00:00
251,385,1,2027-04-14 08:00:00
946,95,3,2027-04-14 09:00:00
833,347,4,2027-04-14 10:00:00
108,44,5,2027-04-14 11:00:00
180,62,5,2027-04-14 13:00:00
725,317,5,2027-04-14 14:00:00
293,219,4,2027-04-14 15:00:00
584,335,5,2027-04-14 16:00:00
175,112,1,2027-04-14 18:00:00
123,207,1,2027-04-14 19:00:00
227,488,3,2027-04-14 20:00:00
902,467,1,2027-04-14 21:00:00
444,367,5,2027-04-14 22:00:00
813,306,4,2027-04-14 23:00:00
428,203,5,2027-04-15 00:00:00
83,297,5,2027-04-15 01:00:00
765,33,5,2027-04-15 02:00:00
658,489,5,2027-04-15 03:00:00
632,215,5,2027-04-15 04:00:00
65,12,4,2027-04-15 05:00:00
281,2,4,2027-04-15 06:00:00
795,363,5,2027-04-15 07:00:00
391,149,5,2027-04-15 08:00:00
428,142,5,2027-04-15 09:00:00
618,290,5,2027-04-15 10:00:00
925,207,4,2027-04-15 11:00:00
991,341,5,2027-04-15 12:00:00
812,192,5,2027-04-15 13:00:00
107,407,4,2027-04-15 14:00:00
548,341,4,2027-04-15 15:00:00
659,306,5,2027-04-15 16:00:00
262,398,4,2027-04-15 17:00:00
921,469,5,2027-04-15 18:00:00
159,252,2,2027-04-15 19:00:00
265,204,4,2027-04-15 20:00:00
468,362,4,2027-04-15 21:00:00
202,46,4,2027-04-15 22:00:00
933,374,2,2027-04-15 23:00:00
155,495,2,2027-04-16 00:00:00
13,261,5,2027-04-16 01:00:00
297,66,3,2027-04-16 02:00:00
896,150,3,2027-04-16 03:00:00
834,70,5,2027-04-16 04:00:00
498,364,4,2027-04-16 05:00:00
597,2,5,2027-04-16 06:00:00
993,29,4,2027-04-16 07:00:00
792,256,5,2027-04-16 08:00:00
245,61,4,2027-04-16 09:00:00
300,100,5,2027-04-16 10:00:00
362,384,3,2027-04-16 11:00:00
354,455,3,2027-04-16 12:00:00
828,144,5,2027-04-16 13:00:00
521,192,5,2027-04-16 14:00:00
386,353,5,2027-04-16 15:00:00
312,270,4,2027-04-16 17:00:00
414,299,3,2027-04-16 18:00:00
278,460,3,2027-04-16 19:00:00
750,427,4,2027-04-16 20:00:00
759,311,3,2027-04-16 22:00:00
747,204,3,2027-04-16 23:00:00
593,245,3,2027-04-17 00:00:00
356,31,5,2027-04-17 01:00:00
525,332,4,2027-04-17 02:00:00
839,458,3,2027-04-17 03:00:00
16,424,5,2027-04-17 04:00:00
993,411,3,2027-04-17 05:00:00
45,52,3,2027-04-17 06:00:00
321,384,1,2027-04-17 07:00:00
651,243,2,2027-04-17 08:00:00
326,263,2,2027-04-17 09:00:00
148,174,3,2027-04-17 10:00:00
355,100,4,2027-04-17 11:00:00
236,417,1,2027-04-17 12:00:00
703,475,2,2027-04-17 13:00:00
613,392,2,2027-04-17 14:00:00
105,389,3,2027-04-17 15:00:00
474,61,2,2027-04-17 16:00:00
762,456,2,2027-04-17 17:00:00
606,469,5,2027-04-17 20:00:00
220,408,5,2027-04-17 21:00:00
987,7,4,2027-04-17 22:00:00
810,189,5,2027-04-17 23:00:00
851,83,4,2027-04-18 00:00:00
965,351,4,2027-04-18 01:00:00
442,420,5,2027-04-18 02:00:00
645,283,2,2027-04-18 03:00:00
873,124,3,2027-04-18 04:00:00
667,157,2,2027-04-18 05:00:00
28,87,5,2027-04-18 06:00:00
794,148,4,2027-04-18 07:00:00
475,70,5,2027-04-18 08:00:00
628,460,4,2027-04-18 09:00:00
305,370,4,2027-04-18 10:00:00
746,76,4,2027-04-18 11:00:00
405,114,4,2027-04-18 12:00:00
513,3,5,2027-04-18 13:00:00
502,234,3,2027-04-18 14:00:00
348,167,4,2027-04-18 15:00:00
240,99,3,2027-04-18 16:00:00
570,124,4,2027-04-18 17:00:00
847,467,4,2027-04-18 18:00:00
695,45,5,2027-04-18 19:00:00
337,382,5,2027-04-18 20:00:00
26,324,4,2027-04-18 21:00:00
980,287,1,2027-04-18 22:00:00
409,106,5,2027-04-18 23:00:00
77,294,1,2027-04-19 00:00:00
929,481,4,2027-04-19 01:00:00
217,134,1,2027-04-19 02:00:00
328,8,3,2027-04-19 03:00:00
837,28,4,2027-04-19 04:00:00
774,271,3,2027-04-19 05:00:00
23,223,5,2027-04-19 06:00:00
756,8,4,2027-04-19 07:00:00
670,310,4,2027-04-19 08:00:00
718,134,3,2027-04-19 09:00:00
310,29,1,2027-04-19 10:00:00
599,115,5,2027-04-19 11:00:00
267,494,5,2027-04-19 12:00:00
415,34,4,2027-04-19 13:00:00
646,7,4,2027-04-19 14:00:00
267,40,4,2027-04-19 15:00:00
333,330,5,2027-04-19 16:00:00
780,397,5,2027-04-19 17:00:00
450,62,4,2027-04-19 18:00:00
565,86,5,2027-04-19 19:00:00
611,213,4,2027-04-19 20:00:00
36,65,4,2027-04-19 22:00:00
401,297,4,2027-04-19 23:00:00
28,379,1,2027-04-20 00:00:00
220,170,4,2027-04-20 01:00:00
406,116,4,2027-04-20 02:00:00
614,322,5,2027-04-20 03:00:00
775,116,5,2027-04-20 04:00:00
271,221,5,2027-04-20 05:00:00
736,395,2,2027-04-20 06:00:00
651,357,4,2027-04-20 07:00:00
792,50,4,2027-04-20 08:00:00
511,327,3,2027-04-20 09:00:00
963,419,2,2027-04-20 10:00:00
286,478,2,2027-04-20 11:00:00
454,336,2,2027-04-20 12:00:00
762,79,5,2027-04-20 13:00:00
834,488,2,2027-04-20 14:00:00
317,20,3,2027-04-20 15:00:00
590,412,3,2027-04-20 16:00:00
297,379,5,2027-04-20 17:00:00
338,37,2,2027-04-20 18:00:00
307,259,1,2027-04-20 19:00:00
428,93,3,2027-04-20 20:00:00
351,187,3,2027-04-20 21:00:00
511,357,3,2027-04-20 22:00:00
525,201,5,2027-04-20 23:00:00
858,411,1,2027-04-21 00:00:00
492,288,1,2027-04-21 01:00:00
908,48,3,2027-04-21 02:00:00
594,253,5,2027-04-21 03:00:00
9,46,2,2027-04-21 04:00:00
497,370,5,2027-04-21 05:00:00
725,231,5,2027-04-21 06:00:00
560,95,4,2027-04-21 07:00:00
561,303,5,2027-04-21 08:00:00
821,218,4,2027-04-21 09:00:00
440,40,4,2027-04-21 10:00:00
552,387,4,2027-04-21 11:00:00
875,203,4,2027-04-21 12:00:00
792,116,1,2027-04-21 13:00:00
738,413,4,2027-04-21 14:00:00
968,91,5,2027-04-21 15:00:00
108,58,3,2027-04-21 16:00:00
245,434,5,2027-04-21 17:00:00
255,495,2,2027-04-21 18:00:00
33,10,5,2027-04-21 19:00:00
23,256,4,2027-04-21 20:00:00
845,317,4,2027-04-21 21:00:00
566,249,5,2027-04-21 22:00:00
821,483,5,2027-04-21 23:00:00
49,367,3,2027-04-22 00:00:00
462,377,5,2027-04-22 01:00:00
336,407,4,2027-04-22 03:00:00
945,6,5,2027-04-22 04:00:00
358,331,3,2027-04-22 05:00:00
122,188,1,2027-04-22 06:00:00
444,235,4,2027-04-22 07:00:00
359,371,3,2027-04-22 08:00:00
602,411,3,2027-04-22 09:00:00
346,183,4,2027-04-22 10:00:00
193,287,4,2027-04-22 11:00:00
416,123,4,2027-04-22 12:00:00
377,158,4,2027-04-22 13:00:00
463,323,5,2027-04-22 14:00:00
756,13,5,2027-04-22 15:00:00
661,315,5,2027-04-22 16:00:00
146,54,2,2027-04-22 17:00:00
478,360,3,2027-04-22 18:00:00
828,277,5,2027-04-22 19:00:00
890,43,4,2027-04-22 20:00:00
653,267,5,2027-04-22 21:00:00
408,109,4,2027-04-22 22:00:00
286,323,5,2027-04-22 23:00:00
898,166,1,2027-04-23 00:00:00
851,351,4,2027-04-23 01:00:00
111,408,5,2027-04-23 02:00:00
620,106,5,2027-04-23 03:00:00
879,51,4,2027-04-23 04:00:00
793,204,2,2027-04-23 05:00:00
50,445,5,2027-04-23 06:00:00
14,302,4,2027-04-23 07:00:00
134,43,2,2027-04-23 08:00:00
588,283,4,2027-04-23 09:00:00
596,85,4,2027-04-23 10:00:00
343,217,4,2027-04-23 11:00:00
670,158,5,2027-04-23 12:00:00
286,350,4,2027-04-23 13:00:00
934,127,4,2027-04-23 14:00:00
314,191,3,2027-04-23 15:00:00
606,266,4,2027-04-23 16:00:00
297,387,3,2027-04-23 17:00:00
606,461,3,2027-04-23 18:00:00
569,60,3,2027-04-23 19:00:00
164,283,1,2027-04-23 20:00:00
832,466,2,2027-04-23 21:00:00
497,379,4,2027-04-23 22:00:00
610,429,2,2027-04-23 23:00:00
16,62,2,2027-04-24 00:00:00
344,408,5,2027-04-24 01:00:00
78,302,4,2027-04-24 02:00:00
346,126,4,2027-04-24 03:00:00
72,462,3,2027-04-24 04:00:00
270,487,4,2027-04-24 05:00:00
287,172,4,2027-04-24 06:00:00
66,63,4,2027-04-24 07:00:00
880,260,3,2027-04-24 08:00:00
68,16,5,2027-04-24 09:00:00
193,179,5,2027-04-24 10:00:00
55,330,5,2027-04-24 11:00:00
980,368,2,2027-04-24 12:00:00
379,101,4,2027-04-24 13:00:00
974,475,1,2027-04-24 14:00:00
168,176,4,2027-04-24 15:00:00
409,193,4,2027-04-24 16:00:00
508,453,4,2027-04-24 17:00:00
537,461,4,2027-04-24 18:00:00
643,301,5,2027-04-24 19:00:00
837,387,5,2027-04-24 20:00:00
102,273,1,2027-04-24 21:00:00
886,467,5,2027-04-24 22:00:00
794,421,5,2027-04-24 23:00:00
808,261,1,2027-04-25 00:00:00
806,175,3,2027-04-25 01:00:00
422,234,5,2027-04-25 02:00:00
964,300,4,2027-04-25 03:00:00
775,216,4,2027-04-25 04:00:00
478,491,4,2027-04-25 05:00:00
926,417,5,2027-04-25 06:00:00
120,247,5,2027-04-25 07:00:00
915,21,3,2027-04-25 08:00:00
743,451,3,2027-04-25 09:00:00
291,324,4,2027-04-25 10:00:00
488,243,2,2027-04-25 11:00:00
161,288,4,2027-04-25 12:00:00
673,280,5,2027-04-25 13:00:00
78,244,5,2027-04-25 14:00:00
38,163,5,2027-04-25 15:00:00
394,146,1,2027-04-25 16:00:00
441,67,5,2027-04-25 17:00:00
540,103,4,2027-04-25 18:00:00
462,310,3,2027-04-25 19:00:00
612,410,4,2027-04-25 20:00:00
294,444,5,2027-04-25 21:00:00
400,125,4,2027-04-25 22:00:00
636,117,5,2027-04-25 23:00:00
917,472,4,2027-04-26 00:00:00
92,251,4,2027-04-26 01:00:00
767,321,3,2027-04-26 02:00:00
609,435,1,2027-04-26 03:00:00
6,370,4,2027-04-26 04:00:00
681,226,4,2027-04-26 05:00:00
895,188,4,2027-04-26 06:00:00
271,187,4,2027-04-26 07:00:00
620,76,5,2027-04-26 08:00:00
899,273,3,2027-04-26 09:00:00
811,469,4,2027-04-26 10:00:00
559,149,4,2027-04-26 11:00:00
99,195,3,2027-04-26 12:00:00
526,364,5,2027-04-26 13:00:00
194,284,5,2027-04-26 14:00:00
157,473,1,2027-04-26 15:00:00
900,44,5,2027-04-26 16:00:00
666,454,5,2027-04-26 17:00:00
115,446,5,2027-04-26 18:00:00
396,170,4,2027-04-26 19:00:00
770,94,5,2027-04-26 20:00:00
657,224,2,2027-04-26 21:00:00
803,278,4,2027-04-26 22:00:00
522,38,2,2027-04-26 23:00:00
880,270,4,2027-04-27 00:00:00
214,482,5,2027-04-27 01:00:00
745,235,5,2027-04-27 02:00:00
683,111,5,2027-04-27 03:00:00
533,378,3,2027-04-27 04:00:00
15,410,5,2027-04-27 05:00:00
419,168,3,2027-04-27 06:00:00
368,54,1,2027-04-27 07:00:00
638,397,4,2027-04-27 08:00:00
853,127,3,2027-04-27 09:00:00
853,478,2,2027-04-27 10:00:00
213,275,5,2027-04-27 11:00:00
700,42,4,2027-04-27 12:00:00
684,41,5,2027-04-27 13:00:00
992,50,4,2027-04-27 14:00:00
759,487,1,2027-04-27 15:00:00
5,387,1,2027-04-27 16:00:00
231,159,5,2027-04-27 17:00:00
201,332,1,2027-04-27 18:00:00
885,399,4,2027-04-27 19:00:00
402,182,3,2027-04-27 20:00:00
149,181,4,2027-04-27 21:00:00
584,429,3,2027-04-27 22:00:00
492,166,1,2027-04-27 23:00:00
226,232,5,2027-04-28 00:00:00
586,206,3,2027-04-28 01:00:00
819,355,4,2027-04-28 02:00:00
169,464,5,2027-04-28 03:00:00
761,50,5,2027-04-28 04:00:00
792,408,3,2027-04-28 05:00:00
1000,401,5,2027-04-28 06:00:00
152,146,5,2027-04-28 07:00:00
224,298,4,2027-04-28 08:00:00
504,145,5,2027-04-28 09:00:00
737,16,5,2027-04-28 10:00:00
550,85,5,2027-04-28 11:00:00
44,216,3,2027-04-28 12:00:00
697,482,5,2027-04-28 13:00:00
504,52,1,2027-04-28 14:00:00
955,36,5,2027-04-28 15:00:00
241,107,3,2027-04-28 16:00:00
930,219,4,2027-04-28 17:00:00
843,423,5,2027-04-28 18:00:00
351,337,3,2027-04-28 19:00:00
722,409,3,2027-04-28 20:00:00
23,371,4,2027-04-28 21:00:00
636,486,5,2027-04-28 22:00:00
598,298,1,2027-04-28 23:00:00
43,254,4,2027-04-29 00:00:00
466,405,4,2027-04-29 01:00:00
40,68,3,2027-04-29 02:00:00
303,473,4,2027-04-29 03:00:00
681,187,2,2027-04-29 04:00:00
175,124,3,2027-04-29 05:00:00
999,30,5,2027-04-29 06:00:00
532,185,5,2027-04-29 07:00:00
461,289,4,2027-04-29 08:00:00
621,359,1,2027-04-29 09:00:00
193,474,4,2027-04-29 10:00:00
244,473,5,2027-04-29 11:00:00
836,53,4,2027-04-29 12:00:00
280,400,4,2027-04-29 13:00:00
740,177,5,2027-04-29 14:00:00
36,472,4,2027-04-29 15:00:00
557,133,5,2027-04-29 16:00:00
898,362,4,2027-04-29 17:00:00
540,487,3,2027-04-29 18:00:00
154,77,3,2027-04-29 19:00:00
23,350,4,2027-04-29 20:00:00
719,60,4,2027-04-29 21:00:00
932,455,4,2027-04-29 22:00:00
91,367,1,2027-04-29 23:00:00
390,465,5,2027-04-30 00:00:00
931,311,5,2027-04-30 01:00:00
359,91,4,2027-04-30 02:00:00
550,419,5,2027-04-30 03:00:00
931,453,2,2027-04-30 04:00:00
228,298,4,2027-04-30 05:00:00
202,325,4,2027-04-30 06:00:00
350,280,4,2027-04-30 07:00:00
821,199,4,2027-04-30 08:00:00
766,455,4,2027-04-30 09:00:00
38,118,3,2027-04-30 10:00:00
733,183,1,2027-04-30 11:00:00
500,398,5,2027-04-30 12:00:00
699,55,1,2027-04-30 13:00:00
43,271,3,2027-04-30 14:00:00
871,5,4,2027-04-30 15:00:00
626,101,3,2027-04-30 16:00:00
772,388,4,2027-04-30 17:00:00
517,286,4,2027-04-30 18:00:00
68,468,3,2027-04-30 19:00:00
740,53,2,2027-04-30 20:00:00
123,218,2,2027-04-30 21:00:00
685,329,4,2027-04-30 22:00:00
336,286,5,2027-04-30 23:00:00
153,492,2,2027-05-01 00:00:00
974,240,4,2027-05-01 01:00:00
779,214,5,2027-05-01 02:00:00
669,104,3,2027-05-01 03:00:00
214,364,4,2027-05-01 05:00:00
910,222,5,2027-05-01 06:00:00
376,340,5,2027-05-01 07:00:00
920,348,3,2027-05-01 08:00:00
443,189,3,2027-05-01 09:00:00
423,327,4,2027-05-01 10:00:00
538,324,1,2027-05-01 11:00:00
939,476,3,2027-05-01 12:00:00
804,311,5,2027-05-01 13:00:00
935,99,4,2027-05-01 14:00:00
701,97,4,2027-05-01 15:00:00
912,327,3,2027-05-01 16:00:00
634,73,3,2027-05-01 17:00:00
230,482,3,2027-05-01 18:00:00
59,256,5,2027-05-01 19:00:00
96,231,5,2027-05-01 20:00:00
262,170,4,2027-05-01 21:00:00
354,482,1,2027-05-01 22:00:00
312,333,5,2027-05-01 23:00:00
862,419,5,2027-05-02 01:00:00
795,429,4,2027-05-02 02:00:00
967,458,4,2027-05-02 03:00:00
923,222,4,2027-05-02 04:00:00
473,364,1,2027-05-02 05:00:00
632,346,4,2027-05-02 06:00:00
430,99,5,2027-05-02 07:00:00
937,220,5,2027-05-02 08:00:00
975,413,4,2027-05-02 09:00:00
537,244,5,2027-05-02 10:00:00
854,454,4,2027-05-02 11:00:00
146,259,2,2027-05-02 12:00:00
524,477,5,2027-05-02 13:00:00
87,441,4,2027-05-02 14:00:00
947,194,5,2027-05-02 15:00:00
109,375,3,2027-05-02 16:00:00
423,150,5,2027-05-02 17:00:00
345,494,4,2027-05-02 18:00:00
266,367,4,2027-05-02 19:00:00
734,498,5,2027-05-02 20:00:00
586,155,5,2027-05-02 21:00:00
994,499,4,2027-05-02 22:00:00
494,22,2,2027-05-02 23:00:00
333,458,5,2027-05-03 00:00:00
822,116,5,2027-05-03 01:00:00
413,113,2,2027-05-03 02:00:00
614,433,4,2027-05-03 03:00:00
937,211,4,2027-05-03 04:00:00
649,24,2,2027-05-03 05:00:00
191,283,2,2027-05-03 06:00:00
973,292,4,2027-05-03 07:00:00
933,363,5,2027-05-03 08:00:00
869,56,5,2027-05-03 10:00:00
73,266,5,2027-05-03 11:00:00
167,337,3,2027-05-03 13:00:00
168,108,4,2027-05-03 14:00:00
566,202,4,2027-05-03 15:00:00
259,202,5,2027-05-03 16:00:00
439,422,4,2027-05-03 17:00:00
111,337,2,2027-05-03 18:00:00
744,383,3,2027-05-03 19:00:00
673,474,4,2027-05-03 20:00:00
864,218,5,2027-05-03 21:00:00
839,243,4,2027-05-03 22:00:00
531,354,4,2027-05-03 23:00:00
290,388,2,2027-05-04 00:00:00
974,178,5,2027-05-04 01:00:00
510,61,5,2027-05-04 03:00:00
175,405,4,2027-05-04 04:00:00
302,36,4,2027-05-04 05:00:00
696,358,4,2027-05-04 06:00:00
185,46,2,2027-05-04 07:00:00
339,95,3,2027-05-04 08:00:00
510,327,1,2027-05-04 09:00:00
819,44,4,2027-05-04 10:00:00
310,320,4,2027-05-04 11:00:00
507,226,3,2027-05-04 12:00:00
346,146,4,2027-05-04 13:00:00
81,472,4,2027-05-04 14:00:00
374,269,4,2027-05-04 15:00:00
156,13,2,2027-05-04 16:00:00
787,25,4,2027-05-04 17:00:00
795,261,3,2027-05-04 18:00:00
432,128,3,2027-05-04 19:00:00
500,39,4,2027-05-04 20:00:00
761,157,2,2027-05-04 21:00:00
147,364,5,2027-05-04 22:00:00
481,185,5,2027-05-04 23:00:00
435,174,4,2027-05-05 00:00:00
519,417,3,2027-05-05 01:00:00
669,472,4,2027-05-05 02:00:00
683,394,4,2027-05-05 03:00:00
69,186,3,2027-05-05 04:00:00
606,281,3,2027-05-05 05:00:00
881,489,2,2027-05-05 06:00:00
875,74,3,2027-05-05 07:00:00
888,295,4,2027-05-05 08:00:00
186,16,5,2027-05-05 09:00:00
904,188,3,2027-05-05 10:00:00
682,412,2,2027-05-05 11:00:00
204,460,1,2027-05-05 12:00:00
554,172,4,2027-05-05 13:00:00
13,186,3,2027-05-05 14:00:00
666,32,3,2027-05-05 15:00:00
274,63,3,2027-05-05 16:00:00
298,499,4,2027-05-05 17:00:00
51,349,4,2027-05-05 18:00:00
500,301,5,2027-05-05 19:00:00
369,309,4,2027-05-05 20:00:00
724,189,2,2027-05-05 21:00:00
656,306,5,2027-05-05 22:00:00
357,411,2,2027-05-05 23:00:00
3,26,4,2027-05-06 00:00:00
254,387,1,2027-05-06 01:00:00
475,346,1,2027-05-06 02:00:00
847,39,4,2027-05-06 03:00:00
506,193,2,2027-05-06 04:00:00
256,163,3,2027-05-06 05:00:00
610,53,3,2027-05-06 06:00:00
685,475,5,2027-05-06 07:00:00
150,174,3,2027-05-06 08:00:00
488,196,4,2027-05-06 09:00:00
279,211,5,2027-05-06 10:00:00
59,278,3,2027-05-06 11:00:00
446,188,5,2027-05-06 12:00:00
113,390,5,2027-05-06 13:00:00
836,308,5,2027-05-06 14:00:00
755,457,4,2027-05-06 15:00:00
822,331,3,2027-05-06 16:00:00
569,214,5,2027-05-06 17:00:00
489,495,1,2027-05-06 18:00:00
407,329,1,2027-05-06 19:00:00
367,29,3,2027-05-06 20:00:00
60,171,5,2027-05-06 21:00:00
329,122,2,2027-05-06 22:00:00
728,458,4,2027-05-06 23:00:00
469,418,3,2027-05-07 00:00:00
745,159,4,2027-05-07 01:00:00
567,86,4,2027-05-07 02:00:00
720,4,3,2027-05-07 04:00:00
63,2,3,2027-05-07 05:00:00
311,302,4,2027-05-07 07:00:00
793,79,5,2027-05-07 08:00:00
538,147,4,2027-05-07 09:00:00
177,166,5,2027-05-07 10:00:00
575,315,5,2027-05-07 11:00:00
429,463,4,2027-05-07 12:00:00
73,238,3,2027-05-07 13:00:00
847,328,5,2027-05-07 14:00:00
167,276,4,2027-05-07 15:00:00
225,204,5,2027-05-07 16:00:00
577,452,4,2027-05-07 17:00:00
581,53,5,2027-05-07 18:00:00
952,486,5,2027-05-07 19:00:00
9,107,5,2027-05-07 20:00:00
236,55,4,2027-05-07 21:00:00
710,246,4,2027-05-07 22:00:00
924,423,5,2027-05-07 23:00:00
685,377,5,2027-05-08 00:00:00
794,164,3,2027-05-08 01:00:00
28,442,4,2027-05-08 02:00:00
808,15,4,2027-05-08 03:00:00
911,1,1,2027-05-08 04:00:00
646,351,3,2027-05-08 05:00:00
27,137,3,2027-05-08 06:00:00
550,151,5,2027-05-08 07:00:00
196,180,3,2027-05-08 08:00:00
203,410,4,2027-05-08 09:00:00
85,232,5,2027-05-08 10:00:00
832,492,3,2027-05-08 11:00:00
30,487,2,2027-05-08 12:00:00
466,188,5,2027-05-08 13:00:00
99,18,5,2027-05-08 14:00:00
899,225,2,2027-05-08 15:00:00
190,105,5,2027-05-08 16:00:00
12,487,5,2027-05-08 17:00:00
603,206,5,2027-05-08 18:00:00
725,65,4,2027-05-08 20:00:00
38,333,4,2027-05-08 21:00:00
853,372,3,2027-05-08 22:00:00
572,207,1,2027-05-08 23:00:00
294,229,2,2027-05-09 00:00:00
360,69,4,2027-05-09 01:00:00
914,206,1,2027-05-09 03:00:00
180,174,5,2027-05-09 04:00:00
112,331,3,2027-05-09 06:00:00
742,416,5,2027-05-09 07:00:00
444,307,4,2027-05-09 08:00:00
21,197,4,2027-05-09 09:00:00
145,228,1,2027-05-09 10:00:00
499,271,1,2027-05-09 11:00:00
887,325,3,2027-05-09 14:00:00
316,15,2,2027-05-09 16:00:00
166,286,3,2027-05-09 17:00:00
652,334,1,2027-05-09 18:00:00
203,408,5,2027-05-09 19:00:00
496,216,3,2027-05-09 20:00:00
756,35,3,2027-05-09 21:00:00
625,69,5,2027-05-09 22:00:00
468,396,2,2027-05-09 23:00:00
713,212,3,2027-05-10 00:00:00
385,46,2,2027-05-10 01:00:00
314,382,5,2027-05-10 02:00:00
771,453,3,2027-05-10 03:00:00
255,248,5,2027-05-10 04:00:00
959,420,2,2027-05-10 05:00:00
917,85,1,2027-05-10 06:00:00
23,48,5,2027-05-10 07:00:00
905,231,4,2027-05-10 08:00:00
758,67,3,2027-05-10 09:00:00
339,477,4,2027-05-10 10:00:00
493,438,3,2027-05-10 11:00:00
823,89,4,2027-05-10 12:00:00
511,219,4,2027-05-10 13:00:00
366,420,2,2027-05-10 14:00:00
372,52,5,2027-05-10 15:00:00
915,22,4,2027-05-10 16:00:00
830,422,2,2027-05-10 17:00:00
599,99,3,2027-05-10 18:00:00
219,446,5,2027-05-10 19:00:00
475,449,3,2027-05-10 20:00:00
423,131,4,2027-05-10 21:00:00
356,88,5,2027-05-10 22:00:00
460,136,4,2027-05-10 23:00:00
503,496,4,2027-05-11 00:00:00
27,374,3,2027-05-11 01:00:00
942,39,4,2027-05-11 02:00:00
801,105,5,2027-05-11 04:00:00
860,387,2,2027-05-11 05:00:00
223,146,3,2027-05-11 06:00:00
864,336,1,2027-05-11 07:00:00
690,224,3,2027-05-11 08:00:00
148,117,2,2027-05-11 09:00:00
424,1,5,2027-05-11 10:00:00
739,117,5,2027-05-11 11:00:00
351,384,4,2027-05-11 12:00:00
186,26,2,2027-05-11 13:00:00
415,436,3,2027-05-11 14:00:00
806,496,5,2027-05-11 15:00:00
982,12,2,2027-05-11 16:00:00
429,294,4,2027-05-11 17:00:00
41,341,3,2027-05-11 18:00:00
905,169,5,2027-05-11 19:00:00
393,53,3,2027-05-11 20:00:00
703,269,1,2027-05-11 21:00:00
79,248,5,2027-05-11 22:00:00
717,128,3,2027-05-11 23:00:00
896,76,4,2027-05-12 00:00:00
790,269,2,2027-05-12 01:00:00
784,146,4,2027-05-12 02:00:00
544,403,3,2027-05-12 03:00:00
450,403,4,2027-05-12 04:00:00
474,499,5,2027-05-12 05:00:00
142,454,5,2027-05-12 06:00:00
251,48,5,2027-05-12 07:00:00
294,199,5,2027-05-12 08:00:00
610,71,4,2027-05-12 09:00:00
136,412,2,2027-05-12 10:00:00
484,92,4,2027-05-12 11:00:00
789,403,2,2027-05-12 12:00:00
312,464,3,2027-05-12 13:00:00
814,209,5,2027-05-12 14:00:00
555,342,4,2027-05-12 15:00:00
632,339,3,2027-05-12 16:00:00
732,48,5,2027-05-12 17:00:00
46,29,5,2027-05-12 18:00:00
236,176,4,2027-05-12 19:00:00
48,19,4,2027-05-12 20:00:00
198,495,3,2027-05-12 21:00:00
84,355,5,2027-05-12 22:00:00
543,47,3,2027-05-12 23:00:00
161,345,5,2027-05-13 00:00:00
428,60,5,2027-05-13 01:00:00
71,176,5,2027-05-13 02:00:00
520,255,5,2027-05-13 03:00:00
969,404,4,2027-05-13 04:00:00
898,229,5,2027-05-13 05:00:00
913,147,5,2027-05-13 06:00:00
52,298,3,2027-05-13 07:00:00
45,333,1,2027-05-13 08:00:00
293,239,4,2027-05-13 09:00:00
938,332,5,2027-05-13 10:00:00
812,433,5,2027-05-13 11:00:00
465,399,5,2027-05-13 12:00:00
885,188,3,2027-05-13 13:00:00
550,324,4,2027-05-13 14:00:00
867,335,4,2027-05-13 15:00:00
380,209,4,2027-05-13 16:00:00
743,411,3,2027-05-13 17:00:00
478,75,4,2027-05-13 18:00:00
262,183,4,2027-05-13 19:00:00
580,87,4,2027-05-13 20:00:00
179,271,4,2027-05-13 21:00:00
357,180,4,2027-05-13 22:00:00
419,415,2,2027-05-13 23:00:00
698,245,5,2027-05-14 00:00:00
953,346,3,2027-05-14 01:00:00
201,7,5,2027-05-14 02:00:00
902,269,2,2027-05-14 03:00:00
13,438,4,2027-05-14 04:00:00
443,13,5,2027-05-14 05:00:00
726,500,1,2027-05-14 06:00:00
732,404,5,2027-05-14 07:00:00
286,226,1,2027-05-14 08:00:00
756,266,1,2027-05-14 09:00:00
868,242,5,2027-05-14 10:00:00
258,380,5,2027-05-14 11:00:00
570,180,2,2027-05-14 12:00:00
548,421,5,2027-05-14 13:00:00
840,180,4,2027-05-14 14:00:00
941,126,2,2027-05-14 15:00:00
490,499,5,2027-05-14 16:00:00
498,283,4,2027-05-14 17:00:00
905,418,3,2027-05-14 18:00:00
894,356,5,2027-05-14 19:00:00
705,190,5,2027-05-14 20:00:00
333,16,4,2027-05-14 21:00:00
562,315,5,2027-05-14 22:00:00
975,21,5,2027-05-14 23:00:00
32,16,3,2027-05-15 00:00:00
610,465,5,2027-05-15 01:00:00
43,463,3,2027-05-15 02:00:00
893,269,4,2027-05-15 03:00:00
351,33,5,2027-05-15 04:00:00
334,182,5,2027-05-15 05:00:00
822,69,3,2027-05-15 06:00:00
559,411,4,2027-05-15 07:00:00
270,52,4,2027-05-15 08:00:00
944,65,2,2027-05-15 09:00:00
823,300,5,2027-05-15 10:00:00
413,414,5,2027-05-15 11:00:00
943,407,5,2027-05-15 12:00:00
575,335,4,2027-05-15 13:00:00
19,228,3,2027-05-15 14:00:00
347,467,5,2027-05-15 15:00:00
905,222,3,2027-05-15 16:00:00
613,272,1,2027-05-15 17:00:00
37,439,5,2027-05-15 18:00:00
619,18,5,2027-05-15 19:00:00
92,218,4,2027-05-15 20:00:00
820,273,1,2027-05-15 21:00:00
185,459,3,2027-05-15 22:00:00
728,308,4,2027-05-15 23:00:00
28,173,4,2027-05-16 00:00:00
548,56,5,2027-05-16 01:00:00
372,349,5,2027-05-16 02:00:00
832,438,4,2027-05-16 03:00:00
530,9,4,2027-05-16 04:00:00
345,497,5,2027-05-16 05:00:00
419,401,5,2027-05-16 06:00:00
196,283,5,2027-05-16 07:00:00
78,293,5,2027-05-16 08:00:00
167,22,2,2027-05-16 09:00:00
90,72,5,2027-05-16 10:00:00
264,451,3,2027-05-16 11:00:00
472,422,5,2027-05-16 12:00:00
208,355,5,2027-05-16 13:00:00
724,480,4,2027-05-16 14:00:00
271,328,3,2027-05-16 15:00:00
263,172,2,2027-05-16 16:00:00
506,123,2,2027-05-16 17:00:00
785,91,5,2027-05-16 18:00:00
512,224,4,2027-05-16 19:00:00
854,292,4,2027-05-16 20:00:00
726,354,5,2027-05-16 21:00:00
576,409,5,2027-05-16 23:00:00
524,479,4,2027-05-17 00:00:00
722,298,3,2027-05-17 01:00:00
312,367,5,2027-05-17 02:00:00
174,256,4,2027-05-17 03:00:00
431,13,2,2027-05-17 04:00:00
768,440,4,2027-05-17 05:00:00
463,335,5,2027-05-17 06:00:00
101,118,1,2027-05-17 07:00:00
16,435,4,2027-05-17 08:00:00
709,178,5,2027-05-17 09:00:00
258,461,5,2027-05-17 10:00:00
896,308,5,2027-05-17 11:00:00
244,500,3,2027-05-17 12:00:00
348,161,4,2027-05-17 13:00:00
249,95,5,2027-05-17 14:00:00
105,409,2,2027-05-17 15:00:00
694,368,4,2027-05-17 16:00:00
667,314,5,2027-05-17 17:00:00
287,168,5,2027-05-17 18:00:00
169,87,2,2027-05-17 19:00:00
420,422,3,2027-05-17 20:00:00
47,3,4,2027-05-17 21:00:00
43,372,5,2027-05-17 22:00:00
321,16,5,2027-05-17 23:00:00
818,130,3,2027-05-18 00:00:00
221,23,1,2027-05-18 01:00:00
513,98,4,2027-05-18 02:00:00
712,158,5,2027-05-18 03:00:00
441,239,5,2027-05-18 04:00:00
144,10,4,2027-05-18 05:00:00
890,321,5,2027-05-18 06:00:00
28,22,4,2027-05-18 07:00:00
854,308,4,2027-05-18 08:00:00
850,367,1,2027-05-18 09:00:00
790,184,5,2027-05-18 10:00:00
553,417,4,2027-05-18 11:00:00
844,217,3,2027-05-18 12:00:00
659,214,1,2027-05-18 13:00:00
857,336,3,2027-05-18 14:00:00
690,158,1,2027-05-18 15:00:00
827,210,3,2027-05-18 16:00:00
837,408,5,2027-05-18 17:00:00
930,133,2,2027-05-18 18:00:00
167,53,4,2027-05-18 19:00:00
635,229,2,2027-05-18 20:00:00
586,183,5,2027-05-18 21:00:00
751,23,4,2027-05-18 22:00:00
249,106,3,2027-05-18 23:00:00
775,91,5,2027-05-19 00:00:00
764,119,5,2027-05-19 01:00:00
357,460,5,2027-05-19 02:00:00
111,138,1,2027-05-19 03:00:00
692,482,4,2027-05-19 04:00:00
700,120,5,2027-05-19 05:00:00
820,161,5,2027-05-19 06:00:00
719,208,5,2027-05-19 07:00:00
234,349,4,2027-05-19 08:00:00
24,318,5,2027-05-19 09:00:00
26,338,5,2027-05-19 10:00:00
381,155,2,2027-05-19 11:00:00
730,263,4,2027-05-19 12:00:00
346,356,5,2027-05-19 13:00:00
378,155,1,2027-05-19 14:00:00
522,330,3,2027-05-19 15:00:00
17,394,3,2027-05-19 16:00:00
245,459,5,2027-05-19 17:00:00
718,313,5,2027-05-19 18:00:00
770,286,4,2027-05-19 19:00:00
624,259,5,2027-05-19 20:00:00
717,157,4,2027-05-19 21:00:00
539,14,5,2027-05-19 22:00:00
969,77,3,2027-05-19 23:00:00
583,339,5,2027-05-20 00:00:00
688,409,3,2027-05-20 01:00:00
202,394,1,2027-05-20 02:00:00
248,335,3,2027-05-20 03:00:00
118,220,4,2027-05-20 04:00:00
9,232,5,2027-05-20 05:00:00
598,433,4,2027-05-20 06:00:00
23,294,2,2027-05-20 07:00:00
967,455,5,2027-05-20 08:00:00
240,142,3,2027-05-20 09:00:00
585,251,5,2027-05-20 10:00:00
27,414,5,2027-05-20 11:00:00
984,296,4,2027-05-20 12:00:00
861,140,2,2027-05-20 13:00:00
596,498,5,2027-05-20 15:00:00
199,142,4,2027-05-20 16:00:00
555,129,3,2027-05-20 17:00:00
1000,324,5,2027-05-20 18:00:00
775,305,4,2027-05-20 19:00:00
92,18,2,2027-05-20 20:00:00
851,243,5,2027-05-20 21:00:00
959,164,5,2027-05-20 22:00:00
84,320,3,2027-05-20 23:00:00
300,96,1,2027-05-21 00:00:00
935,28,4,2027-05-21 01:00:00
296,476,3,2027-05-21 02:00:00
647,230,1,2027-05-21 03:00:00
454,416,5,2027-05-21 04:00:00
281,456,5,2027-05-21 05:00:00
59,25,3,2027-05-21 06:00:00
909,175,5,2027-05-21 07:00:00
871,404,1,2027-05-21 08:00:00
1000,161,3,2027-05-21 09:00:00
342,30,2,2027-05-21 10:00:00
753,165,1,2027-05-21 11:00:00
465,208,4,2027-05-21 12:00:00
880,437,5,2027-05-21 13:00:00
342,473,4,2027-05-21 14:00:00
610,102,4,2027-05-21 15:00:00
62,373,3,2027-05-21 16:00:00
776,106,5,2027-05-21 17:00:00
625,330,3,2027-05-21 18:00:00
429,69,1,2027-05-21 19:00:00
658,8,2,2027-05-21 20:00:00
728,123,2,2027-05-21 21:00:00
256,353,4,2027-05-21 22:00:00
828,101,1,2027-05-21 23:00:00
828,1,5,2027-05-22 00:00:00
874,351,5,2027-05-22 01:00:00
770,7,3,2027-05-22 02:00:00
706,318,4,2027-05-22 03:00:00
347,111,4,2027-05-22 04:00:00
526,343,5,2027-05-22 05:00:00
304,186,1,2027-05-22 06:00:00
615,216,4,2027-05-22 07:00:00
245,462,3,2027-05-22 08:00:00
824,123,3,2027-05-22 10:00:00
780,201,2,2027-05-22 11:00:00
736,8,3,2027-05-22 12:00:00
732,64,1,2027-05-22 13:00:00
823,136,3,2027-05-22 14:00:00
412,387,4,2027-05-22 15:00:00
878,383,4,2027-05-22 16:00:00
217,186,4,2027-05-22 17:00:00
516,127,1,2027-05-22 18:00:00
474,416,2,2027-05-22 19:00:00
36,372,5,2027-05-22 20:00:00
178,452,3,2027-05-22 21:00:00
387,49,5,2027-05-22 22:00:00
769,166,5,2027-05-22 23:00:00
17,386,2,2027-05-23 00:00:00
711,127,5,2027-05-23 01:00:00
830,393,4,2027-05-23 02:00:00
48,302,4,2027-05-23 03:00:00
62,321,5,2027-05-23 04:00:00
69,177,4,2027-05-23 05:00:00
659,203,5,2027-05-23 06:00:00
871,157,4,2027-05-23 07:00:00
366,346,5,2027-05-23 08:00:00
162,219,4,2027-05-23 09:00:00
739,486,2,2027-05-23 10:00:00
945,285,3,2027-05-23 11:00:00
976,289,5,2027-05-23 12:00:00
488,28,3,2027-05-23 13:00:00
431,351,4,2027-05-23 14:00:00
999,83,3,2027-05-23 15:00:00
859,112,2,2027-05-23 16:00:00
489,154,2,2027-05-23 17:00:00
230,370,3,2027-05-23 18:00:00
370,29,4,2027-05-23 19:00:00
178,395,5,2027-05-23 20:00:00
857,489,4,2027-05-23 21:00:00
410,480,4,2027-05-23 22:00:00
568,213,4,2027-05-23 23:00:00
590,102,5,2027-05-24 00:00:00
270,418,4,2027-05-24 01:00:00
206,360,2,2027-05-24 02:00:00
793,214,4,2027-05-24 03:00:00
740,304,5,2027-05-24 04:00:00
900,155,5,2027-05-24 05:00:00
751,380,5,2027-05-24 06:00:00
975,200,3,2027-05-24 07:00:00
800,168,5,2027-05-24 08:00:00
82,238,3,2027-05-24 09:00:00
846,159,1,2027-05-24 10:00:00
762,193,4,2027-05-24 11:00:00
193,167,2,2027-05-24 12:00:00
618,226,4,2027-05-24 13:00:00
189,367,5,2027-05-24 14:00:00
276,251,5,2027-05-24 15:00:00
74,280,4,2027-05-24 16:00:00
10,476,4,2027-05-24 17:00:00
216,452,4,2027-05-24 19:00:00
290,466,5,2027-05-24 20:00:00
445,221,5,2027-05-24 21:00:00
988,23,3,2027-05-24 22:00:00
923,485,1,2027-05-24 23:00:00
552,189,4,2027-05-25 00:00:00
193,411,5,2027-05-25 01:00:00
639,272,5,2027-05-25 02:00:00
289,429,4,2027-05-25 03:00:00
964,27,2,2027-05-25 04:00:00
583,457,2,2027-05-25 05:00:00
649,389,5,2027-05-25 06:00:00
144,443,4,2027-05-25 07:00:00
389,456,4,2027-05-25 08:00:00
866,210,5,2027-05-25 09:00:00
892,35,5,2027-05-25 10:00:00
407,198,4,2027-05-25 11:00:00
811,491,4,2027-05-25 12:00:00
370,471,5,2027-05-25 13:00:00
857,174,3,2027-05-25 14:00:00
441,218,4,2027-05-25 15:00:00
947,56,1,2027-05-25 16:00:00
781,383,5,2027-05-25 17:00:00
896,499,5,2027-05-25 18:00:00
920,487,5,2027-05-25 19:00:00
651,152,3,2027-05-25 20:00:00
564,394,4,2027-05-25 21:00:00
529,463,3,2027-05-25 22:00:00
677,38,3,2027-05-25 23:00:00
13,468,4,2027-05-26 00:00:00
702,477,5,2027-05-26 01:00:00
987,198,1,2027-05-26 02:00:00
340,432,3,2027-05-26 03:00:00
865,9,4,2027-05-26 04:00:00
874,499,3,2027-05-26 05:00:00
864,178,1,2027-05-26 06:00:00
776,325,4,2027-05-26 07:00:00
312,176,4,2027-05-26 08:00:00
733,423,4,2027-05-26 09:00:00
104,467,3,2027-05-26 10:00:00
339,261,3,2027-05-26 11:00:00
198,84,3,2027-05-26 12:00:00
300,139,1,2027-05-26 13:00:00
444,242,2,2027-05-26 14:00:00
359,316,5,2027-05-26 15:00:00
368,155,1,2027-05-26 16:00:00
149,135,2,2027-05-26 18:00:00
761,188,4,2027-05-26 19:00:00
768,178,3,2027-05-26 20:00:00
982,67,2,2027-05-26 21:00:00
42,69,2,2027-05-26 22:00:00
202,439,5,2027-05-26 23:00:00
970,77,5,2027-05-27 00:00:00
244,400,5,2027-05-27 01:00:00
669,374,3,2027-05-27 02:00:00
464,12,3,2027-05-27 03:00:00
449,487,4,2027-05-27 04:00:00
913,283,3,2027-05-27 05:00:00
798,246,4,2027-05-27 06:00:00
794,237,4,2027-05-27 07:00:00
437,252,4,2027-05-27 08:00:00
893,417,4,2027-05-27 09:00:00
750,207,3,2027-05-27 10:00:00
565,108,5,2027-05-27 12:00:00
597,209,4,2027-05-27 13:00:00
273,311,3,2027-05-27 14:00:00
430,308,5,2027-05-27 15:00:00
872,293,5,2027-05-27 16:00:00
213,113,4,2027-05-27 17:00:00
949,376,4,2027-05-27 18:00:00
873,15,5,2027-05-27 19:00:00
104,340,4,2027-05-27 20:00:00
192,83,5,2027-05-27 21:00:00
941,65,5,2027-05-27 22:00:00
689,452,5,2027-05-27 23:00:00
659,3,4,2027-05-28 00:00:00
380,456,2,2027-05-28 01:00:00
967,361,4,2027-05-28 02:00:00
81,236,1,2027-05-28 03:00:00
705,389,4,2027-05-28 04:00:00
549,393,5,2027-05-28 05:00:00
377,129,4,2027-05-28 06:00:00
838,247,1,2027-05-28 07:00:00
154,235,3,2027-05-28 08:00:00
642,30,1,2027-05-28 09:00:00
571,71,5,2027-05-28 10:00:00
736,470,5,2027-05-28 11:00:00
761,148,5,2027-05-28 12:00:00
240,93,1,2027-05-28 13:00:00
374,283,1,2027-05-28 14:00:00
901,217,5,2027-05-28 15:00:00
805,238,2,2027-05-28 16:00:00
799,227,4,2027-05-28 17:00:00
204,219,5,2027-05-28 18:00:00
611,319,4,2027-05-28 19:00:00
350,459,4,2027-05-28 20:00:00
688,337,3,2027-05-28 21:00:00
774,31,5,2027-05-28 22:00:00
783,466,3,2027-05-28 23:00:00
143,403,3,2027-05-29 00:00:00
189,114,4,2027-05-29 01:00:00
272,102,2,2027-05-29 02:00:00
532,93,4,2027-05-29 03:00:00
845,207,4,2027-05-29 04:00:00
300,446,2,2027-05-29 05:00:00
426,391,1,2027-05-29 06:00:00
46,229,2,2027-05-29 07:00:00
95,421,2,2027-05-29 08:00:00
930,71,3,2027-05-29 09:00:00
64,342,5,2027-05-29 10:00:00
413,460,1,2027-05-29 11:00:00
643,136,2,2027-05-29 12:00:00
9,441,3,2027-05-29 13:00:00
459,466,4,2027-05-29 14:00:00
715,284,5,2027-05-29 15:00:00
409,338,5,2027-05-29 16:00:00
470,351,4,2027-05-29 17:00:00
810,17,2,2027-05-29 18:00:00
506,215,3,2027-05-29 19:00:00
686,395,3,2027-05-29 20:00:00
73,399,5,2027-05-29 21:00:00
84,414,4,2027-05-29 22:00:00
59,244,3,2027-05-29 23:00:00
21,95,5,2027-05-30 00:00:00
458,121,5,2027-05-30 01:00:00
918,6,5,2027-05-30 02:00:00
157,268,3,2027-05-30 03:00:00
831,87,2,2027-05-30 04:00:00
329,189,2,2027-05-30 05:00:00
573,103,4,2027-05-30 06:00:00
576,104,4,2027-05-30 07:00:00
837,420,5,2027-05-30 08:00:00
680,291,3,2027-05-30 09:00:00
203,67,4,2027-05-30 10:00:00
641,106,5,2027-05-30 11:00:00
757,248,3,2027-05-30 12:00:00
106,348,3,2027-05-30 13:00:00
833,207,4,2027-05-30 14:00:00
122,205,5,2027-05-30 15:00:00
318,319,5,2027-05-30 16:00:00
182,83,5,2027-05-30 17:00:00
615,424,5,2027-05-30 18:00:00
316,82,4,2027-05-30 19:00:00
814,287,2,2027-05-30 20:00:00
773,37,5,2027-05-30 21:00:00
625,213,5,2027-05-30 22:00:00
406,487,3,2027-05-30 23:00:00
986,133,3,2027-05-31 00:00:00
949,115,4,2027-05-31 01:00:00
70,377,5,2027-05-31 02:00:00
240,211,5,2027-05-31 04:00:00
523,132,5,2027-05-31 05:00:00
138,374,5,2027-05-31 06:00:00
495,154,4,2027-05-31 07:00:00
679,408,5,2027-05-31 08:00:00
247,423,2,2027-05-31 09:00:00
866,440,3,2027-05-31 10:00:00
543,438,3,2027-05-31 11:00:00
524,294,1,2027-05-31 12:00:00
243,366,3,2027-05-31 13:00:00
620,182,2,2027-05-31 14:00:00
336,147,5,2027-05-31 15:00:00
422,222,4,2027-05-31 16:00:00
835,282,5,2027-05-31 17:00:00
194,127,3,2027-05-31 18:00:00
308,308,2,2027-05-31 19:00:00
645,203,2,2027-05-31 20:00:00
907,118,3,2027-05-31 21:00:00
506,61,2,2027-05-31 22:00:00
281,231,3,2027-05-31 23:00:00
803,451,4,2027-06-01 00:00:00
675,500,3,2027-06-01 01:00:00
790,150,3,2027-06-01 02:00:00
933,145,1,2027-06-01 03:00:00
982,395,5,2027-06-01 04:00:00
439,111,2,2027-06-01 05:00:00
715,167,3,2027-06-01 06:00:00
608,189,3,2027-06-01 07:00:00
483,495,5,2027-06-01 08:00:00
223,475,4,2027-06-01 09:00:00
749,49,3,2027-06-01 10:00:00
117,107,4,2027-06-01 11:00:00
968,93,4,2027-06-01 12:00:00
192,124,1,2027-06-01 13:00:00
788,317,3,2027-06-01 14:00:00
618,140,5,2027-06-01 15:00:00
994,397,4,2027-06-01 16:00:00
516,314,4,2027-06-01 17:00:00
530,11,2,2027-06-01 18:00:00
307,448,5,2027-06-01 19:00:00
964,415,2,2027-06-01 20:00:00
532,395,2,2027-06-01 21:00:00
122,378,4,2027-06-01 22:00:00
649,361,4,2027-06-01 23:00:00
592,171,5,2027-06-02 00:00:00
154,36,2,2027-06-02 01:00:00
870,130,4,2027-06-02 02:00:00
537,343,3,2027-06-02 03:00:00
452,61,5,2027-06-02 04:00:00
169,420,3,2027-06-02 05:00:00
59,334,4,2027-06-02 06:00:00
301,485,3,2027-06-02 07:00:00
553,49,4,2027-06-02 08:00:00
550,411,4,2027-06-02 09:00:00
117,396,3,2027-06-02 10:00:00
787,186,4,2027-06-02 11:00:00
782,221,3,2027-06-02 12:00:00
127,6,5,2027-06-02 13:00:00
405,300,4,2027-06-02 14:00:00
399,175,5,2027-06-02 15:00:00
515,279,3,2027-06-02 16:00:00
805,371,2,2027-06-02 17:00:00
885,458,3,2027-06-02 18:00:00
498,354,2,2027-06-02 19:00:00
942,364,3,2027-06-02 20:00:00
528,204,3,2027-06-02 21:00:00
398,96,5,2027-06-02 22:00:00
265,282,4,2027-06-02 23:00:00
751,135,4,2027-06-03 00:00:00
263,416,5,2027-06-03 01:00:00
398,33,2,2027-06-03 02:00:00
646,82,5,2027-06-03 03:00:00
725,483,4,2027-06-03 04:00:00
527,148,2,2027-06-03 05:00:00
436,95,5,2027-06-03 06:00:00
840,453,4,2027-06-03 07:00:00
930,480,4,2027-06-03 08:00:00
360,436,5,2027-06-03 09:00:00
129,495,5,2027-06-03 10:00:00
864,170,5,2027-06-03 11:00:00
634,211,4,2027-06-03 12:00:00
241,385,5,2027-06-03 13:00:00
627,191,3,2027-06-03 14:00:00
709,7,5,2027-06-03 15:00:00
222,380,3,2027-06-03 16:00:00
214,314,4,2027-06-03 17:00:00
916,342,5,2027-06-03 18:00:00
592,434,5,2027-06-03 19:00:00
775,34,5,2027-06-03 20:00:00
135,51,3,2027-06-03 21:00:00
818,120,2,2027-06-03 22:00:00
754,138,5,2027-06-03 23:00:00
386,367,4,2027-06-04 00:00:00
303,106,5,2027-06-04 01:00:00
287,32,5,2027-06-04 03:00:00
562,124,4,2027-06-04 04:00:00
189,170,5,2027-06-04 05:00:00
297,475,2,2027-06-04 06:00:00
526,446,5,2027-06-04 07:00:00
389,12,2,2027-06-04 08:00:00
459,168,1,2027-06-04 09:00:00
744,343,4,2027-06-04 10:00:00
704,34,5,2027-06-04 12:00:00
925,209,3,2027-06-04 13:00:00
715,326,5,2027-06-04 14:00:00
773,411,5,2027-06-04 15:00:00
113,8,4,2027-06-04 16:00:00
886,225,3,2027-06-04 17:00:00
864,227,4,2027-06-04 18:00:00
36,175,5,2027-06-04 19:00:00
79,81,5,2027-06-04 20:00:00
275,282,1,2027-06-04 21:00:00
960,57,2,2027-06-04 22:00:00
278,135,1,2027-06-04 23:00:00
674,238,4,2027-06-05 00:00:00
312,472,4,2027-06-05 01:00:00
529,217,4,2027-06-05 02:00:00
204,227,4,2027-06-05 03:00:00
985,26,3,2027-06-05 04:00:00
952,187,3,2027-06-05 05:00:00
17,370,3,2027-06-05 06:00:00
714,118,1,2027-06-05 07:00:00
476,197,5,2027-06-05 08:00:00
511,116,3,2027-06-05 09:00:00
210,303,4,2027-06-05 10:00:00
499,102,3,2027-06-05 11:00:00
402,380,4,2027-06-05 12:00:00
429,163,4,2027-06-05 13:00:00
992,414,3,2027-06-05 14:00:00
78,178,4,2027-06-05 15:00:00
568,473,2,2027-06-05 16:00:00
80,280,4,2027-06-05 17:00:00
306,286,5,2027-06-05 18:00:00
58,212,4,2027-06-05 19:00:00
530,54,5,2027-06-05 20:00:00
208,67,3,2027-06-05 21:00:00
511,32,1,2027-06-05 22:00:00
977,251,1,2027-06-05 23:00:00
135,8,3,2027-06-06 00:00:00
844,499,4,2027-06-06 01:00:00
994,434,4,2027-06-06 02:00:00
522,431,5,2027-06-06 03:00:00
581,215,5,2027-06-06 04:00:00
853,46,4,2027-06-06 05:00:00
899,80,4,2027-06-06 06:00:00
83,35,3,2027-06-06 07:00:00
621,189,4,2027-06-06 08:00:00
44,89,3,2027-06-06 09:00:00
483,335,4,2027-06-06 10:00:00
966,435,5,2027-06-06 11:00:00
910,447,4,2027-06-06 12:00:00
644,136,1,2027-06-06 13:00:00
493,34,5,2027-06-06 14:00:00
499,281,3,2027-06-06 15:00:00
18,113,5,2027-06-06 16:00:00
605,172,5,2027-06-06 17:00:00
995,339,4,2027-06-06 18:00:00
948,43,1,2027-06-06 19:00:00
294,382,5,2027-06-06 20:00:00
976,434,4,2027-06-06 21:00:00
148,13,3,2027-06-06 22:00:00
472,174,4,2027-06-06 23:00:00
995,125,4,2027-06-07 00:00:00
172,332,3,2027-06-07 01:00:00
563,207,2,2027-06-07 02:00:00
531,343,3,2027-06-07 03:00:00
120,437,1,2027-06-07 04:00:00
836,447,1,2027-06-07 05:00:00
737,104,2,2027-06-07 06:00:00
66,130,2,2027-06-07 07:00:00
141,40,3,2027-06-07 08:00:00
446,23,5,2027-06-07 09:00:00
506,252,4,2027-06-07 10:00:00
189,443,4,2027-06-07 11:00:00
158,325,4,2027-06-07 12:00:00
610,290,1,2027-06-07 13:00:00
670,202,5,2027-06-07 14:00:00
947,155,4,2027-06-07 15:00:00
246,55,4,2027-06-07 16:00:00
856,106,5,2027-06-07 17:00:00
944,260,5,2027-06-07 18:00:00
748,452,3,2027-06-07 19:00:00
33,200,5,2027-06-07 20:00:00
361,326,5,2027-06-07 21:00:00
753,217,5,2027-06-07 22:00:00
330,411,2,2027-06-07 23:00:00
512,47,5,2027-06-08 00:00:00
850,370,4,2027-06-08 01:00:00
787,117,4,2027-06-08 02:00:00
71,374,3,2027-06-08 03:00:00
313,424,2,2027-06-08 04:00:00
915,212,1,2027-06-08 05:00:00
728,155,4,2027-06-08 06:00:00
79,263,3,2027-06-08 07:00:00
169,151,2,2027-06-08 08:00:00
810,212,5,2027-06-08 09:00:00
983,192,5,2027-06-08 10:00:00
180,369,4,2027-06-08 11:00:00
628,243,5,2027-06-08 12:00:00
260,98,4,2027-06-08 13:00:00
486,29,2,2027-06-08 14:00:00
772,189,4,2027-06-08 15:00:00
5,172,4,2027-06-08 16:00:00
297,371,3,2027-06-08 17:00:00
620,197,3,2027-06-08 18:00:00
855,155,3,2027-06-08 19:00:00
360,140,4,2027-06-08 20:00:00
117,401,2,2027-06-08 21:00:00
357,293,5,2027-06-08 22:00:00
957,290,3,2027-06-08 23:00:00
843,256,4,2027-06-09 00:00:00
439,478,5,2027-06-09 01:00:00
331,164,5,2027-06-09 02:00:00
525,134,5,2027-06-09 03:00:00
654,352,2,2027-06-09 04:00:00
188,416,5,2027-06-09 05:00:00
968,329,4,2027-06-09 06:00:00
511,406,5,2027-06-09 08:00:00
466,266,3,2027-06-09 09:00:00
115,29,4,2027-06-09 10:00:00
940,139,3,2027-06-09 11:00:00
236,348,3,2027-06-09 12:00:00
338,450,4,2027-06-09 13:00:00
522,312,4,2027-06-09 14:00:00
199,85,4,2027-06-09 15:00:00
764,249,5,2027-06-09 16:00:00
50,351,4,2027-06-09 17:00:00
940,314,5,2027-06-09 18:00:00
142,233,5,2027-06-09 19:00:00
783,308,5,2027-06-09 20:00:00
528,61,5,2027-06-09 21:00:00
514,273,4,2027-06-09 22:00:00
670,219,4,2027-06-09 23:00:00
30,286,5,2027-06-10 00:00:00
82,489,4,2027-06-10 01:00:00
31,249,4,2027-06-10 02:00:00
748,72,5,2027-06-10 03:00:00
333,293,5,2027-06-10 04:00:00
660,389,3,2027-06-10 05:00:00
177,410,4,2027-06-10 06:00:00
370,198,4,2027-06-10 07:00:00
547,80,3,2027-06-10 08:00:00
535,385,5,2027-06-10 09:00:00
106,137,5,2027-06-10 10:00:00
97,213,3,2027-06-10 11:00:00
230,327,3,2027-06-10 12:00:00
227,107,5,2027-06-10 13:00:00
371,448,1,2027-06-10 14:00:00
100,207,4,2027-06-10 15:00:00
445,152,3,2027-06-10 16:00:00
468,133,5,2027-06-10 17:00:00
55,435,5,2027-06-10 18:00:00
195,166,3,2027-06-10 19:00:00
520,413,5,2027-06-10 20:00:00
424,430,5,2027-06-10 21:00:00
315,180,4,2027-06-10 22:00:00
128,121,2,2027-06-10 23:00:00
32,174,5,2027-06-11 00:00:00
93,331,3,2027-06-11 01:00:00
519,68,4,2027-06-11 02:00:00
258,187,1,2027-06-11 03:00:00
853,138,4,2027-06-11 04:00:00
902,354,3,2027-06-11 05:00:00
752,308,1,2027-06-11 07:00:00
106,330,4,2027-06-11 08:00:00
548,481,5,2027-06-11 09:00:00
416,238,1,2027-06-11 10:00:00
557,18,5,2027-06-11 11:00:00
810,76,2,2027-06-11 12:00:00
309,435,4,2027-06-11 13:00:00
366,151,4,2027-06-11 14:00:00
521,108,4,2027-06-11 15:00:00
459,153,3,2027-06-11 16:00:00
370,37,1,2027-06-11 18:00:00
331,452,5,2027-06-11 19:00:00
689,333,4,2027-06-11 20:00:00
642,146,5,2027-06-11 21:00:00
707,126,5,2027-06-11 22:00:00
11,285,5,2027-06-11 23:00:00
818,108,4,2027-06-12 00:00:00
507,286,2,2027-06-12 01:00:00
419,240,5,2027-06-12 02:00:00
122,375,2,2027-06-12 03:00:00
911,102,4,2027-06-12 04:00:00
235,220,5,2027-06-12 05:00:00
331,7,4,2027-06-12 06:00:00
543,216,2,2027-06-12 07:00:00
348,169,3,2027-06-12 08:00:00
958,74,5,2027-06-12 09:00:00
412,293,5,2027-06-12 10:00:00
224,27,5,2027-06-12 11:00:00
153,277,5,2027-06-12 12:00:00
212,484,1,2027-06-12 13:00:00
92,43,3,2027-06-12 14:00:00
921,307,3,2027-06-12 15:00:00
331,93,1,2027-06-12 16:00:00
467,71,3,2027-06-12 17:00:00
860,269,2,2027-06-12 18:00:00
641,109,4,2027-06-12 19:00:00
955,181,1,2027-06-12 20:00:00
709,215,3,2027-06-12 21:00:00
970,447,5,2027-06-12 22:00:00
554,114,3,2027-06-12 23:00:00
878,185,1,2027-06-13 00:00:00
930,409,3,2027-06-13 01:00:00
228,125,5,2027-06-13 02:00:00
194,105,4,2027-06-13 03:00:00
530,237,4,2027-06-13 04:00:00
845,141,1,2027-06-13 05:00:00
243,293,4,2027-06-13 06:00:00
389,158,3,2027-06-13 07:00:00
276,474,3,2027-06-13 08:00:00
450,396,4,2027-06-13 09:00:00
639,449,5,2027-06-13 10:00:00
587,274,2,2027-06-13 11:00:00
574,378,5,2027-06-13 12:00:00
478,341,1,2027-06-13 13:00:00
480,117,3,2027-06-13 14:00:00
288,374,3,2027-06-13 15:00:00
698,62,5,2027-06-13 16:00:00
690,24,2,2027-06-13 17:00:00
678,60,4,2027-06-13 18:00:00
695,401,2,2027-06-13 19:00:00
540,362,4,2027-06-13 20:00:00
330,316,4,2027-06-13 21:00:00
470,265,1,2027-06-13 22:00:00
759,180,5,2027-06-13 23:00:00
849,232,5,2027-06-14 00:00:00
534,476,3,2027-06-14 01:00:00
939,143,4,2027-06-14 02:00:00
467,333,3,2027-06-14 03:00:00
977,412,5,2027-06-14 04:00:00
984,245,4,2027-06-14 05:00:00
420,81,2,2027-06-14 06:00:00
608,126,5,2027-06-14 07:00:00
122,137,2,2027-06-14 08:00:00
762,56,2,2027-06-14 09:00:00
891,213,5,2027-06-14 10:00:00
308,94,2,2027-06-14 11:00:00
932,383,2,2027-06-14 12:00:00
924,459,3,2027-06-14 13:00:00
334,478,5,2027-06-14 14:00:00
420,128,3,2027-06-14 16:00:00
326,440,3,2027-06-14 17:00:00
649,217,3,2027-06-14 18:00:00
789,199,5,2027-06-14 19:00:00
832,20,4,2027-06-14 20:00:00
844,55,5,2027-06-14 21:00:00
573,246,4,2027-06-14 22:00:00
250,251,3,2027-06-14 23:00:00
990,60,4,2027-06-15 00:00:00
95,163,5,2027-06-15 01:00:00
296,202,4,2027-06-15 02:00:00
184,227,5,2027-06-15 03:00:00
260,129,5,2027-06-15 04:00:00
799,462,5,2027-06-15 05:00:00
667,45,5,2027-06-15 06:00:00
186,197,4,2027-06-15 07:00:00
409,424,1,2027-06-15 08:00:00
69,492,4,2027-06-15 09:00:00
838,166,3,2027-06-15 10:00:00
773,247,3,2027-06-15 11:00:00
627,226,4,2027-06-15 12:00:00
859,280,3,2027-06-15 13:00:00
8,260,3,2027-06-15 14:00:00
265,347,4,2027-06-15 15:00:00
783,197,3,2027-06-15 16:00:00
484,107,2,2027-06-15 17:00:00
761,269,5,2027-06-15 18:00:00
617,232,3,2027-06-15 19:00:00
775,405,5,2027-06-15 20:00:00
736,101,5,2027-06-15 21:00:00
840,160,5,2027-06-15 22:00:00
371,422,3,2027-06-15 23:00:00
783,95,5,2027-06-16 00:00:00
677,416,2,2027-06-16 01:00:00
83,207,4,2027-06-16 02:00:00
807,313,4,2027-06-16 03:00:00
646,432,4,2027-06-16 04:00:00
211,414,5,2027-06-16 05:00:00
313,235,4,2027-06-16 06:00:00
337,422,3,2027-06-16 08:00:00
490,479,4,2027-06-16 09:00:00
403,428,4,2027-06-16 10:00:00
639,154,4,2027-06-16 11:00:00
191,100,4,2027-06-16 12:00:00
671,238,3,2027-06-16 13:00:00
843,107,3,2027-06-16 14:00:00
335,346,4,2027-06-16 15:00:00
522,364,4,2027-06-16 16:00:00
619,130,1,2027-06-16 17:00:00
87,299,1,2027-06-16 18:00:00
579,493,4,2027-06-16 19:00:00
62,43,5,2027-06-16 20:00:00
387,63,1,2027-06-16 21:00:00
146,73,4,2027-06-16 22:00:00
153,186,5,2027-06-16 23:00:00
619,117,1,2027-06-17 00:00:00
660,304,3,2027-06-17 01:00:00
698,5,5,2027-06-17 02:00:00
349,475,2,2027-06-17 03:00:00
854,76,4,2027-06-17 04:00:00
178,291,4,2027-06-17 05:00:00
889,349,2,2027-06-17 06:00:00
847,400,1,2027-06-17 07:00:00
487,83,4,2027-06-17 08:00:00
778,433,5,2027-06-17 09:00:00
661,60,2,2027-06-17 10:00:00
247,107,4,2027-06-17 11:00:00
254,117,4,2027-06-17 12:00:00
500,307,3,2027-06-17 13:00:00
541,383,4,2027-06-17 14:00:00
352,347,2,2027-06-17 15:00:00
512,82,4,2027-06-17 16:00:00
778,315,4,2027-06-17 17:00:00
13,320,4,2027-06-17 18:00:00
559,361,3,2027-06-17 19:00:00
151,141,5,2027-06-17 20:00:00
50,222,4,2027-06-17 21:00:00
215,410,4,2027-06-17 22:00:00
991,70,5,2027-06-17 23:00:00
644,387,5,2027-06-18 00:00:00
372,471,4,2027-06-18 01:00:00
113,12,3,2027-06-18 02:00:00
252,297,5,2027-06-18 03:00:00
963,105,2,2027-06-18 04:00:00
341,207,4,2027-06-18 05:00:00
53,65,4,2027-06-18 06:00:00
130,63,5,2027-06-18 07:00:00
836,178,5,2027-06-18 08:00:00
193,431,5,2027-06-18 09:00:00
591,8,4,2027-06-18 10:00:00
57,159,4,2027-06-18 11:00:00
97,11,3,2027-06-18 12:00:00
198,273,5,2027-06-18 13:00:00
647,411,5,2027-06-18 14:00:00
147,380,5,2027-06-18 15:00:00
684,95,2,2027-06-18 16:00:00
575,155,3,2027-06-18 17:00:00
577,206,4,2027-06-18 18:00:00
295,115,2,2027-06-18 19:00:00
723,379,3,2027-06-18 20:00:00
621,87,2,2027-06-18 21:00:00
794,312,5,2027-06-18 22:00:00
684,197,5,2027-06-18 23:00:00
12,350,4,2027-06-19 00:00:00
918,98,3,2027-06-19 01:00:00
333,431,3,2027-06-19 02:00:00
220,19,2,2027-06-19 03:00:00
398,313,4,2027-06-19 04:00:00
342,415,5,2027-06-19 05:00:00
798,16,1,2027-06-19 06:00:00
512,45,2,2027-06-19 07:00:00
172,155,3,2027-06-19 08:00:00
468,445,5,2027-06-19 09:00:00
748,410,5,2027-06-19 10:00:00
987,231,5,2027-06-19 11:00:00
166,157,4,2027-06-19 12:00:00
699,113,2,2027-06-19 13:00:00
170,499,5,2027-06-19 14:00:00
564,377,2,2027-06-19 15:00:00
512,359,3,2027-06-19 16:00:00
831,383,3,2027-06-19 17:00:00
189,44,3,2027-06-19 18:00:00
120,365,3,2027-06-19 19:00:00
105,413,5,2027-06-19 20:00:00
674,365,2,2027-06-19 21:00:00
807,110,5,2027-06-19 22:00:00
41,111,5,2027-06-19 23:00:00
889,223,4,2027-06-20 00:00:00
876,386,2,2027-06-20 01:00:00
677,390,4,2027-06-20 02:00:00
321,265,5,2027-06-20 03:00:00
886,271,3,2027-06-20 04:00:00
335,212,5,2027-06-20 05:00:00
160,496,4,2027-06-20 06:00:00
264,314,5,2027-06-20 07:00:00
865,258,5,2027-06-20 08:00:00
530,387,3,2027-06-20 09:00:00
685,247,4,2027-06-20 10:00:00
477,436,2,2027-06-20 11:00:00
352,55,1,2027-06-20 12:00:00
545,309,5,2027-06-20 13:00:00
773,350,5,2027-06-20 14:00:00
210,72,5,2027-06-20 15:00:00
496,296,3,2027-06-20 16:00:00
895,213,3,2027-06-20 17:00:00
842,295,4,2027-06-20 18:00:00
382,171,3,2027-06-20 19:00:00
676,246,3,2027-06-20 20:00:00
481,141,5,2027-06-20 21:00:00
919,104,5,2027-06-20 22:00:00
936,105,5,2027-06-20 23:00:00
5,240,4,2027-06-21 00:00:00
34,421,4,2027-06-21 01:00:00
792,311,5,2027-06-21 02:00:00
145,416,3,2027-06-21 03:00:00
351,398,5,2027-06-21 04:00:00
583,321,1,2027-06-21 05:00:00
465,411,5,2027-06-21 06:00:00
348,280,5,2027-06-21 07:00:00
742,371,3,2027-06-21 08:00:00
125,369,5,2027-06-21 09:00:00
790,22,3,2027-06-21 10:00:00
271,78,4,2027-06-21 11:00:00
357,301,5,2027-06-21 12:00:00
527,392,5,2027-06-21 13:00:00
754,475,5,2027-06-21 14:00:00
498,195,2,2027-06-21 15:00:00
153,320,4,2027-06-21 16:00:00
53,353,5,2027-06-21 17:00:00
149,371,4,2027-06-21 18:00:00
503,431,5,2027-06-21 19:00:00
870,21,4,2027-06-21 20:00:00
450,160,5,2027-06-21 21:00:00
219,232,5,2027-06-21 22:00:00
625,361,5,2027-06-21 23:00:00
800,301,5,2027-06-22 00:00:00
277,44,3,2027-06-22 01:00:00
452,297,4,2027-06-22 02:00:00
428,352,2,2027-06-22 03:00:00
83,180,2,2027-06-22 04:00:00
962,472,4,2027-06-22 05:00:00
218,395,5,2027-06-22 06:00:00
738,101,4,2027-06-22 07:00:00
782,115,5,2027-06-22 08:00:00
527,213,5,2027-06-22 09:00:00
404,18,2,2027-06-22 10:00:00
290,395,2,2027-06-22 11:00:00
420,27,3,2027-06-22 12:00:00
339,427,4,2027-06-22 13:00:00
777,358,1,2027-06-22 14:00:00
711,449,5,2027-06-22 15:00:00
670,438,1,2027-06-22 16:00:00
845,285,2,2027-06-22 17:00:00
987,149,3,2027-06-22 18:00:00
959,285,4,2027-06-22 19:00:00
419,137,5,2027-06-22 20:00:00
909,189,5,2027-06-22 21:00:00
207,190,5,2027-06-22 22:00:00
686,199,2,2027-06-22 23:00:00
696,102,4,2027-06-23 00:00:00
265,479,4,2027-06-23 01:00:00
983,91,2,2027-06-23 02:00:00
758,490,4,2027-06-23 03:00:00
36,224,3,2027-06-23 04:00:00
373,5,3,2027-06-23 05:00:00
488,353,2,2027-06-23 06:00:00
259,15,5,2027-06-23 07:00:00
994,441,5,2027-06-23 08:00:00
531,5,3,2027-06-23 09:00:00
924,404,5,2027-06-23 10:00:00
23,230,5,2027-06-23 11:00:00
104,357,5,2027-06-23 12:00:00
241,337,4,2027-06-23 13:00:00
903,114,3,2027-06-23 14:00:00
873,4,4,2027-06-23 15:00:00
716,184,4,2027-06-23 16:00:00
253,213,5,2027-06-23 17:00:00
142,247,5,2027-06-23 18:00:00
814,34,3,2027-06-23 19:00:00
655,296,4,2027-06-23 20:00:00
451,453,4,2027-06-23 21:00:00
783,196,5,2027-06-23 22:00:00
307,406,2,2027-06-23 23:00:00
984,127,5,2027-06-24 00:00:00
500,142,3,2027-06-24 01:00:00
622,452,2,2027-06-24 02:00:00
8,136,5,2027-06-24 03:00:00
69,128,3,2027-06-24 04:00:00
702,323,5,2027-06-24 05:00:00
691,174,2,2027-06-24 06:00:00
575,413,5,2027-06-24 07:00:00
68,218,5,2027-06-24 08:00:00
718,114,3,2027-06-24 09:00:00
912,375,5,2027-06-24 10:00:00
980,350,2,2027-06-24 11:00:00
408,12,4,2027-06-24 12:00:00
518,463,1,2027-06-24 13:00:00
119,244,3,2027-06-24 14:00:00
825,52,5,2027-06-24 15:00:00
31,186,2,2027-06-24 16:00:00
518,233,4,2027-06-24 17:00:00
483,2,1,2027-06-24 18:00:00
207,1,4,2027-06-24 19:00:00
579,55,3,2027-06-24 21:00:00
971,495,3,2027-06-24 22:00:00
387,220,3,2027-06-24 23:00:00
412,104,5,2027-06-25 00:00:00
842,355,5,2027-06-25 01:00:00
370,418,5,2027-06-25 02:00:00
353,448,2,2027-06-25 03:00:00
944,324,3,2027-06-25 04:00:00
336,338,4,2027-06-25 05:00:00
891,396,5,2027-06-25 06:00:00
906,306,4,2027-06-25 07:00:00
289,277,3,2027-06-25 08:00:00
996,10,5,2027-06-25 09:00:00
963,341,2,2027-06-25 10:00:00
965,104,5,2027-06-25 11:00:00
140,345,5,2027-06-25 12:00:00
953,370,5,2027-06-25 13:00:00
300,465,2,2027-06-25 14:00:00
13,371,4,2027-06-25 15:00:00
664,198,4,2027-06-25 16:00:00
428,14,2,2027-06-25 17:00:00
864,168,4,2027-06-25 19:00:00
400,360,3,2027-06-25 20:00:00
992,338,3,2027-06-25 21:00:00
109,30,1,2027-06-25 22:00:00
485,457,5,2027-06-25 23:00:00
356,238,5,2027-06-26 01:00:00
149,436,1,2027-06-26 02:00:00
879,366,4,2027-06-26 03:00:00
716,401,2,2027-06-26 04:00:00
307,62,4,2027-06-26 05:00:00
533,482,4,2027-06-26 06:00:00
60,110,5,2027-06-26 07:00:00
435,406,3,2027-06-26 08:00:00
21,309,1,2027-06-26 09:00:00
875,160,5,2027-06-26 10:00:00
382,332,5,2027-06-26 11:00:00
245,55,4,2027-06-26 12:00:00
902,249,1,2027-06-26 13:00:00
73,464,4,2027-06-26 14:00:00
449,256,4,2027-06-26 15:00:00
76,22,5,2027-06-26 16:00:00
698,422,5,2027-06-26 17:00:00
590,434,1,2027-06-26 18:00:00
390,103,5,2027-06-26 19:00:00
577,450,2,2027-06-26 20:00:00
342,301,2,2027-06-26 21:00:00
290,375,3,2027-06-26 22:00:00
568,264,1,2027-06-26 23:00:00
331,236,5,2027-06-27 00:00:00
259,321,4,2027-06-27 01:00:00
426,233,4,2027-06-27 02:00:00
702,168,4,2027-06-27 03:00:00
6,233,5,2027-06-27 04:00:00
6,5,5,2027-06-27 05:00:00
191,45,5,2027-06-27 06:00:00
148,46,3,2027-06-27 07:00:00
405,164,2,2027-06-27 08:00:00
258,401,4,2027-06-27 09:00:00
730,169,4,2027-06-27 10:00:00
479,414,3,2027-06-27 11:00:00
90,436,2,2027-06-27 12:00:00
824,335,4,2027-06-27 13:00:00
864,404,4,2027-06-27 14:00:00
10,164,4,2027-06-27 15:00:00
87,256,5,2027-06-27 16:00:00
762,66,4,2027-06-27 17:00:00
838,429,3,2027-06-27 18:00:00
151,260,4,2027-06-27 19:00:00
988,434,5,2027-06-27 20:00:00
625,88,1,2027-06-27 21:00:00
30,240,4,2027-06-27 22:00:00
128,311,3,2027-06-27 23:00:00
78,59,2,2027-06-28 00:00:00
421,170,4,2027-06-28 01:00:00
55,258,4,2027-06-28 02:00:00
480,46,4,2027-06-28 03:00:00
305,2,1,2027-06-28 04:00:00
546,434,4,2027-06-28 05:00:00
105,129,3,2027-06-28 06:00:00
172,269,3,2027-06-28 07:00:00
499,326,3,2027-06-28 08:00:00
22,278,5,2027-06-28 09:00:00
287,17,1,2027-06-28 10:00:00
391,187,3,2027-06-28 11:00:00
617,497,3,2027-06-28 12:00:00
149,342,4,2027-06-28 13:00:00
272,491,5,2027-06-28 14:00:00
788,326,5,2027-06-28 15:00:00
299,116,5,2027-06-28 16:00:00
172,259,2,2027-06-28 17:00:00
47,366,5,2027-06-28 18:00:00
626,249,4,2027-06-28 19:00:00
787,198,1,2027-06-28 20:00:00
816,337,4,2027-06-28 21:00:00
992,227,4,2027-06-28 22:00:00
207,177,2,2027-06-28 23:00:00
453,243,5,2027-06-29 00:00:00
395,434,4,2027-06-29 01:00:00
975,357,4,2027-06-29 02:00:00
925,495,3,2027-06-29 03:00:00
754,35,3,2027-06-29 04:00:00
708,456,5,2027-06-29 06:00:00
676,135,4,2027-06-29 07:00:00
176,306,4,2027-06-29 08:00:00
855,10,5,2027-06-29 09:00:00
783,474,4,2027-06-29 10:00:00
110,183,2,2027-06-29 11:00:00
684,202,4,2027-06-29 12:00:00
963,19,4,2027-06-29 13:00:00
864,23,5,2027-06-29 14:00:00
202,95,5,2027-06-29 15:00:00
168,64,3,2027-06-29 16:00:00
614,417,2,2027-06-29 17:00:00
86,450,4,2027-06-29 18:00:00
654,220,4,2027-06-29 19:00:00
959,96,2,2027-06-29 20:00:00
849,353,4,2027-06-29 21:00:00
725,265,5,2027-06-29 22:00:00
51,381,2,2027-06-29 23:00:00
112,157,5,2027-06-30 00:00:00
463,207,1,2027-06-30 01:00:00
442,274,1,2027-06-30 02:00:00
271,338,1,2027-06-30 03:00:00
577,246,4,2027-06-30 04:00:00
344,199,5,2027-06-30 05:00:00
183,462,5,2027-06-30 06:00:00
503,285,3,2027-06-30 07:00:00
844,498,1,2027-06-30 08:00:00
10,372,4,2027-06-30 09:00:00
494,83,1,2027-06-30 10:00:00
234,317,5,2027-06-30 11:00:00
298,133,3,2027-06-30 12:00:00
244,105,3,2027-06-30 13:00:00
509,370,3,2027-06-30 14:00:00
351,237,5,2027-06-30 15:00:00
267,69,3,2027-06-30 16:00:00
630,184,3,2027-06-30 17:00:00
656,118,4,2027-06-30 18:00:00
893,180,4,2027-06-30 19:00:00
201,271,5,2027-06-30 20:00:00
239,90,3,2027-06-30 21:00:00
334,88,2,2027-06-30 22:00:00
915,83,4,2027-06-30 23:00:00
415,20,2,2027-07-01 00:00:00
969,107,4,2027-07-01 01:00:00
484,329,2,2027-07-01 02:00:00
437,348,5,2027-07-01 03:00:00
999,272,3,2027-07-01 04:00:00
246,331,5,2027-07-01 05:00:00
858,98,5,2027-07-01 06:00:00
8,409,5,2027-07-01 07:00:00
152,232,4,2027-07-01 08:00:00
392,375,5,2027-07-01 09:00:00
211,57,4,2027-07-01 10:00:00
367,149,2,2027-07-01 11:00:00
944,389,5,2027-07-01 12:00:00
670,459,4,2027-07-01 13:00:00
570,235,2,2027-07-01 14:00:00
86,137,5,2027-07-01 15:00:00
55,267,4,2027-07-01 16:00:00
713,229,5,2027-07-01 17:00:00
634,361,5,2027-07-01 18:00:00
446,321,3,2027-07-01 19:00:00
620,447,3,2027-07-01 20:00:00
304,282,5,2027-07-01 21:00:00
132,202,4,2027-07-01 22:00:00
421,232,1,2027-07-01 23:00:00
904,19,2,2027-07-02 00:00:00
385,16,2,2027-07-02 01:00:00
988,493,4,2027-07-02 02:00:00
198,56,2,2027-07-02 03:00:00
47,357,3,2027-07-02 04:00:00
740,114,4,2027-07-02 05:00:00
757,489,2,2027-07-02 06:00:00
203,68,3,2027-07-02 07:00:00
261,78,5,2027-07-02 08:00:00
690,30,4,2027-07-02 09:00:00
24,7,3,2027-07-02 10:00:00
687,396,5,2027-07-02 11:00:00
786,152,3,2027-07-02 12:00:00
340,487,4,2027-07-02 13:00:00
412,363,3,2027-07-02 14:00:00
973,22,5,2027-07-02 15:00:00
261,431,3,2027-07-02 16:00:00
286,30,3,2027-07-02 17:00:00
513,444,4,2027-07-02 18:00:00
86,167,5,2027-07-02 19:00:00
850,148,4,2027-07-02 20:00:00
430,410,5,2027-07-02 21:00:00
581,49,4,2027-07-02 22:00:00
31,325,5,2027-07-02 23:00:00
710,488,4,2027-07-03 00:00:00
603,298,2,2027-07-03 01:00:00
440,262,5,2027-07-03 02:00:00
985,181,5,2027-07-03 03:00:00
349,290,5,2027-07-03 04:00:00
895,122,4,2027-07-03 05:00:00
412,124,4,2027-07-03 06:00:00
528,453,5,2027-07-03 07:00:00
310,266,1,2027-07-03 08:00:00
949,28,5,2027-07-03 09:00:00
396,259,3,2027-07-03 10:00:00
788,77,1,2027-07-03 11:00:00
338,432,3,2027-07-03 12:00:00
674,367,4,2027-07-03 13:00:00
437,194,1,2027-07-03 14:00:00
704,382,1,2027-07-03 15:00:00
663,35,4,2027-07-03 16:00:00
365,436,4,2027-07-03 17:00:00
923,114,5,2027-07-03 18:00:00
113,62,3,2027-07-03 19:00:00
785,52,3,2027-07-03 20:00:00
176,116,1,2027-07-03 21:00:00
149,47,4,2027-07-03 22:00:00
178,438,3,2027-07-03 23:00:00
936,412,3,2027-07-04 00:00:00
382,101,4,2027-07-04 01:00:00
223,279,5,2027-07-04 02:00:00
259,107,2,2027-07-04 03:00:00
785,471,4,2027-07-04 04:00:00
306,489,3,2027-07-04 06:00:00
378,359,3,2027-07-04 07:00:00
602,375,4,2027-07-04 08:00:00
343,288,4,2027-07-04 09:00:00
774,2,5,2027-07-04 10:00:00
156,239,5,2027-07-04 11:00:00
712,492,4,2027-07-04 12:00:00
55,368,3,2027-07-04 13:00:00
766,378,5,2027-07-04 14:00:00
442,272,5,2027-07-04 15:00:00
685,144,5,2027-07-04 16:00:00
200,435,1,2027-07-04 17:00:00
403,451,5,2027-07-04 18:00:00
614,92,5,2027-07-04 19:00:00
797,221,4,2027-07-04 20:00:00
663,54,5,2027-07-04 21:00:00
623,404,5,2027-07-04 22:00:00
928,228,4,2027-07-04 23:00:00
778,33,5,2027-07-05 00:00:00
603,214,5,2027-07-05 01:00:00
177,136,5,2027-07-05 02:00:00
449,248,5,2027-07-05 03:00:00
743,495,4,2027-07-05 04:00:00
541,408,1,2027-07-05 05:00:00
955,53,1,2027-07-05 06:00:00
301,64,5,2027-07-05 07:00:00
707,314,3,2027-07-05 08:00:00
307,374,3,2027-07-05 09:00:00
751,37,4,2027-07-05 10:00:00
869,212,3,2027-07-05 11:00:00
991,12,4,2027-07-05 12:00:00
896,468,5,2027-07-05 13:00:00
267,84,3,2027-07-05 14:00:00
214,388,5,2027-07-05 15:00:00
594,94,4,2027-07-05 16:00:00
640,415,4,2027-07-05 17:00:00
483,342,3,2027-07-05 18:00:00
262,207,5,2027-07-05 19:00:00
67,38,4,2027-07-05 20:00:00
574,421,3,2027-07-05 21:00:00
133,348,4,2027-07-05 22:00:00
649,203,5,2027-07-05 23:00:00
540,270,4,2027-07-06 00:00:00
512,75,5,2027-07-06 01:00:00
211,128,4,2027-07-06 02:00:00
988,329,3,2027-07-06 03:00:00
987,152,2,2027-07-06 04:00:00
717,10,2,2027-07-06 05:00:00
253,38,1,2027-07-06 06:00:00
38,427,4,2027-07-06 07:00:00
43,105,2,2027-07-06 08:00:00
629,165,5,2027-07-06 09:00:00
405,426,5,2027-07-06 10:00:00
987,32,4,2027-07-06 11:00:00
702,212,4,2027-07-06 12:00:00
46,14,3,2027-07-06 13:00:00
454,230,4,2027-07-06 14:00:00
678,132,4,2027-07-06 15:00:00
305,152,3,2027-07-06 16:00:00
715,96,3,2027-07-06 17:00:00
233,10,4,2027-07-06 18:00:00
245,374,4,2027-07-06 19:00:00
721,363,5,2027-07-06 20:00:00
760,16,5,2027-07-06 21:00:00
295,167,5,2027-07-06 22:00:00
839,96,3,2027-07-06 23:00:00
383,18,5,2027-07-07 00:00:00
158,409,4,2027-07-07 01:00:00
405,7,5,2027-07-07 02:00:00
1,184,5,2027-07-07 03:00:00
217,382,3,2027-07-07 04:00:00
928,245,3,2027-07-07 05:00:00
507,431,4,2027-07-07 06:00:00
761,371,1,2027-07-07 07:00:00
904,466,4,2027-07-07 08:00:00
30,82,3,2027-07-07 10:00:00
627,131,4,2027-07-07 11:00:00
520,129,4,2027-07-07 12:00:00
881,289,1,2027-07-07 13:00:00
275,455,5,2027-07-07 14:00:00
492,74,4,2027-07-07 15:00:00
827,364,4,2027-07-07 16:00:00
951,59,5,2027-07-07 17:00:00
926,72,4,2027-07-07 18:00:00
847,160,2,2027-07-07 19:00:00
36,87,5,2027-07-07 20:00:00
311,401,4,2027-07-07 21:00:00
44,462,5,2027-07-07 22:00:00
155,17,3,2027-07-07 23:00:00
77,89,3,2027-07-08 00:00:00
590,149,5,2027-07-08 01:00:00
613,311,3,2027-07-08 02:00:00
438,6,4,2027-07-08 03:00:00
432,84,4,2027-07-08 04:00:00
542,433,4,2027-07-08 05:00:00
39,84,1,2027-07-08 06:00:00
239,250,3,2027-07-08 07:00:00
13,154,1,2027-07-08 08:00:00
122,416,4,2027-07-08 09:00:00
144,72,5,2027-07-08 10:00:00
684,109,3,2027-07-08 11:00:00
455,112,5,2027-07-08 12:00:00
368,172,3,2027-07-08 13:00:00
759,187,5,2027-07-08 14:00:00
247,285,4,2027-07-08 15:00:00
923,273,3,2027-07-08 16:00:00
45,18,4,2027-07-08 17:00:00
765,168,4,2027-07-08 18:00:00
375,319,3,2027-07-08 19:00:00
291,82,1,2027-07-08 20:00:00
207,75,2,2027-07-08 21:00:00
924,429,5,2027-07-08 22:00:00
995,460,5,2027-07-08 23:00:00
519,335,2,2027-07-09 00:00:00
958,346,4,2027-07-09 01:00:00
242,249,1,2027-07-09 02:00:00
622,131,3,2027-07-09 03:00:00
114,387,4,2027-07-09 04:00:00
819,422,5,2027-07-09 05:00:00
302,355,1,2027-07-09 06:00:00
276,201,5,2027-07-09 07:00:00
96,363,3,2027-07-09 08:00:00
294,296,5,2027-07-09 09:00:00
701,68,4,2027-07-09 10:00:00
360,438,3,2027-07-09 11:00:00
288,20,5,2027-07-09 12:00:00
154,271,3,2027-07-09 13:00:00
570,93,3,2027-07-09 14:00:00
423,133,1,2027-07-09 15:00:00
916,295,3,2027-07-09 16:00:00
850,296,2,2027-07-09 17:00:00
50,135,4,2027-07-09 18:00:00
207,456,1,2027-07-09 19:00:00
564,352,2,2027-07-09 20:00:00
854,356,5,2027-07-09 21:00:00
883,33,5,2027-07-09 22:00:00
662,374,3,2027-07-09 23:00:00
565,293,5,2027-07-10 00:00:00
213,32,4,2027-07-10 01:00:00
66,43,2,2027-07-10 02:00:00
232,447,3,2027-07-10 03:00:00
885,292,5,2027-07-10 04:00:00
811,354,5,2027-07-10 05:00:00
850,305,5,2027-07-10 06:00:00
663,281,4,2027-07-10 07:00:00
717,108,4,2027-07-10 08:00:00
320,96,4,2027-07-10 09:00:00
767,66,5,2027-07-10 10:00:00
137,9,5,2027-07-10 11:00:00
881,230,1,2027-07-10 12:00:00
647,221,4,2027-07-10 13:00:00
937,358,4,2027-07-10 14:00:00
566,402,1,2027-07-10 15:00:00
65,278,4,2027-07-10 16:00:00
132,271,5,2027-07-10 18:00:00
334,263,5,2027-07-10 19:00:00
32,397,2,2027-07-10 20:00:00
868,362,3,2027-07-10 21:00:00
898,164,2,2027-07-10 22:00:00
872,16,4,2027-07-10 23:00:00
498,169,5,2027-07-11 00:00:00
243,21,5,2027-07-11 01:00:00
192,28,5,2027-07-11 02:00:00
142,330,2,2027-07-11 03:00:00
660,83,2,2027-07-11 04:00:00
601,273,5,2027-07-11 05:00:00
561,321,5,2027-07-11 06:00:00
648,397,4,2027-07-11 07:00:00
988,36,4,2027-07-11 08:00:00
191,495,4,2027-07-11 09:00:00
942,314,4,2027-07-11 10:00:00
149,490,3,2027-07-11 11:00:00
599,276,4,2027-07-11 12:00:00
416,233,4,2027-07-11 13:00:00
520,104,3,2027-07-11 14:00:00
735,436,5,2027-07-11 15:00:00
869,6,3,2027-07-11 16:00:00
16,23,4,2027-07-11 17:00:00
808,170,4,2027-07-11 18:00:00
106,152,4,2027-07-11 19:00:00
283,244,3,2027-07-11 20:00:00
104,241,4,2027-07-11 21:00:00
361,261,2,2027-07-11 22:00:00
658,416,3,2027-07-11 23:00:00
35,46,3,2027-07-12 00:00:00
113,273,2,2027-07-12 01:00:00
308,75,5,2027-07-12 02:00:00
911,283,4,2027-07-12 03:00:00
959,196,2,2027-07-12 04:00:00
53,23,5,2027-07-12 05:00:00
859,87,3,2027-07-12 06:00:00
81,369,3,2027-07-12 07:00:00
616,121,2,2027-07-12 08:00:00
834,418,5,2027-07-12 09:00:00
369,149,4,2027-07-12 10:00:00
242,150,1,2027-07-12 11:00:00
31,65,1,2027-07-12 12:00:00
829,160,4,2027-07-12 13:00:00
704,446,4,2027-07-12 14:00:00
869,284,5,2027-07-12 15:00:00
361,82,4,2027-07-12 16:00:00
233,7,4,2027-07-12 17:00:00
610,182,5,2027-07-12 18:00:00
34,358,4,2027-07-12 19:00:00
243,454,3,2027-07-12 20:00:00
951,14,2,2027-07-12 21:00:00
59,478,4,2027-07-12 22:00:00
771,183,5,2027-07-12 23:00:00
529,314,2,2027-07-13 00:00:00
78,44,4,2027-07-13 01:00:00
718,174,3,2027-07-13 02:00:00
302,14,3,2027-07-13 03:00:00
678,300,3,2027-07-13 04:00:00
803,425,3,2027-07-13 05:00:00
897,73,4,2027-07-13 06:00:00
112,223,3,2027-07-13 07:00:00
413,2,4,2027-07-13 08:00:00
900,210,2,2027-07-13 09:00:00
317,261,4,2027-07-13 10:00:00
865,90,1,2027-07-13 11:00:00
668,396,4,2027-07-13 13:00:00
690,334,4,2027-07-13 14:00:00
858,252,5,2027-07-13 15:00:00
648,383,1,2027-07-13 16:00:00
930,333,4,2027-07-13 17:00:00
827,355,3,2027-07-13 18:00:00
18,47,4,2027-07-13 19:00:00
351,335,3,2027-07-13 20:00:00
955,163,5,2027-07-13 21:00:00
155,116,4,2027-07-13 22:00:00
784,403,5,2027-07-13 23:00:00
506,79,5,2027-07-14 00:00:00
778,447,5,2027-07-14 01:00:00
360,371,4,2027-07-14 02:00:00
332,8,5,2027-07-14 03:00:00
918,23,2,2027-07-14 04:00:00
528,269,1,2027-07-14 05:00:00
12,279,4,2027-07-14 06:00:00
75,31,5,2027-07-14 07:00:00
212,414,5,2027-07-14 08:00:00
691,170,3,2027-07-14 09:00:00
641,130,4,2027-07-14 10:00:00
283,395,1,2027-07-14 11:00:00
195,409,4,2027-07-14 12:00:00
780,157,3,2027-07-14 13:00:00
30,22,1,2027-07-14 14:00:00
9,126,3,2027-07-14 15:00:00
309,403,5,2027-07-14 16:00:00
445,457,4,2027-07-14 17:00:00
310,169,1,2027-07-14 18:00:00
677,166,4,2027-07-14 19:00:00
705,157,5,2027-07-14 20:00:00
426,330,5,2027-07-14 21:00:00
817,22,5,2027-07-14 22:00:00
772,472,1,2027-07-14 23:00:00
704,264,3,2027-07-15 00:00:00
591,303,3,2027-07-15 01:00:00
691,390,4,2027-07-15 02:00:00
91,263,4,2027-07-15 03:00:00
456,212,2,2027-07-15 04:00:00
444,465,5,2027-07-15 05:00:00
727,164,5,2027-07-15 06:00:00
79,136,4,2027-07-15 07:00:00
475,252,4,2027-07-15 08:00:00
927,205,4,2027-07-15 09:00:00
103,344,4,2027-07-15 10:00:00
623,302,5,2027-07-15 11:00:00
456,242,3,2027-07-15 12:00:00
990,320,4,2027-07-15 13:00:00
314,415,2,2027-07-15 14:00:00
247,279,4,2027-07-15 15:00:00
234,61,4,2027-07-15 16:00:00
594,465,1,2027-07-15 17:00:00
644,306,2,2027-07-15 18:00:00
235,302,2,2027-07-15 19:00:00
790,472,3,2027-07-15 20:00:00
387,299,4,2027-07-15 21:00:00
847,394,5,2027-07-15 22:00:00
611,95,3,2027-07-15 23:00:00
943,493,2,2027-07-16 00:00:00
38,148,4,2027-07-16 01:00:00
161,400,2,2027-07-16 02:00:00
462,462,1,2027-07-16 03:00:00
944,259,4,2027-07-16 04:00:00
449,30,5,2027-07-16 05:00:00
117,18,5,2027-07-16 06:00:00
241,187,2,2027-07-16 07:00:00
26,454,2,2027-07-16 08:00:00
648,212,4,2027-07-16 09:00:00
562,35,3,2027-07-16 10:00:00
976,147,5,2027-07-16 11:00:00
806,282,4,2027-07-16 12:00:00
906,35,1,2027-07-16 13:00:00
298,76,3,2027-07-16 14:00:00
805,72,5,2027-07-16 15:00:00
154,249,4,2027-07-16 16:00:00
732,57,5,2027-07-16 17:00:00
652,357,4,2027-07-16 18:00:00
49,10,2,2027-07-16 20:00:00
654,213,5,2027-07-16 21:00:00
46,497,5,2027-07-16 22:00:00
675,361,2,2027-07-16 23:00:00
285,237,2,2027-07-17 00:00:00
780,234,4,2027-07-17 01:00:00
628,413,4,2027-07-17 02:00:00
82,223,4,2027-07-17 03:00:00
44,104,4,2027-07-17 04:00:00
706,327,5,2027-07-17 05:00:00
770,98,4,2027-07-17 06:00:00
955,226,4,2027-07-17 07:00:00
273,222,1,2027-07-17 08:00:00
394,324,2,2027-07-17 09:00:00
786,489,4,2027-07-17 10:00:00
790,478,5,2027-07-17 11:00:00
595,473,5,2027-07-17 12:00:00
58,334,5,2027-07-17 13:00:00
565,280,4,2027-07-17 14:00:00
1,43,3,2027-07-17 15:00:00
216,351,4,2027-07-17 16:00:00
317,382,1,2027-07-17 17:00:00
228,423,4,2027-07-17 18:00:00
473,348,1,2027-07-17 19:00:00
484,153,2,2027-07-17 20:00:00
766,339,4,2027-07-17 21:00:00
671,452,1,2027-07-17 22:00:00
287,290,4,2027-07-17 23:00:00
511,224,4,2027-07-18 00:00:00
578,473,5,2027-07-18 01:00:00
915,119,1,2027-07-18 02:00:00
821,214,1,2027-07-18 03:00:00
972,53,5,2027-07-18 04:00:00
458,220,3,2027-07-18 05:00:00
95,439,5,2027-07-18 06:00:00
493,243,2,2027-07-18 07:00:00
765,53,4,2027-07-18 08:00:00
150,402,2,2027-07-18 09:00:00
23,117,4,2027-07-18 10:00:00
756,391,5,2027-07-18 11:00:00
215,447,4,2027-07-18 12:00:00
410,42,3,2027-07-18 14:00:00
131,395,5,2027-07-18 15:00:00
855,247,4,2027-07-18 16:00:00
148,393,2,2027-07-18 17:00:00
381,291,1,2027-07-18 18:00:00
109,248,1,2027-07-18 19:00:00
552,101,1,2027-07-18 20:00:00
121,87,5,2027-07-18 21:00:00
295,353,3,2027-07-18 22:00:00
120,449,3,2027-07-18 23:00:00
456,84,4,2027-07-19 00:00:00
169,221,3,2027-07-19 02:00:00
710,154,2,2027-07-19 03:00:00
923,51,2,2027-07-19 04:00:00
996,38,4,2027-07-19 05:00:00
143,259,3,2027-07-19 06:00:00
37,469,5,2027-07-19 07:00:00
698,187,4,2027-07-19 08:00:00
261,13,4,2027-07-19 09:00:00
231,223,5,2027-07-19 10:00:00
254,465,4,2027-07-19 11:00:00
329,419,4,2027-07-19 12:00:00
903,87,3,2027-07-19 13:00:00
297,259,5,2027-07-19 14:00:00
980,181,3,2027-07-19 15:00:00
10,311,4,2027-07-19 16:00:00
446,173,4,2027-07-19 17:00:00
922,322,4,2027-07-19 18:00:00
836,195,5,2027-07-19 19:00:00
230,340,4,2027-07-19 20:00:00
536,496,3,2027-07-19 21:00:00
78,245,4,2027-07-19 22:00:00
425,428,5,2027-07-19 23:00:00
193,329,4,2027-07-20 00:00:00
401,368,3,2027-07-20 01:00:00
109,196,5,2027-07-20 02:00:00
792,62,3,2027-07-20 03:00:00
923,25,5,2027-07-20 04:00:00
263,52,2,2027-07-20 05:00:00
329,50,5,2027-07-20 06:00:00
363,378,1,2027-07-20 07:00:00
867,385,5,2027-07-20 08:00:00
378,295,5,2027-07-20 09:00:00
780,52,4,2027-07-20 10:00:00
341,332,5,2027-07-20 11:00:00
259,40,4,2027-07-20 12:00:00
335,232,1,2027-07-20 13:00:00
85,60,3,2027-07-20 14:00:00
522,216,4,2027-07-20 15:00:00
801,457,4,2027-07-20 16:00:00
814,366,2,2027-07-20 17:00:00
571,340,3,2027-07-20 18:00:00
308,197,4,2027-07-20 19:00:00
262,276,5,2027-07-20 20:00:00
898,341,5,2027-07-20 21:00:00
797,2,2,2027-07-20 22:00:00
631,469,5,2027-07-20 23:00:00
680,106,5,2027-07-21 00:00:00
865,216,1,2027-07-21 01:00:00
701,265,4,2027-07-21 02:00:00
452,167,4,2027-07-21 03:00:00
251,247,4,2027-07-21 04:00:00
324,414,4,2027-07-21 05:00:00
925,438,4,2027-07-21 06:00:00
229,210,3,2027-07-21 07:00:00
702,58,2,2027-07-21 08:00:00
828,428,3,2027-07-21 09:00:00
636,43,5,2027-07-21 10:00:00
596,138,3,2027-07-21 11:00:00
297,109,5,2027-07-21 12:00:00
727,489,4,2027-07-21 13:00:00
237,48,4,2027-07-21 14:00:00
978,126,5,2027-07-21 15:00:00
625,469,3,2027-07-21 16:00:00
217,214,2,2027-07-21 17:00:00
833,401,5,2027-07-21 18:00:00
246,128,4,2027-07-21 19:00:00
448,389,2,2027-07-21 20:00:00
847,198,2,2027-07-21 21:00:00
319,202,5,2027-07-21 22:00:00
994,192,4,2027-07-21 23:00:00
432,107,2,2027-07-22 00:00:00
404,194,5,2027-07-22 01:00:00
886,327,4,2027-07-22 02:00:00
37,238,5,2027-07-22 03:00:00
576,132,3,2027-07-22 04:00:00
731,357,4,2027-07-22 05:00:00
342,83,2,2027-07-22 06:00:00
389,284,4,2027-07-22 07:00:00
34,468,2,2027-07-22 08:00:00
39,222,3,2027-07-22 09:00:00
579,106,3,2027-07-22 10:00:00
209,294,3,2027-07-22 11:00:00
830,66,5,2027-07-22 12:00:00
856,195,1,2027-07-22 13:00:00
152,188,4,2027-07-22 14:00:00
899,47,4,2027-07-22 15:00:00
365,362,4,2027-07-22 16:00:00
199,497,5,2027-07-22 17:00:00
601,359,5,2027-07-22 18:00:00
760,25,5,2027-07-22 19:00:00
835,66,5,2027-07-22 20:00:00
79,487,5,2027-07-22 21:00:00
477,335,4,2027-07-22 22:00:00
434,67,4,2027-07-22 23:00:00
797,197,4,2027-07-23 00:00:00
842,246,3,2027-07-23 01:00:00
32,296,3,2027-07-23 02:00:00
87,100,3,2027-07-23 03:00:00
551,178,3,2027-07-23 04:00:00
393,115,4,2027-07-23 05:00:00
613,168,3,2027-07-23 06:00:00
244,119,4,2027-07-23 07:00:00
232,486,5,2027-07-23 08:00:00
910,165,4,2027-07-23 09:00:00
580,219,3,2027-07-23 10:00:00
192,197,3,2027-07-23 11:00:00
916,401,5,2027-07-23 12:00:00
540,318,5,2027-07-23 13:00:00
270,486,5,2027-07-23 14:00:00
940,237,3,2027-07-23 15:00:00
738,169,3,2027-07-23 16:00:00
77,76,5,2027-07-23 17:00:00
735,426,3,2027-07-23 18:00:00
993,287,2,2027-07-23 19:00:00
884,33,3,2027-07-23 20:00:00
284,349,4,2027-07-23 22:00:00
704,230,5,2027-07-23 23:00:00
89,195,2,2027-07-24 00:00:00
544,294,5,2027-07-24 01:00:00
649,297,2,2027-07-24 02:00:00
156,374,2,2027-07-24 03:00:00
250,447,4,2027-07-24 04:00:00
95,424,4,2027-07-24 05:00:00
17,414,4,2027-07-24 06:00:00
117,431,5,2027-07-24 07:00:00
983,278,1,2027-07-24 08:00:00
333,230,2,2027-07-24 09:00:00
823,96,4,2027-07-24 10:00:00
522,383,5,2027-07-24 11:00:00
80,439,5,2027-07-24 12:00:00
646,171,4,2027-07-24 13:00:00
432,317,5,2027-07-24 14:00:00
203,330,3,2027-07-24 15:00:00
116,32,1,2027-07-24 16:00:00
963,491,4,2027-07-24 17:00:00
220,388,5,2027-07-24 18:00:00
253,477,4,2027-07-24 19:00:00
169,45,4,2027-07-24 20:00:00
847,72,4,2027-07-24 21:00:00
316,20,4,2027-07-24 22:00:00
717,239,5,2027-07-24 23:00:00
810,199,4,2027-07-25 00:00:00
372,65,1,2027-07-25 01:00:00
760,188,5,2027-07-25 02:00:00
877,89,4,2027-07-25 03:00:00
977,410,5,2027-07-25 04:00:00
583,201,5,2027-07-25 05:00:00
156,23,3,2027-07-25 06:00:00
614,296,4,2027-07-25 07:00:00
13,130,4,2027-07-25 08:00:00
508,154,3,2027-07-25 09:00:00
465,78,5,2027-07-25 10:00:00
783,190,4,2027-07-25 11:00:00
804,300,5,2027-07-25 12:00:00
220,415,5,2027-07-25 13:00:00
15,154,3,2027-07-25 14:00:00
750,113,5,2027-07-25 15:00:00
117,339,5,2027-07-25 16:00:00
331,486,5,2027-07-25 17:00:00
56,117,4,2027-07-25 18:00:00
351,5,4,2027-07-25 19:00:00
132,377,2,2027-07-25 20:00:00
995,326,5,2027-07-25 21:00:00
226,35,4,2027-07-25 22:00:00
475,159,2,2027-07-26 00:00:00
906,210,4,2027-07-26 01:00:00
222,14,1,2027-07-26 02:00:00
173,25,5,2027-07-26 03:00:00
340,335,5,2027-07-26 04:00:00
797,218,2,2027-07-26 05:00:00
506,254,4,2027-07-26 06:00:00
821,484,4,2027-07-26 07:00:00
157,203,5,2027-07-26 08:00:00
151,101,5,2027-07-26 09:00:00
697,361,5,2027-07-26 10:00:00
178,229,3,2027-07-26 11:00:00
533,199,2,2027-07-26 12:00:00
112,402,4,2027-07-26 13:00:00
683,178,5,2027-07-26 14:00:00
138,276,3,2027-07-26 15:00:00
233,312,3,2027-07-26 16:00:00
332,130,5,2027-07-26 17:00:00
542,410,5,2027-07-26 18:00:00
893,279,3,2027-07-26 19:00:00
307,288,5,2027-07-26 20:00:00
161,141,2,2027-07-26 21:00:00
402,13,2,2027-07-26 22:00:00
590,401,3,2027-07-26 23:00:00
278,217,5,2027-07-27 00:00:00
320,186,4,2027-07-27 01:00:00
533,470,3,2027-07-27 02:00:00
897,27,2,2027-07-27 03:00:00
497,401,5,2027-07-27 04:00:00
363,218,4,2027-07-27 05:00:00
372,422,5,2027-07-27 06:00:00
892,14,5,2027-07-27 07:00:00
655,142,2,2027-07-27 08:00:00
36,396,5,2027-07-27 09:00:00
303,325,3,2027-07-27 10:00:00
726,324,1,2027-07-27 12:00:00
32,55,3,2027-07-27 13:00:00
186,191,4,2027-07-27 14:00:00
174,285,1,2027-07-27 15:00:00
566,89,3,2027-07-27 16:00:00
673,45,4,2027-07-27 17:00:00
250,132,4,2027-07-27 18:00:00
763,498,4,2027-07-27 19:00:00
935,400,5,2027-07-27 20:00:00
279,498,4,2027-07-27 21:00:00
683,66,5,2027-07-27 22:00:00
695,279,2,2027-07-27 23:00:00
2,324,3,2027-07-28 00:00:00
194,148,4,2027-07-28 01:00:00
166,145,3,2027-07-28 02:00:00
759,436,3,2027-07-28 03:00:00
925,6,5,2027-07-28 04:00:00
756,82,4,2027-07-28 05:00:00
110,468,3,2027-07-28 06:00:00
380,123,5,2027-07-28 07:00:00
835,167,1,2027-07-28 08:00:00
999,237,4,2027-07-28 09:00:00
583,105,2,2027-07-28 10:00:00
676,290,2,2027-07-28 11:00:00
285,488,1,2027-07-28 12:00:00
887,238,5,2027-07-28 13:00:00
421,310,1,2027-07-28 14:00:00
113,472,4,2027-07-28 15:00:00
228,82,3,2027-07-28 16:00:00
471,94,3,2027-07-28 17:00:00
813,321,4,2027-07-28 18:00:00
528,343,4,2027-07-28 19:00:00
496,285,5,2027-07-28 20:00:00
31,297,5,2027-07-28 21:00:00
162,361,3,2027-07-28 22:00:00
818,319,1,2027-07-28 23:00:00
705,416,5,2027-07-29 00:00:00
722,66,5,2027-07-29 01:00:00
378,112,4,2027-07-29 02:00:00
446,356,4,2027-07-29 03:00:00
744,429,2,2027-07-29 04:00:00
427,401,4,2027-07-29 05:00:00
696,171,3,2027-07-29 06:00:00
504,247,5,2027-07-29 07:00:00
527,66,2,2027-07-29 08:00:00
944,68,3,2027-07-29 09:00:00
817,492,4,2027-07-29 10:00:00
721,34,3,2027-07-29 11:00:00
684,1,4,2027-07-29 12:00:00
778,151,5,2027-07-29 13:00:00
532,390,4,2027-07-29 14:00:00
582,272,5,2027-07-29 15:00:00
520,258,1,2027-07-29 16:00:00
941,238,2,2027-07-29 17:00:00
34,116,5,2027-07-29 18:00:00
736,76,2,2027-07-29 19:00:00
691,283,5,2027-07-29 20:00:00
758,19,4,2027-07-29 21:00:00
490,284,4,2027-07-29 22:00:00
772,35,4,2027-07-29 23:00:00
620,371,5,2027-07-30 00:00:00
754,491,5,2027-07-30 01:00:00
423,324,3,2027-07-30 02:00:00
468,305,4,2027-07-30 03:00:00
24,241,3,2027-07-30 04:00:00
216,7,5,2027-07-30 05:00:00
55,37,2,2027-07-30 06:00:00
26,371,4,2027-07-30 07:00:00
281,153,2,2027-07-30 08:00:00
804,245,3,2027-07-30 09:00:00
327,250,5,2027-07-30 10:00:00
970,115,3,2027-07-30 11:00:00
186,41,4,2027-07-30 12:00:00
495,337,4,2027-07-30 13:00:00
12,62,2,2027-07-30 14:00:00
641,169,3,2027-07-30 15:00:00
884,142,5,2027-07-30 16:00:00
434,485,5,2027-07-30 17:00:00
921,438,3,2027-07-30 18:00:00
208,258,1,2027-07-30 19:00:00
133,88,2,2027-07-30 20:00:00
339,463,5,2027-07-30 21:00:00
196,48,4,2027-07-30 22:00:00
262,435,3,2027-07-30 23:00:00
282,481,3,2027-07-31 00:00:00
369,311,5,2027-07-31 01:00:00
103,12,4,2027-07-31 02:00:00
632,211,5,2027-07-31 03:00:00
183,244,3,2027-07-31 04:00:00
423,239,5,2027-07-31 05:00:00
9,197,4,2027-07-31 06:00:00
557,257,4,2027-07-31 07:00:00
244,235,4,2027-07-31 08:00:00
782,187,4,2027-07-31 09:00:00
624,201,4,2027-07-31 10:00:00
567,103,3,2027-07-31 11:00:00
393,290,5,2027-07-31 12:00:00
527,221,5,2027-07-31 13:00:00
37,497,4,2027-07-31 14:00:00
178,496,1,2027-07-31 15:00:00
639,368,2,2027-07-31 16:00:00
629,302,5,2027-07-31 17:00:00
852,187,5,2027-07-31 18:00:00
72,450,2,2027-07-31 19:00:00
352,403,5,2027-07-31 20:00:00
623,412,4,2027-07-31 21:00:00
149,99,3,2027-07-31 22:00:00
697,424,4,2027-07-31 23:00:00
105,245,4,2027-08-01 00:00:00
659,313,2,2027-08-01 01:00:00
221,307,2,2027-08-01 02:00:00
826,496,1,2027-08-01 03:00:00
863,22,5,2027-08-01 04:00:00
374,68,4,2027-08-01 05:00:00
518,392,4,2027-08-01 06:00:00
260,316,5,2027-08-01 07:00:00
299,65,5,2027-08-01 08:00:00
861,292,2,2027-08-01 09:00:00
42,455,2,2027-08-01 10:00:00
771,217,3,2027-08-01 11:00:00
897,29,5,2027-08-01 12:00:00
492,193,4,2027-08-01 13:00:00
439,56,5,2027-08-01 14:00:00
783,338,3,2027-08-01 15:00:00
47,388,4,2027-08-01 16:00:00
686,238,4,2027-08-01 18:00:00
58,200,3,2027-08-01 19:00:00
991,475,4,2027-08-01 20:00:00
711,178,5,2027-08-01 21:00:00
209,423,5,2027-08-01 22:00:00
248,419,3,2027-08-01 23:00:00
211,153,5,2027-08-02 00:00:00
39,462,5,2027-08-02 01:00:00
252,44,2,2027-08-02 02:00:00
643,431,4,2027-08-02 03:00:00
926,168,4,2027-08-02 04:00:00
803,287,3,2027-08-02 05:00:00
762,197,1,2027-08-02 06:00:00
953,337,3,2027-08-02 07:00:00
413,74,4,2027-08-02 08:00:00
946,171,2,2027-08-02 09:00:00
446,380,3,2027-08-02 10:00:00
52,183,5,2027-08-02 11:00:00
374,16,3,2027-08-02 12:00:00
526,496,1,2027-08-02 13:00:00
931,68,3,2027-08-02 14:00:00
156,375,5,2027-08-02 15:00:00
954,325,3,2027-08-02 16:00:00
542,42,3,2027-08-02 17:00:00
90,110,2,2027-08-02 18:00:00
903,41,3,2027-08-02 19:00:00
679,306,4,2027-08-02 20:00:00
351,468,5,2027-08-02 21:00:00
69,6,4,2027-08-02 22:00:00
163,331,4,2027-08-02 23:00:00
242,181,3,2027-08-03 00:00:00
495,273,1,2027-08-03 01:00:00
383,361,1,2027-08-03 02:00:00
52,185,5,2027-08-03 03:00:00
654,323,4,2027-08-03 04:00:00
63,144,1,2027-08-03 05:00:00
509,436,3,2027-08-03 06:00:00
292,100,3,2027-08-03 07:00:00
91,90,5,2027-08-03 08:00:00
664,472,4,2027-08-03 09:00:00
424,246,5,2027-08-03 10:00:00
669,239,4,2027-08-03 11:00:00
821,418,1,2027-08-03 12:00:00
365,212,5,2027-08-03 13:00:00
150,81,2,2027-08-03 14:00:00
840,115,3,2027-08-03 15:00:00
271,276,5,2027-08-03 16:00:00
881,80,2,2027-08-03 17:00:00
581,56,4,2027-08-03 18:00:00
116,179,5,2027-08-03 19:00:00
704,309,4,2027-08-03 20:00:00
516,49,3,2027-08-03 21:00:00
587,260,4,2027-08-03 22:00:00
914,274,5,2027-08-03 23:00:00
810,292,4,2027-08-04 00:00:00
241,373,4,2027-08-04 01:00:00
30,291,5,2027-08-04 02:00:00
143,30,5,2027-08-04 03:00:00
326,374,4,2027-08-04 04:00:00
695,252,2,2027-08-04 05:00:00
949,63,5,2027-08-04 06:00:00
16,82,3,2027-08-04 07:00:00
111,405,4,2027-08-04 08:00:00
872,436,3,2027-08-04 09:00:00
713,480,5,2027-08-04 10:00:00
107,325,3,2027-08-04 11:00:00
379,381,5,2027-08-04 12:00:00
162,169,2,2027-08-04 13:00:00
283,310,1,2027-08-04 14:00:00
269,343,5,2027-08-04 15:00:00
484,158,4,2027-08-04 16:00:00
667,475,4,2027-08-04 17:00:00
73,56,5,2027-08-04 18:00:00
197,335,4,2027-08-04 19:00:00
243,425,4,2027-08-04 20:00:00
598,142,1,2027-08-04 21:00:00
799,149,4,2027-08-04 22:00:00
259,376,3,2027-08-04 23:00:00
798,226,4,2027-08-05 00:00:00
149,474,5,2027-08-05 01:00:00
867,25,4,2027-08-05 02:00:00
390,178,5,2027-08-05 03:00:00
988,365,5,2027-08-05 04:00:00
416,95,5,2027-08-05 05:00:00
426,53,4,2027-08-05 06:00:00
997,304,4,2027-08-05 07:00:00
702,70,1,2027-08-05 08:00:00
217,176,1,2027-08-05 09:00:00
928,132,1,2027-08-05 10:00:00
867,408,5,2027-08-05 11:00:00
86,490,3,2027-08-05 12:00:00
216,415,5,2027-08-05 13:00:00
423,339,4,2027-08-05 14:00:00
320,459,4,2027-08-05 15:00:00
118,413,4,2027-08-05 16:00:00
926,389,3,2027-08-05 17:00:00
959,338,5,2027-08-05 18:00:00
882,451,5,2027-08-05 19:00:00
992,360,4,2027-08-05 20:00:00
415,331,5,2027-08-05 21:00:00
599,213,1,2027-08-05 22:00:00
40,478,2,2027-08-05 23:00:00
161,211,4,2027-08-06 00:00:00
703,437,5,2027-08-06 01:00:00
537,345,3,2027-08-06 02:00:00
420,64,4,2027-08-06 03:00:00
664,35,1,2027-08-06 04:00:00
95,12,5,2027-08-06 05:00:00
442,431,5,2027-08-06 06:00:00
935,346,3,2027-08-06 07:00:00
558,311,5,2027-08-06 08:00:00
973,248,2,2027-08-06 09:00:00
650,112,4,2027-08-06 10:00:00
983,325,1,2027-08-06 11:00:00
466,467,3,2027-08-06 12:00:00
288,91,3,2027-08-06 13:00:00
865,294,3,2027-08-06 14:00:00
676,29,5,2027-08-06 15:00:00
412,12,4,2027-08-06 16:00:00
400,147,3,2027-08-06 17:00:00
528,137,4,2027-08-06 18:00:00
18,338,4,2027-08-06 19:00:00
136,157,5,2027-08-06 20:00:00
464,259,4,2027-08-06 21:00:00
759,87,5,2027-08-06 22:00:00
248,158,3,2027-08-06 23:00:00
843,494,2,2027-08-07 00:00:00
710,186,4,2027-08-07 01:00:00
1,344,4,2027-08-07 02:00:00
702,309,4,2027-08-07 03:00:00
381,357,4,2027-08-07 04:00:00
509,229,4,2027-08-07 05:00:00
460,4,5,2027-08-07 06:00:00
505,57,5,2027-08-07 07:00:00
806,438,4,2027-08-07 08:00:00
476,28,4,2027-08-07 09:00:00
557,16,4,2027-08-07 10:00:00
954,13,3,2027-08-07 11:00:00
849,200,5,2027-08-07 12:00:00
897,184,1,2027-08-07 13:00:00
32,309,4,2027-08-07 14:00:00
904,304,2,2027-08-07 15:00:00
118,281,5,2027-08-07 16:00:00
808,322,2,2027-08-07 17:00:00
191,360,3,2027-08-07 19:00:00
747,259,5,2027-08-07 20:00:00
750,407,5,2027-08-07 21:00:00
728,157,5,2027-08-07 22:00:00
74,425,4,2027-08-07 23:00:00
623,94,2,2027-08-08 00:00:00
103,267,5,2027-08-08 01:00:00
871,21,5,2027-08-08 02:00:00
586,127,3,2027-08-08 03:00:00
420,347,4,2027-08-08 04:00:00
473,408,1,2027-08-08 05:00:00
764,500,4,2027-08-08 06:00:00
114,351,2,2027-08-08 07:00:00
379,350,4,2027-08-08 08:00:00
313,449,4,2027-08-08 09:00:00
330,385,3,2027-08-08 10:00:00
339,438,5,2027-08-08 11:00:00
238,456,5,2027-08-08 12:00:00
79,234,5,2027-08-08 14:00:00
464,34,5,2027-08-08 15:00:00
898,80,4,2027-08-08 16:00:00
605,475,2,2027-08-08 17:00:00
964,452,4,2027-08-08 18:00:00
501,83,5,2027-08-08 19:00:00
562,29,4,2027-08-08 20:00:00
285,489,4,2027-08-08 21:00:00
223,131,5,2027-08-08 22:00:00
593,11,1,2027-08-08 23:00:00
266,392,1,2027-08-09 00:00:00
667,62,5,2027-08-09 01:00:00
373,359,1,2027-08-09 02:00:00
233,33,3,2027-08-09 03:00:00
911,136,5,2027-08-09 04:00:00
828,409,4,2027-08-09 05:00:00
236,88,4,2027-08-09 06:00:00
671,410,4,2027-08-09 07:00:00
917,410,3,2027-08-09 08:00:00
828,17,4,2027-08-09 09:00:00
763,91,4,2027-08-09 10:00:00
314,413,3,2027-08-09 11:00:00
937,299,5,2027-08-09 12:00:00
942,487,3,2027-08-09 13:00:00
813,253,1,2027-08-09 14:00:00
380,73,3,2027-08-09 15:00:00
794,206,4,2027-08-09 16:00:00
614,261,5,2027-08-09 17:00:00
563,178,4,2027-08-09 18:00:00
420,478,2,2027-08-09 19:00:00
52,312,2,2027-08-09 20:00:00
721,447,4,2027-08-09 21:00:00
819,313,2,2027-08-09 22:00:00
643,220,1,2027-08-09 23:00:00
509,173,5,2027-08-10 00:00:00
782,165,5,2027-08-10 01:00:00
945,328,5,2027-08-10 02:00:00
205,335,5,2027-08-10 03:00:00
731,220,3,2027-08-10 04:00:00
257,292,5,2027-08-10 05:00:00
185,161,4,2027-08-10 06:00:00
145,390,1,2027-08-10 07:00:00
690,248,4,2027-08-10 08:00:00
994,371,1,2027-08-10 09:00:00
14,460,2,2027-08-10 10:00:00
246,71,1,2027-08-10 11:00:00
187,429,5,2027-08-10 12:00:00
337,92,5,2027-08-10 13:00:00
259,391,4,2027-08-10 14:00:00
866,361,3,2027-08-10 15:00:00
40,321,1,2027-08-10 16:00:00
601,245,4,2027-08-10 17:00:00
637,24,4,2027-08-10 18:00:00
962,45,5,2027-08-10 19:00:00
418,189,1,2027-08-10 20:00:00
986,403,4,2027-08-10 21:00:00
351,373,5,2027-08-10 22:00:00
9,416,2,2027-08-10 23:00:00
350,286,4,2027-08-11 00:00:00
84,321,3,2027-08-11 01:00:00
533,416,2,2027-08-11 02:00:00
989,441,5,2027-08-11 03:00:00
793,404,4,2027-08-11 04:00:00
358,341,4,2027-08-11 05:00:00
378,83,3,2027-08-11 06:00:00
172,222,5,2027-08-11 07:00:00
25,370,2,2027-08-11 08:00:00
393,476,2,2027-08-11 09:00:00
103,352,5,2027-08-11 10:00:00
702,414,5,2027-08-11 11:00:00
236,343,5,2027-08-11 12:00:00
410,219,4,2027-08-11 13:00:00
825,485,3,2027-08-11 14:00:00
549,443,5,2027-08-11 15:00:00
784,218,4,2027-08-11 16:00:00
805,190,3,2027-08-11 17:00:00
332,67,3,2027-08-11 18:00:00
664,31,1,2027-08-11 19:00:00
794,322,3,2027-08-11 20:00:00
532,250,2,2027-08-11 21:00:00
649,54,2,2027-08-11 22:00:00
983,10,1,2027-08-11 23:00:00
871,166,3,2027-08-12 00:00:00
29,339,2,2027-08-12 01:00:00
543,415,1,2027-08-12 02:00:00
19,285,2,2027-08-12 03:00:00
148,153,3,2027-08-12 04:00:00
471,32,4,2027-08-12 05:00:00
491,17,4,2027-08-12 06:00:00
283,371,3,2027-08-12 07:00:00
862,301,2,2027-08-12 08:00:00
853,305,5,2027-08-12 09:00:00
812,343,4,2027-08-12 10:00:00
675,146,5,2027-08-12 11:00:00
113,75,4,2027-08-12 12:00:00
455,379,3,2027-08-12 13:00:00
662,124,4,2027-08-12 14:00:00
330,52,4,2027-08-12 15:00:00
255,404,3,2027-08-12 16:00:00
599,190,4,2027-08-12 17:00:00
399,141,5,2027-08-12 18:00:00
862,88,3,2027-08-12 19:00:00
610,427,1,2027-08-12 20:00:00
909,84,3,2027-08-12 21:00:00
508,243,2,2027-08-12 22:00:00
644,106,2,2027-08-12 23:00:00
466,92,3,2027-08-13 00:00:00
824,355,3,2027-08-13 01:00:00
407,21,5,2027-08-13 02:00:00
609,6,4,2027-08-13 03:00:00
98,455,4,2027-08-13 04:00:00
290,221,1,2027-08-13 05:00:00
868,309,2,2027-08-13 06:00:00
739,87,5,2027-08-13 07:00:00
657,180,3,2027-08-13 08:00:00
156,453,1,2027-08-13 09:00:00
782,342,5,2027-08-13 10:00:00
162,393,3,2027-08-13 11:00:00
624,352,3,2027-08-13 12:00:00
843,246,5,2027-08-13 13:00:00
697,458,1,2027-08-13 14:00:00
717,174,5,2027-08-13 15:00:00
97,491,5,2027-08-13 16:00:00
377,113,1,2027-08-13 17:00:00
567,476,5,2027-08-13 18:00:00
450,459,4,2027-08-13 19:00:00
994,71,5,2027-08-13 20:00:00
117,158,3,2027-08-13 21:00:00
605,299,5,2027-08-13 22:00:00
805,237,4,2027-08-13 23:00:00
964,187,4,2027-08-14 00:00:00
716,243,5,2027-08-14 01:00:00
794,166,4,2027-08-14 02:00:00
506,34,3,2027-08-14 03:00:00
189,255,3,2027-08-14 04:00:00
476,302,3,2027-08-14 05:00:00
323,220,4,2027-08-14 06:00:00
596,32,5,2027-08-14 07:00:00
970,400,4,2027-08-14 08:00:00
180,423,4,2027-08-14 09:00:00
786,257,5,2027-08-14 10:00:00
181,482,3,2027-08-14 11:00:00
959,233,4,2027-08-14 12:00:00
693,441,2,2027-08-14 13:00:00
795,215,2,2027-08-14 14:00:00
287,242,4,2027-08-14 15:00:00
475,245,2,2027-08-14 16:00:00
618,20,2,2027-08-14 17:00:00
641,210,4,2027-08-14 18:00:00
262,210,4,2027-08-14 19:00:00
523,426,4,2027-08-14 20:00:00
162,488,5,2027-08-14 21:00:00
487,469,4,2027-08-14 22:00:00
980,72,4,2027-08-14 23:00:00
959,162,3,2027-08-15 00:00:00
181,178,4,2027-08-15 01:00:00
725,11,1,2027-08-15 02:00:00
469,363,4,2027-08-15 03:00:00
786,499,1,2027-08-15 04:00:00
21,299,3,2027-08-15 05:00:00
275,266,4,2027-08-15 06:00:00
260,8,4,2027-08-15 07:00:00
333,495,3,2027-08-15 08:00:00
466,456,4,2027-08-15 09:00:00
116,275,4,2027-08-15 10:00:00
413,193,5,2027-08-15 11:00:00
537,311,1,2027-08-15 12:00:00
952,436,4,2027-08-15 13:00:00
845,259,1,2027-08-15 14:00:00
766,53,3,2027-08-15 15:00:00
959,300,4,2027-08-15 16:00:00
923,96,1,2027-08-15 17:00:00
956,304,4,2027-08-15 18:00:00
723,310,5,2027-08-15 19:00:00
817,400,4,2027-08-15 20:00:00
833,414,5,2027-08-15 21:00:00
934,497,4,2027-08-15 22:00:00
851,92,5,2027-08-15 23:00:00
948,412,2,2027-08-16 00:00:00
257,144,4,2027-08-16 01:00:00
168,489,4,2027-08-16 02:00:00
849,307,5,2027-08-16 03:00:00
533,417,3,2027-08-16 04:00:00
598,409,1,2027-08-16 05:00:00
15,18,5,2027-08-16 06:00:00
50,126,1,2027-08-16 07:00:00
999,154,2,2027-08-16 08:00:00
304,6,4,2027-08-16 09:00:00
487,422,4,2027-08-16 10:00:00
416,428,5,2027-08-16 11:00:00
305,451,4,2027-08-16 12:00:00
196,427,4,2027-08-16 13:00:00
876,390,2,2027-08-16 14:00:00
813,334,4,2027-08-16 15:00:00
800,448,3,2027-08-16 16:00:00
388,338,2,2027-08-16 17:00:00
757,336,5,2027-08-16 18:00:00
961,88,2,2027-08-16 19:00:00
865,269,4,2027-08-16 20:00:00
455,65,5,2027-08-16 21:00:00
713,166,2,2027-08-16 22:00:00
705,64,3,2027-08-16 23:00:00
848,270,4,2027-08-17 00:00:00
658,145,3,2027-08-17 01:00:00
310,377,5,2027-08-17 02:00:00
127,333,3,2027-08-17 03:00:00
175,269,5,2027-08-17 04:00:00
134,329,5,2027-08-17 05:00:00
66,390,5,2027-08-17 06:00:00
393,6,1,2027-08-17 07:00:00
964,121,2,2027-08-17 08:00:00
365,350,2,2027-08-17 09:00:00
279,421,4,2027-08-17 10:00:00
758,313,1,2027-08-17 11:00:00
363,309,5,2027-08-17 12:00:00
749,302,4,2027-08-17 13:00:00
171,334,4,2027-08-17 14:00:00
51,132,4,2027-08-17 15:00:00
328,290,4,2027-08-17 16:00:00
871,450,2,2027-08-17 17:00:00
592,189,4,2027-08-17 19:00:00
931,209,4,2027-08-17 20:00:00
145,42,3,2027-08-17 21:00:00
274,78,5,2027-08-17 22:00:00
155,320,5,2027-08-17 23:00:00
911,499,3,2027-08-18 00:00:00
508,145,4,2027-08-18 01:00:00
849,445,3,2027-08-18 02:00:00
363,374,2,2027-08-18 03:00:00
325,286,5,2027-08-18 04:00:00
848,171,5,2027-08-18 05:00:00
655,93,4,2027-08-18 06:00:00
298,263,5,2027-08-18 07:00:00
494,457,4,2027-08-18 08:00:00
546,430,4,2027-08-18 09:00:00
304,23,4,2027-08-18 10:00:00
467,292,3,2027-08-18 11:00:00
904,142,2,2027-08-18 12:00:00
239,148,4,2027-08-18 13:00:00
650,440,4,2027-08-18 14:00:00
766,116,4,2027-08-18 15:00:00
517,81,4,2027-08-18 16:00:00
884,416,2,2027-08-18 17:00:00
176,25,3,2027-08-18 18:00:00
885,115,4,2027-08-18 19:00:00
410,94,2,2027-08-18 20:00:00
726,305,5,2027-08-18 21:00:00
364,185,4,2027-08-18 22:00:00
23,283,2,2027-08-18 23:00:00
318,155,5,2027-08-19 00:00:00
525,174,4,2027-08-19 01:00:00
905,351,4,2027-08-19 02:00:00
753,173,5,2027-08-19 03:00:00
276,154,4,2027-08-19 04:00:00
604,14,5,2027-08-19 05:00:00
620,378,5,2027-08-19 06:00:00
953,304,2,2027-08-19 07:00:00
229,128,1,2027-08-19 08:00:00
664,341,4,2027-08-19 09:00:00
108,92,5,2027-08-19 10:00:00
801,271,5,2027-08-19 11:00:00
916,222,5,2027-08-19 12:00:00
956,473,4,2027-08-19 13:00:00
176,307,5,2027-08-19 14:00:00
320,310,5,2027-08-19 15:00:00
286,395,3,2027-08-19 16:00:00
876,108,2,2027-08-19 17:00:00
329,331,4,2027-08-19 18:00:00
877,28,4,2027-08-19 19:00:00
753,439,4,2027-08-19 20:00:00
657,197,3,2027-08-19 21:00:00
356,476,3,2027-08-19 22:00:00
14,200,5,2027-08-19 23:00:00
275,154,5,2027-08-20 00:00:00
71,384,5,2027-08-20 01:00:00
827,70,4,2027-08-20 02:00:00
195,160,5,2027-08-20 03:00:00
865,432,1,2027-08-20 04:00:00
812,352,5,2027-08-20 05:00:00
928,396,4,2027-08-20 06:00:00
879,454,5,2027-08-20 07:00:00
523,461,1,2027-08-20 08:00:00
106,103,5,2027-08-20 09:00:00
770,488,4,2027-08-20 10:00:00
986,236,3,2027-08-20 11:00:00
893,189,3,2027-08-20 12:00:00
196,418,3,2027-08-20 13:00:00
145,343,4,2027-08-20 14:00:00
977,361,3,2027-08-20 15:00:00
350,337,5,2027-08-20 17:00:00
424,301,5,2027-08-20 18:00:00
471,368,3,2027-08-20 19:00:00
686,255,2,2027-08-20 20:00:00
216,316,3,2027-08-20 21:00:00
93,193,2,2027-08-20 22:00:00
260,71,5,2027-08-20 23:00:00
934,269,4,2027-08-21 00:00:00
575,334,4,2027-08-21 01:00:00
541,209,2,2027-08-21 02:00:00
787,478,5,2027-08-21 03:00:00
859,176,5,2027-08-21 04:00:00
285,239,4,2027-08-21 05:00:00
484,381,5,2027-08-21 06:00:00
931,433,1,2027-08-21 07:00:00
372,98,1,2027-08-21 08:00:00
70,347,5,2027-08-21 09:00:00
379,442,5,2027-08-21 10:00:00
279,89,2,2027-08-21 11:00:00
743,252,3,2027-08-21 12:00:00
302,492,4,2027-08-21 13:00:00
255,99,5,2027-08-21 14:00:00
684,329,5,2027-08-21 15:00:00
944,326,2,2027-08-21 16:00:00
692,445,4,2027-08-21 17:00:00
264,154,4,2027-08-21 18:00:00
695,486,4,2027-08-21 19:00:00
834,295,4,2027-08-21 20:00:00
717,442,4,2027-08-21 21:00:00
424,283,3,2027-08-21 22:00:00
761,296,4,2027-08-21 23:00:00
213,379,2,2027-08-22 00:00:00
671,31,1,2027-08-22 01:00:00
944,131,3,2027-08-22 02:00:00
100,216,1,2027-08-22 03:00:00
829,15,4,2027-08-22 04:00:00
112,438,1,2027-08-22 05:00:00
308,326,4,2027-08-22 06:00:00
678,267,5,2027-08-22 07:00:00
475,286,1,2027-08-22 08:00:00
548,291,3,2027-08-22 09:00:00
112,368,4,2027-08-22 10:00:00
87,486,2,2027-08-22 11:00:00
183,43,4,2027-08-22 12:00:00
597,445,3,2027-08-22 13:00:00
165,349,5,2027-08-22 15:00:00
815,471,3,2027-08-22 16:00:00
90,426,3,2027-08-22 17:00:00
1000,255,2,2027-08-22 18:00:00
455,170,3,2027-08-22 19:00:00
238,375,3,2027-08-22 20:00:00
999,259,3,2027-08-22 21:00:00
534,346,4,2027-08-22 22:00:00
679,78,5,2027-08-22 23:00:00
727,339,4,2027-08-23 00:00:00
542,380,5,2027-08-23 02:00:00
914,149,5,2027-08-23 03:00:00
618,201,4,2027-08-23 04:00:00
402,77,5,2027-08-23 05:00:00
842,361,4,2027-08-23 06:00:00
679,250,5,2027-08-23 07:00:00
862,53,4,2027-08-23 08:00:00
839,302,4,2027-08-23 10:00:00
519,293,4,2027-08-23 11:00:00
197,294,4,2027-08-23 12:00:00
833,109,5,2027-08-23 13:00:00
46,365,5,2027-08-23 14:00:00
530,88,3,2027-08-23 15:00:00
397,166,4,2027-08-23 16:00:00
665,494,2,2027-08-23 17:00:00
1000,267,2,2027-08-23 18:00:00
776,93,5,2027-08-23 19:00:00
74,173,4,2027-08-23 20:00:00
416,64,3,2027-08-23 21:00:00
657,428,4,2027-08-23 22:00:00
614,126,4,2027-08-23 23:00:00
335,368,3,2027-08-24 00:00:00
847,230,3,2027-08-24 01:00:00
633,105,4,2027-08-24 02:00:00
688,209,2,2027-08-24 03:00:00
575,62,2,2027-08-24 04:00:00
296,500,3,2027-08-24 05:00:00
84,240,5,2027-08-24 06:00:00
15,474,1,2027-08-24 07:00:00
867,61,5,2027-08-24 08:00:00
134,346,4,2027-08-24 09:00:00
478,12,1,2027-08-24 10:00:00
633,466,4,2027-08-24 11:00:00
319,137,4,2027-08-24 12:00:00
392,195,5,2027-08-24 13:00:00
479,74,5,2027-08-24 14:00:00
640,363,3,2027-08-24 15:00:00
368,386,5,2027-08-24 16:00:00
367,136,3,2027-08-24 17:00:00
288,372,3,2027-08-24 18:00:00
813,43,2,2027-08-24 19:00:00
378,402,4,2027-08-24 20:00:00
692,436,3,2027-08-24 21:00:00
463,39,4,2027-08-24 22:00:00
594,31,5,2027-08-24 23:00:00
13,142,5,2027-08-25 00:00:00
536,320,5,2027-08-25 01:00:00
168,359,2,2027-08-25 02:00:00
270,353,4,2027-08-25 03:00:00
988,477,5,2027-08-25 04:00:00
971,44,1,2027-08-25 05:00:00
70,188,5,2027-08-25 06:00:00
318,353,3,2027-08-25 07:00:00
376,483,4,2027-08-25 08:00:00
89,2,5,2027-08-25 09:00:00
257,416,4,2027-08-25 11:00:00
217,292,5,2027-08-25 12:00:00
450,494,1,2027-08-25 13:00:00
894,311,4,2027-08-25 14:00:00
544,370,4,2027-08-25 15:00:00
141,343,4,2027-08-25 16:00:00
161,447,4,2027-08-25 17:00:00
32,325,5,2027-08-25 18:00:00
824,367,1,2027-08-25 19:00:00
152,336,3,2027-08-25 20:00:00
859,296,5,2027-08-25 21:00:00
260,24,4,2027-08-25 22:00:00
728,373,4,2027-08-25 23:00:00
279,442,2,2027-08-26 00:00:00
285,104,3,2027-08-26 01:00:00
610,412,1,2027-08-26 02:00:00
917,62,2,2027-08-26 03:00:00
542,153,4,2027-08-26 04:00:00
602,263,5,2027-08-26 05:00:00
148,294,5,2027-08-26 06:00:00
656,455,3,2027-08-26 07:00:00
67,375,3,2027-08-26 08:00:00
945,243,4,2027-08-26 09:00:00
869,342,2,2027-08-26 10:00:00
570,342,5,2027-08-26 11:00:00
1000,347,4,2027-08-26 12:00:00
940,121,5,2027-08-26 13:00:00
793,353,2,2027-08-26 14:00:00
279,173,2,2027-08-26 15:00:00
748,416,3,2027-08-26 16:00:00
443,103,3,2027-08-26 17:00:00
897,160,4,2027-08-26 18:00:00
865,257,5,2027-08-26 19:00:00
399,202,2,2027-08-26 20:00:00
128,45,3,2027-08-26 21:00:00
337,64,3,2027-08-26 22:00:00
482,196,4,2027-08-26 23:00:00
721,477,4,2027-08-27 00:00:00
948,391,5,2027-08-27 01:00:00
186,422,5,2027-08-27 02:00:00
169,70,4,2027-08-27 03:00:00
684,181,4,2027-08-27 04:00:00
260,331,5,2027-08-27 05:00:00
717,247,3,2027-08-27 06:00:00
964,329,1,2027-08-27 07:00:00
647,158,3,2027-08-27 08:00:00
558,406,1,2027-08-27 09:00:00
507,186,3,2027-08-27 10:00:00
521,231,3,2027-08-27 11:00:00
471,73,2,2027-08-27 12:00:00
161,55,5,2027-08-27 13:00:00
289,486,4,2027-08-27 14:00:00
340,243,3,2027-08-27 15:00:00
900,302,5,2027-08-27 16:00:00
833,353,4,2027-08-27 17:00:00
502,410,2,2027-08-27 18:00:00
106,448,5,2027-08-27 19:00:00
802,464,2,2027-08-27 20:00:00
475,393,5,2027-08-27 21:00:00
853,215,5,2027-08-27 22:00:00
600,15,5,2027-08-27 23:00:00
463,147,4,2027-08-28 00:00:00
483,490,5,2027-08-28 01:00:00
704,144,3,2027-08-28 02:00:00
153,25,3,2027-08-28 03:00:00
823,99,4,2027-08-28 04:00:00
649,179,5,2027-08-28 05:00:00
785,333,4,2027-08-28 06:00:00
149,174,5,2027-08-28 07:00:00
188,263,3,2027-08-28 08:00:00
653,290,5,2027-08-28 09:00:00
131,58,5,2027-08-28 10:00:00
452,334,4,2027-08-28 11:00:00
516,279,5,2027-08-28 12:00:00
491,407,3,2027-08-28 13:00:00
476,145,5,2027-08-28 14:00:00
263,397,5,2027-08-28 15:00:00
538,122,1,2027-08-28 16:00:00
459,27,4,2027-08-28 17:00:00
536,66,4,2027-08-28 18:00:00
778,101,1,2027-08-28 19:00:00
741,414,1,2027-08-28 20:00:00
781,388,1,2027-08-28 21:00:00
637,94,4,2027-08-28 22:00:00
684,67,4,2027-08-28 23:00:00
746,250,5,2027-08-29 00:00:00
295,142,3,2027-08-29 01:00:00
915,267,4,2027-08-29 02:00:00
435,40,1,2027-08-29 03:00:00
275,215,4,2027-08-29 04:00:00
588,489,5,2027-08-29 05:00:00
308,496,3,2027-08-29 06:00:00
943,131,4,2027-08-29 08:00:00
997,490,3,2027-08-29 09:00:00
376,1,4,2027-08-29 10:00:00
814,368,3,2027-08-29 12:00:00
204,329,4,2027-08-29 13:00:00
989,380,5,2027-08-29 14:00:00
661,332,4,2027-08-29 15:00:00
75,385,1,2027-08-29 16:00:00
380,144,3,2027-08-29 17:00:00
741,350,5,2027-08-29 18:00:00
304,328,5,2027-08-29 19:00:00
62,494,2,2027-08-29 20:00:00
570,302,5,2027-08-29 21:00:00
786,138,5,2027-08-29 22:00:00
108,417,3,2027-08-29 23:00:00
187,358,5,2027-08-30 00:00:00
987,297,4,2027-08-30 01:00:00
229,179,3,2027-08-30 02:00:00
48,278,2,2027-08-30 03:00:00
831,144,3,2027-08-30 04:00:00
268,339,5,2027-08-30 05:00:00
727,459,5,2027-08-30 06:00:00
802,190,3,2027-08-30 07:00:00
254,437,4,2027-08-30 08:00:00
957,331,4,2027-08-30 09:00:00
870,270,4,2027-08-30 10:00:00
87,487,5,2027-08-30 11:00:00
181,187,4,2027-08-30 12:00:00
25,154,2,2027-08-30 13:00:00
958,172,3,2027-08-30 14:00:00
388,404,4,2027-08-30 15:00:00
222,468,4,2027-08-30 16:00:00
990,247,4,2027-08-30 17:00:00
397,389,4,2027-08-30 18:00:00
938,449,5,2027-08-30 19:00:00
511,11,4,2027-08-30 20:00:00
846,266,3,2027-08-30 22:00:00
440,317,5,2027-08-30 23:00:00
175,111,3,2027-08-31 00:00:00
904,476,4,2027-08-31 01:00:00
311,301,4,2027-08-31 02:00:00
984,303,3,2027-08-31 03:00:00
274,418,5,2027-08-31 04:00:00
35,374,3,2027-08-31 05:00:00
217,397,4,2027-08-31 06:00:00
721,492,5,2027-08-31 07:00:00
672,473,2,2027-08-31 08:00:00
408,279,5,2027-08-31 09:00:00
519,292,4,2027-08-31 10:00:00
269,447,5,2027-08-31 11:00:00
638,252,4,2027-08-31 12:00:00
475,76,4,2027-08-31 13:00:00
880,175,3,2027-08-31 14:00:00
325,109,5,2027-08-31 15:00:00
356,450,1,2027-08-31 16:00:00
90,340,4,2027-08-31 17:00:00
42,336,1,2027-08-31 18:00:00
365,14,3,2027-08-31 19:00:00
671,181,2,2027-08-31 20:00:00
202,322,5,2027-08-31 21:00:00
366,433,4,2027-08-31 22:00:00
794,272,4,2027-08-31 23:00:00
982,452,5,2027-09-01 00:00:00
844,43,5,2027-09-01 01:00:00
288,461,2,2027-09-01 02:00:00
603,102,4,2027-09-01 03:00:00
481,113,5,2027-09-01 04:00:00
637,193,3,2027-09-01 05:00:00
501,9,4,2027-09-01 06:00:00
638,149,4,2027-09-01 07:00:00
52,338,3,2027-09-01 08:00:00
916,491,5,2027-09-01 09:00:00
103,224,3,2027-09-01 10:00:00
361,110,2,2027-09-01 11:00:00
424,354,5,2027-09-01 12:00:00
699,84,5,2027-09-01 13:00:00
205,43,3,2027-09-01 14:00:00
14,66,3,2027-09-01 15:00:00
940,388,5,2027-09-01 16:00:00
616,379,3,2027-09-01 17:00:00
629,109,4,2027-09-01 18:00:00
470,102,3,2027-09-01 19:00:00
466,135,5,2027-09-01 20:00:00
304,86,5,2027-09-01 21:00:00
605,84,4,2027-09-01 22:00:00
427,442,5,2027-09-01 23:00:00
656,227,5,2027-09-02 00:00:00
110,260,5,2027-09-02 01:00:00
675,380,5,2027-09-02 02:00:00
565,20,5,2027-09-02 03:00:00
930,35,3,2027-09-02 04:00:00
515,353,3,2027-09-02 05:00:00
68,243,5,2027-09-02 06:00:00
246,443,5,2027-09-02 07:00:00
389,469,5,2027-09-02 08:00:00
650,429,2,2027-09-02 09:00:00
308,270,4,2027-09-02 10:00:00
925,223,4,2027-09-02 11:00:00
352,406,5,2027-09-02 12:00:00
799,304,1,2027-09-02 13:00:00
66,158,5,2027-09-02 14:00:00
460,285,3,2027-09-02 15:00:00
347,36,4,2027-09-02 16:00:00
325,497,4,2027-09-02 17:00:00
933,298,4,2027-09-02 18:00:00
667,29,5,2027-09-02 19:00:00
599,391,5,2027-09-02 20:00:00
33,416,3,2027-09-02 21:00:00
68,397,5,2027-09-02 22:00:00
187,255,3,2027-09-02 23:00:00
192,397,5,2027-09-03 00:00:00
213,438,4,2027-09-03 01:00:00
600,142,4,2027-09-03 02:00:00
428,134,5,2027-09-03 03:00:00
351,144,4,2027-09-03 04:00:00
108,297,3,2027-09-03 05:00:00
240,436,5,2027-09-03 06:00:00
216,368,4,2027-09-03 07:00:00
177,341,4,2027-09-03 08:00:00
565,245,4,2027-09-03 09:00:00
330,254,5,2027-09-03 10:00:00
561,364,2,2027-09-03 11:00:00
881,400,1,2027-09-03 12:00:00
626,5,3,2027-09-03 13:00:00
450,408,4,2027-09-03 14:00:00
607,427,3,2027-09-03 15:00:00
447,449,4,2027-09-03 16:00:00
537,266,1,2027-09-03 17:00:00
644,491,5,2027-09-03 18:00:00
179,239,5,2027-09-03 19:00:00
395,250,3,2027-09-03 20:00:00
145,443,3,2027-09-03 21:00:00
876,291,5,2027-09-03 22:00:00
962,31,5,2027-09-03 23:00:00
198,120,5,2027-09-04 00:00:00
969,79,3,2027-09-04 01:00:00
837,395,5,2027-09-04 02:00:00
84,9,5,2027-09-04 03:00:00
669,450,1,2027-09-04 04:00:00
85,44,4,2027-09-04 05:00:00
457,372,4,2027-09-04 06:00:00
476,222,2,2027-09-04 07:00:00
253,144,5,2027-09-04 08:00:00
887,120,5,2027-09-04 09:00:00
72,432,2,2027-09-04 10:00:00
223,53,5,2027-09-04 11:00:00
276,65,4,2027-09-04 12:00:00
795,176,4,2027-09-04 13:00:00
776,70,5,2027-09-04 14:00:00
246,302,4,2027-09-04 15:00:00
341,121,4,2027-09-04 16:00:00
573,377,3,2027-09-04 17:00:00
924,203,4,2027-09-04 18:00:00
471,289,4,2027-09-04 19:00:00
454,180,4,2027-09-04 20:00:00
771,81,4,2027-09-04 21:00:00
965,55,4,2027-09-04 22:00:00
969,179,4,2027-09-04 23:00:00
7,98,4,2027-09-05 00:00:00
188,110,3,2027-09-05 01:00:00
4,424,2,2027-09-05 02:00:00
743,153,4,2027-09-05 03:00:00
645,447,1,2027-09-05 04:00:00
907,406,1,2027-09-05 05:00:00
125,474,3,2027-09-05 06:00:00
15,125,2,2027-09-05 07:00:00
960,91,3,2027-09-05 08:00:00
994,294,3,2027-09-05 09:00:00
525,393,2,2027-09-05 10:00:00
630,37,3,2027-09-05 11:00:00
240,5,1,2027-09-05 12:00:00
775,338,3,2027-09-05 13:00:00
360,150,5,2027-09-05 14:00:00
518,366,3,2027-09-05 15:00:00
952,396,4,2027-09-05 16:00:00
320,316,2,2027-09-05 17:00:00
231,172,1,2027-09-05 18:00:00
946,406,4,2027-09-05 19:00:00
30,262,4,2027-09-05 20:00:00
534,484,2,2027-09-05 21:00:00
921,27,3,2027-09-05 22:00:00
156,495,1,2027-09-05 23:00:00
630,55,5,2027-09-06 00:00:00
852,399,3,2027-09-06 01:00:00
935,320,3,2027-09-06 02:00:00
963,249,5,2027-09-06 03:00:00
901,273,1,2027-09-06 04:00:00
705,259,3,2027-09-06 05:00:00
399,266,3,2027-09-06 06:00:00
346,191,3,2027-09-06 07:00:00
195,63,1,2027-09-06 08:00:00
168,345,5,2027-09-06 09:00:00
377,446,5,2027-09-06 10:00:00
489,341,4,2027-09-06 11:00:00
751,104,4,2027-09-06 12:00:00
362,393,4,2027-09-06 13:00:00
482,408,4,2027-09-06 14:00:00
244,288,5,2027-09-06 15:00:00
581,259,4,2027-09-06 16:00:00
607,161,2,2027-09-06 17:00:00
589,171,2,2027-09-06 18:00:00
171,109,5,2027-09-06 19:00:00
513,140,1,2027-09-06 20:00:00
406,93,5,2027-09-06 21:00:00
574,469,4,2027-09-06 22:00:00
207,103,4,2027-09-06 23:00:00
154,226,2,2027-09-07 00:00:00
786,353,3,2027-09-07 01:00:00
48,160,4,2027-09-07 02:00:00
649,404,4,2027-09-07 03:00:00
1,195,4,2027-09-07 04:00:00
747,324,4,2027-09-07 05:00:00
905,145,3,2027-09-07 06:00:00
768,242,5,2027-09-07 07:00:00
407,465,5,2027-09-07 08:00:00
107,403,5,2027-09-07 09:00:00
173,132,4,2027-09-07 10:00:00
506,93,1,2027-09-07 11:00:00
130,273,1,2027-09-07 12:00:00
398,192,4,2027-09-07 13:00:00
294,22,5,2027-09-07 14:00:00
552,194,4,2027-09-07 15:00:00
447,170,4,2027-09-07 16:00:00
850,460,5,2027-09-07 17:00:00
16,429,1,2027-09-07 18:00:00
639,11,5,2027-09-07 19:00:00
885,181,3,2027-09-07 20:00:00
349,232,1,2027-09-07 21:00:00
203,444,5,2027-09-07 22:00:00
134,29,5,2027-09-07 23:00:00
771,20,5,2027-09-08 00:00:00
526,5,5,2027-09-08 01:00:00
508,409,5,2027-09-08 02:00:00
66,34,4,2027-09-08 03:00:00
480,140,4,2027-09-08 04:00:00
863,28,3,2027-09-08 05:00:00
459,98,3,2027-09-08 06:00:00
342,262,4,2027-09-08 07:00:00
707,246,5,2027-09-08 08:00:00
626,19,3,2027-09-08 09:00:00
159,12,4,2027-09-08 10:00:00
161,25,5,2027-09-08 11:00:00
254,13,4,2027-09-08 12:00:00
984,465,5,2027-09-08 13:00:00
897,76,5,2027-09-08 14:00:00
940,259,4,2027-09-08 15:00:00
527,24,1,2027-09-08 16:00:00
549,8,3,2027-09-08 17:00:00
155,368,4,2027-09-08 18:00:00
486,228,4,2027-09-08 19:00:00
432,376,3,2027-09-08 20:00:00
27,123,5,2027-09-08 21:00:00
12,90,4,2027-09-08 22:00:00
67,301,3,2027-09-08 23:00:00
542,456,5,2027-09-09 00:00:00
96,224,3,2027-09-09 01:00:00
215,224,1,2027-09-09 02:00:00
194,257,2,2027-09-09 03:00:00
647,3,1,2027-09-09 04:00:00
290,321,5,2027-09-09 05:00:00
544,271,4,2027-09-09 06:00:00
885,306,4,2027-09-09 07:00:00
39,148,4,2027-09-09 08:00:00
864,387,4,2027-09-09 09:00:00
939,189,4,2027-09-09 10:00:00
939,399,5,2027-09-09 11:00:00
206,187,4,2027-09-09 12:00:00
899,438,5,2027-09-09 13:00:00
942,188,5,2027-09-09 14:00:00
928,124,2,2027-09-09 15:00:00
555,37,4,2027-09-09 16:00:00
484,149,5,2027-09-09 17:00:00
337,106,5,2027-09-09 18:00:00
496,103,1,2027-09-09 19:00:00
771,407,3,2027-09-09 20:00:00
249,377,4,2027-09-09 21:00:00
74,232,1,2027-09-09 22:00:00
373,355,3,2027-09-09 23:00:00
831,146,3,2027-09-10 00:00:00
879,17,3,2027-09-10 01:00:00
808,159,3,2027-09-10 02:00:00
786,448,5,2027-09-10 03:00:00
835,304,3,2027-09-10 04:00:00
871,282,4,2027-09-10 05:00:00
702,278,4,2027-09-10 06:00:00
138,125,5,2027-09-10 07:00:00
948,173,3,2027-09-10 08:00:00
457,420,3,2027-09-10 09:00:00
814,320,5,2027-09-10 10:00:00
823,163,5,2027-09-10 11:00:00
942,203,4,2027-09-10 12:00:00
843,475,2,2027-09-10 13:00:00
444,482,1,2027-09-10 14:00:00
353,338,2,2027-09-10 15:00:00
996,155,2,2027-09-10 16:00:00
794,324,2,2027-09-10 17:00:00
411,401,3,2027-09-10 18:00:00
678,454,3,2027-09-10 19:00:00
790,490,5,2027-09-10 20:00:00
538,395,5,2027-09-10 21:00:00
982,261,2,2027-09-10 22:00:00
453,186,5,2027-09-10 23:00:00
419,377,5,2027-09-11 00:00:00
450,466,2,2027-09-11 01:00:00
995,57,2,2027-09-11 02:00:00
585,217,2,2027-09-11 03:00:00
115,458,5,2027-09-11 04:00:00
51,489,3,2027-09-11 05:00:00
369,208,1,2027-09-11 06:00:00
914,202,4,2027-09-11 07:00:00
683,74,5,2027-09-11 08:00:00
780,484,3,2027-09-11 09:00:00
515,85,4,2027-09-11 10:00:00
210,120,2,2027-09-11 11:00:00
888,14,4,2027-09-11 12:00:00
998,328,3,2027-09-11 13:00:00
903,129,4,2027-09-11 14:00:00
993,400,4,2027-09-11 15:00:00
902,282,2,2027-09-11 16:00:00
850,49,2,2027-09-11 17:00:00
813,426,3,2027-09-11 18:00:00
895,454,2,2027-09-11 19:00:00
854,359,3,2027-09-11 20:00:00
627,242,1,2027-09-11 21:00:00
679,322,3,2027-09-11 22:00:00
435,53,3,2027-09-11 23:00:00
777,265,5,2027-09-12 00:00:00
227,69,5,2027-09-12 01:00:00
663,40,3,2027-09-12 02:00:00
268,184,4,2027-09-12 03:00:00
116,133,5,2027-09-12 04:00:00
600,56,4,2027-09-12 05:00:00
830,367,5,2027-09-12 06:00:00
754,456,5,2027-09-12 07:00:00
360,255,5,2027-09-12 08:00:00
329,5,3,2027-09-12 09:00:00
845,69,1,2027-09-12 10:00:00
40,52,2,2027-09-12 11:00:00
182,465,4,2027-09-12 12:00:00
209,98,3,2027-09-12 14:00:00
903,161,3,2027-09-12 15:00:00
273,406,5,2027-09-12 16:00:00
119,469,3,2027-09-12 17:00:00
382,491,4,2027-09-12 18:00:00
946,271,5,2027-09-12 19:00:00
536,65,4,2027-09-12 20:00:00
258,327,2,2027-09-12 21:00:00
483,407,5,2027-09-12 22:00:00
509,243,2,2027-09-12 23:00:00
92,367,5,2027-09-13 00:00:00
979,262,5,2027-09-13 01:00:00
161,212,4,2027-09-13 02:00:00
149,442,4,2027-09-13 03:00:00
117,154,3,2027-09-13 04:00:00
458,234,5,2027-09-13 05:00:00
565,140,3,2027-09-13 06:00:00
814,333,4,2027-09-13 07:00:00
45,495,1,2027-09-13 08:00:00
777,115,5,2027-09-13 09:00:00
998,369,5,2027-09-13 10:00:00
774,333,5,2027-09-13 11:00:00
819,130,4,2027-09-13 12:00:00
234,416,2,2027-09-13 13:00:00
375,178,4,2027-09-13 14:00:00
547,95,5,2027-09-13 15:00:00
850,317,4,2027-09-13 16:00:00
949,395,4,2027-09-13 17:00:00
915,101,5,2027-09-13 18:00:00
197,196,3,2027-09-13 19:00:00
25,290,5,2027-09-13 20:00:00
395,208,4,2027-09-13 21:00:00
785,473,5,2027-09-13 23:00:00
36,103,5,2027-09-14 00:00:00
474,8,4,2027-09-14 01:00:00
223,136,4,2027-09-14 02:00:00
864,98,5,2027-09-14 03:00:00
789,399,5,2027-09-14 04:00:00
530,261,5,2027-09-14 05:00:00
188,147,3,2027-09-14 06:00:00
402,458,4,2027-09-14 07:00:00
257,393,5,2027-09-14 08:00:00
654,185,4,2027-09-14 09:00:00
136,438,4,2027-09-14 10:00:00
962,413,4,2027-09-14 11:00:00
819,500,3,2027-09-14 12:00:00
591,232,2,2027-09-14 13:00:00
444,101,1,2027-09-14 14:00:00
418,147,4,2027-09-14 15:00:00
292,205,3,2027-09-14 16:00:00
574,46,5,2027-09-14 17:00:00
129,104,3,2027-09-14 18:00:00
341,336,3,2027-09-14 19:00:00
810,446,5,2027-09-14 20:00:00
257,222,4,2027-09-14 21:00:00
992,444,3,2027-09-14 22:00:00
724,118,5,2027-09-14 23:00:00
566,5,5,2027-09-15 00:00:00
687,417,4,2027-09-15 01:00:00
100,211,5,2027-09-15 02:00:00
39,55,2,2027-09-15 03:00:00
926,19,3,2027-09-15 04:00:00
263,401,5,2027-09-15 05:00:00
150,88,3,2027-09-15 06:00:00
633,247,5,2027-09-15 07:00:00
690,117,2,2027-09-15 08:00:00
813,476,3,2027-09-15 09:00:00
330,170,4,2027-09-15 10:00:00
120,485,4,2027-09-15 11:00:00
584,150,2,2027-09-15 12:00:00
219,295,1,2027-09-15 13:00:00
906,208,5,2027-09-15 14:00:00
910,381,5,2027-09-15 15:00:00
814,483,3,2027-09-15 16:00:00
123,283,4,2027-09-15 17:00:00
244,332,4,2027-09-15 18:00:00
886,174,5,2027-09-15 19:00:00
587,127,4,2027-09-15 20:00:00
518,156,5,2027-09-15 21:00:00
21,180,5,2027-09-15 22:00:00
190,449,4,2027-09-15 23:00:00
225,423,3,2027-09-16 00:00:00
915,378,4,2027-09-16 01:00:00
615,402,5,2027-09-16 02:00:00
856,87,4,2027-09-16 03:00:00
466,406,5,2027-09-16 04:00:00
99,324,5,2027-09-16 05:00:00
830,496,3,2027-09-16 06:00:00
363,267,4,2027-09-16 07:00:00
997,82,4,2027-09-16 08:00:00
83,64,2,2027-09-16 09:00:00
693,119,4,2027-09-16 10:00:00
664,496,2,2027-09-16 11:00:00
56,455,5,2027-09-16 12:00:00
702,341,5,2027-09-16 13:00:00
930,313,2,2027-09-16 14:00:00
22,163,4,2027-09-16 15:00:00
580,293,4,2027-09-16 16:00:00
185,178,5,2027-09-16 17:00:00
522,377,4,2027-09-16 18:00:00
578,30,3,2027-09-16 19:00:00
264,401,3,2027-09-16 20:00:00
225,161,2,2027-09-16 21:00:00
635,400,5,2027-09-16 22:00:00
123,397,5,2027-09-17 00:00:00
830,487,4,2027-09-17 01:00:00
156,3,4,2027-09-17 02:00:00
906,24,5,2027-09-17 03:00:00
301,407,5,2027-09-17 04:00:00
833,59,3,2027-09-17 05:00:00
994,237,3,2027-09-17 06:00:00
67,240,2,2027-09-17 07:00:00
905,311,5,2027-09-17 08:00:00
645,321,5,2027-09-17 09:00:00
874,160,2,2027-09-17 10:00:00
394,481,3,2027-09-17 11:00:00
652,60,4,2027-09-17 12:00:00
594,240,4,2027-09-17 13:00:00
570,414,4,2027-09-17 14:00:00
661,322,5,2027-09-17 15:00:00
405,402,5,2027-09-17 16:00:00
449,59,2,2027-09-17 17:00:00
131,53,3,2027-09-17 18:00:00
69,64,3,2027-09-17 19:00:00
762,119,5,2027-09-17 21:00:00
320,286,3,2027-09-17 22:00:00
177,18,4,2027-09-17 23:00:00
584,5,4,2027-09-18 00:00:00
529,325,3,2027-09-18 01:00:00
841,392,3,2027-09-18 02:00:00
160,393,5,2027-09-18 03:00:00
582,160,5,2027-09-18 04:00:00
625,376,1,2027-09-18 05:00:00
744,142,4,2027-09-18 06:00:00
533,397,4,2027-09-18 07:00:00
135,18,5,2027-09-18 08:00:00
775,68,4,2027-09-18 09:00:00
111,114,5,2027-09-18 10:00:00
999,22,1,2027-09-18 11:00:00
758,20,3,2027-09-18 12:00:00
283,399,5,2027-09-18 13:00:00
520,263,5,2027-09-18 14:00:00
969,461,3,2027-09-18 15:00:00
796,98,4,2027-09-18 16:00:00
719,105,2,2027-09-18 17:00:00
194,286,5,2027-09-18 18:00:00
967,5,5,2027-09-18 19:00:00
47,129,3,2027-09-18 20:00:00
342,159,4,2027-09-18 22:00:00
242,251,3,2027-09-18 23:00:00
522,499,5,2027-09-19 00:00:00
370,276,2,2027-09-19 01:00:00
801,83,4,2027-09-19 02:00:00
903,320,4,2027-09-19 03:00:00
131,118,5,2027-09-19 04:00:00
270,448,2,2027-09-19 05:00:00
940,29,4,2027-09-19 06:00:00
814,493,1,2027-09-19 07:00:00
61,358,5,2027-09-19 08:00:00
164,138,3,2027-09-19 09:00:00
525,157,5,2027-09-19 10:00:00
272,31,4,2027-09-19 11:00:00
720,331,1,2027-09-19 12:00:00
758,471,2,2027-09-19 13:00:00
133,286,3,2027-09-19 14:00:00
244,153,5,2027-09-19 15:00:00
985,336,4,2027-09-19 16:00:00
806,58,5,2027-09-19 17:00:00
998,313,1,2027-09-19 18:00:00
434,87,1,2027-09-19 19:00:00
38,123,5,2027-09-19 20:00:00
871,191,5,2027-09-19 21:00:00
568,353,5,2027-09-19 22:00:00
319,371,5,2027-09-19 23:00:00
510,293,5,2027-09-20 00:00:00
376,314,2,2027-09-20 01:00:00
560,28,2,2027-09-20 02:00:00
617,155,2,2027-09-20 03:00:00
474,454,5,2027-09-20 04:00:00
59,230,3,2027-09-20 05:00:00
589,37,4,2027-09-20 06:00:00
940,6,5,2027-09-20 07:00:00
499,473,4,2027-09-20 08:00:00
218,461,1,2027-09-20 09:00:00
895,318,4,2027-09-20 10:00:00
567,225,1,2027-09-20 11:00:00
567,33,4,2027-09-20 12:00:00
129,89,3,2027-09-20 13:00:00
904,334,1,2027-09-20 14:00:00
383,40,5,2027-09-20 15:00:00
388,169,5,2027-09-20 16:00:00
85,375,5,2027-09-20 17:00:00
510,298,3,2027-09-20 18:00:00
726,486,5,2027-09-20 19:00:00
627,393,4,2027-09-20 20:00:00
437,18,5,2027-09-20 21:00:00
826,15,5,2027-09-20 22:00:00
293,132,5,2027-09-20 23:00:00
49,290,2,2027-09-21 00:00:00
67,318,5,2027-09-21 01:00:00
787,294,5,2027-09-21 02:00:00
129,209,3,2027-09-21 03:00:00
29,327,3,2027-09-21 04:00:00
343,480,2,2027-09-21 05:00:00
545,279,5,2027-09-21 06:00:00
119,382,5,2027-09-21 07:00:00
692,276,4,2027-09-21 08:00:00
937,495,4,2027-09-21 09:00:00
663,440,3,2027-09-21 10:00:00
133,309,5,2027-09-21 11:00:00
327,386,1,2027-09-21 12:00:00
185,277,4,2027-09-21 13:00:00
506,76,5,2027-09-21 14:00:00
646,298,4,2027-09-21 15:00:00
689,313,4,2027-09-21 16:00:00
534,378,1,2027-09-21 17:00:00
241,433,3,2027-09-21 18:00:00
589,347,4,2027-09-21 19:00:00
716,498,1,2027-09-21 20:00:00
516,112,3,2027-09-21 21:00:00
840,266,3,2027-09-21 22:00:00
960,72,4,2027-09-21 23:00:00
165,317,3,2027-09-22 00:00:00
927,21,4,2027-09-22 01:00:00
933,188,4,2027-09-22 02:00:00
640,121,2,2027-09-22 03:00:00
557,342,2,2027-09-22 04:00:00
218,141,5,2027-09-22 05:00:00
747,304,4,2027-09-22 06:00:00
648,424,3,2027-09-22 07:00:00
680,447,4,2027-09-22 08:00:00
993,204,2,2027-09-22 09:00:00
749,209,3,2027-09-22 10:00:00
605,496,4,2027-09-22 11:00:00
5,9,3,2027-09-22 12:00:00
668,185,4,2027-09-22 13:00:00
757,435,2,2027-09-22 14:00:00
872,369,2,2027-09-22 15:00:00
81,376,3,2027-09-22 16:00:00
247,296,3,2027-09-22 17:00:00
855,332,5,2027-09-22 18:00:00
493,201,1,2027-09-22 19:00:00
649,64,5,2027-09-22 20:00:00
386,350,5,2027-09-22 21:00:00
575,326,4,2027-09-22 22:00:00
992,320,5,2027-09-22 23:00:00
307,25,5,2027-09-23 00:00:00
628,412,3,2027-09-23 01:00:00
625,394,3,2027-09-23 02:00:00
543,489,2,2027-09-23 03:00:00
7,156,4,2027-09-23 04:00:00
926,221,2,2027-09-23 05:00:00
954,292,5,2027-09-23 06:00:00
515,139,4,2027-09-23 07:00:00
819,21,5,2027-09-23 08:00:00
755,486,3,2027-09-23 09:00:00
568,154,4,2027-09-23 10:00:00
73,402,4,2027-09-23 11:00:00
10,68,3,2027-09-23 12:00:00
573,492,5,2027-09-23 13:00:00
562,41,4,2027-09-23 14:00:00
122,15,2,2027-09-23 15:00:00
687,279,5,2027-09-23 16:00:00
986,169,4,2027-09-23 17:00:00
513,134,3,2027-09-23 18:00:00
990,491,3,2027-09-23 19:00:00
441,199,4,2027-09-23 20:00:00
38,238,4,2027-09-23 21:00:00
702,444,4,2027-09-23 22:00:00
591,112,4,2027-09-23 23:00:00
345,463,2,2027-09-24 00:00:00
966,52,3,2027-09-24 01:00:00
338,137,5,2027-09-24 02:00:00
961,255,4,2027-09-24 03:00:00
702,115,2,2027-09-24 04:00:00
184,158,3,2027-09-24 05:00:00
67,300,5,2027-09-24 06:00:00
17,446,5,2027-09-24 07:00:00
383,427,4,2027-09-24 08:00:00
368,412,1,2027-09-24 09:00:00
904,478,4,2027-09-24 10:00:00
316,264,1,2027-09-24 11:00:00
497,355,4,2027-09-24 12:00:00
808,307,5,2027-09-24 13:00:00
721,99,4,2027-09-24 14:00:00
345,121,1,2027-09-24 15:00:00
958,90,4,2027-09-24 16:00:00
553,30,5,2027-09-24 17:00:00
908,483,4,2027-09-24 18:00:00
989,230,5,2027-09-24 19:00:00
473,139,2,2027-09-24 20:00:00
115,254,5,2027-09-24 21:00:00
100,404,4,2027-09-24 22:00:00
885,494,3,2027-09-24 23:00:00
438,31,4,2027-09-25 00:00:00
345,162,4,2027-09-25 01:00:00
349,396,4,2027-09-25 02:00:00
139,432,2,2027-09-25 03:00:00
828,156,3,2027-09-25 04:00:00
324,323,5,2027-09-25 05:00:00
846,117,4,2027-09-25 06:00:00
302,191,1,2027-09-25 07:00:00
294,176,5,2027-09-25 08:00:00
957,426,2,2027-09-25 09:00:00
529,436,4,2027-09-25 10:00:00
834,5,3,2027-09-25 11:00:00
968,333,5,2027-09-25 12:00:00
292,12,3,2027-09-25 13:00:00
74,59,5,2027-09-25 14:00:00
775,321,4,2027-09-25 15:00:00
484,308,1,2027-09-25 16:00:00
16,299,3,2027-09-25 17:00:00
526,250,3,2027-09-25 18:00:00
336,339,5,2027-09-25 19:00:00
793,93,5,2027-09-25 20:00:00
873,319,5,2027-09-25 21:00:00
516,111,3,2027-09-25 22:00:00
925,306,3,2027-09-25 23:00:00
127,368,4,2027-09-26 00:00:00
824,295,4,2027-09-26 01:00:00
518,426,5,2027-09-26 02:00:00
129,473,5,2027-09-26 03:00:00
511,336,5,2027-09-26 04:00:00
385,220,5,2027-09-26 06:00:00
883,487,4,2027-09-26 07:00:00
232,299,4,2027-09-26 08:00:00
959,305,4,2027-09-26 09:00:00
825,5,5,2027-09-26 10:00:00
195,129,4,2027-09-26 11:00:00
65,323,2,2027-09-26 12:00:00
833,112,4,2027-09-26 13:00:00
615,24,5,2027-09-26 14:00:00
277,29,5,2027-09-26 15:00:00
670,399,3,2027-09-26 16:00:00
224,132,5,2027-09-26 17:00:00
801,44,3,2027-09-26 18:00:00
944,321,3,2027-09-26 19:00:00
278,497,4,2027-09-26 20:00:00
990,376,4,2027-09-26 21:00:00
694,207,1,2027-09-26 22:00:00
366,382,5,2027-09-26 23:00:00
516,216,5,2027-09-27 00:00:00
215,244,4,2027-09-27 01:00:00
439,31,2,2027-09-27 02:00:00
428,404,3,2027-09-27 03:00:00
729,266,2,2027-09-27 04:00:00
396,11,2,2027-09-27 05:00:00
209,82,5,2027-09-27 06:00:00
501,482,4,2027-09-27 07:00:00
463,156,2,2027-09-27 08:00:00
586,166,3,2027-09-27 09:00:00
227,208,5,2027-09-27 10:00:00
375,24,4,2027-09-27 11:00:00
500,295,4,2027-09-27 12:00:00
948,375,4,2027-09-27 13:00:00
93,179,2,2027-09-27 14:00:00
460,332,5,2027-09-27 15:00:00
577,50,2,2027-09-27 16:00:00
321,490,5,2027-09-27 17:00:00
10,7,1,2027-09-27 18:00:00
914,100,4,2027-09-27 19:00:00
303,81,5,2027-09-27 20:00:00
322,241,5,2027-09-27 21:00:00
817,324,3,2027-09-27 22:00:00
456,181,4,2027-09-27 23:00:00
278,293,2,2027-09-28 00:00:00
598,481,5,2027-09-28 01:00:00
538,83,5,2027-09-28 02:00:00
730,54,3,2027-09-28 03:00:00
393,90,3,2027-09-28 04:00:00
917,439,3,2027-09-28 05:00:00
95,203,5,2027-09-28 06:00:00
756,31,4,2027-09-28 07:00:00
959,193,3,2027-09-28 08:00:00
107,488,5,2027-09-28 09:00:00
390,100,2,2027-09-28 10:00:00
760,349,3,2027-09-28 11:00:00
526,89,3,2027-09-28 12:00:00
673,443,3,2027-09-28 13:00:00
71,123,4,2027-09-28 14:00:00
664,374,4,2027-09-28 15:00:00
969,47,1,2027-09-28 16:00:00
587,433,2,2027-09-28 17:00:00
376,146,2,2027-09-28 18:00:00
727,3,1,2027-09-28 19:00:00
368,18,2,2027-09-28 20:00:00
51,314,3,2027-09-28 21:00:00
898,327,3,2027-09-28 22:00:00
143,476,5,2027-09-28 23:00:00
419,81,3,2027-09-29 00:00:00
548,153,4,2027-09-29 01:00:00
500,402,1,2027-09-29 02:00:00
886,308,4,2027-09-29 03:00:00
988,488,5,2027-09-29 04:00:00
167,299,4,2027-09-29 05:00:00
748,67,3,2027-09-29 06:00:00
260,89,3,2027-09-29 07:00:00
192,135,5,2027-09-29 08:00:00
202,367,4,2027-09-29 09:00:00
774,202,3,2027-09-29 10:00:00
185,428,5,2027-09-29 11:00:00
158,428,4,2027-09-29 12:00:00
758,179,5,2027-09-29 13:00:00
622,339,1,2027-09-29 14:00:00
99,79,3,2027-09-29 15:00:00
241,85,4,2027-09-29 16:00:00
491,21,4,2027-09-29 17:00:00
202,378,2,2027-09-29 18:00:00
634,165,4,2027-09-29 19:00:00
509,28,4,2027-09-29 20:00:00
629,237,3,2027-09-29 21:00:00
96,288,4,2027-09-29 22:00:00
746,185,3,2027-09-29 23:00:00
490,425,4,2027-09-30 00:00:00
579,310,2,2027-09-30 01:00:00
888,155,4,2027-09-30 02:00:00
218,123,3,2027-09-30 03:00:00
527,87,5,2027-09-30 04:00:00
273,202,4,2027-09-30 05:00:00
219,40,4,2027-09-30 06:00:00
786,169,5,2027-09-30 07:00:00
883,70,2,2027-09-30 08:00:00
659,280,4,2027-09-30 09:00:00
332,402,3,2027-09-30 10:00:00
856,330,5,2027-09-30 11:00:00
453,440,5,2027-09-30 12:00:00
152,399,5,2027-09-30 13:00:00
347,493,3,2027-09-30 14:00:00
816,491,3,2027-09-30 15:00:00
414,354,1,2027-09-30 16:00:00
527,328,4,2027-09-30 17:00:00
431,498,3,2027-09-30 18:00:00
379,419,3,2027-09-30 19:00:00
998,27,4,2027-09-30 20:00:00
895,345,5,2027-09-30 21:00:00
428,131,2,2027-09-30 22:00:00
866,277,5,2027-09-30 23:00:00
923,377,1,2027-10-01 00:00:00
84,295,2,2027-10-01 01:00:00
192,288,5,2027-10-01 02:00:00
41,254,4,2027-10-01 03:00:00
864,434,5,2027-10-01 04:00:00
836,85,4,2027-10-01 05:00:00
773,9,5,2027-10-01 06:00:00
309,50,3,2027-10-01 07:00:00
378,1,4,2027-10-01 08:00:00
136,4,5,2027-10-01 09:00:00
790,4,3,2027-10-01 10:00:00
106,497,1,2027-10-01 11:00:00
519,90,1,2027-10-01 12:00:00
918,162,5,2027-10-01 13:00:00
814,155,4,2027-10-01 14:00:00
542,15,4,2027-10-01 15:00:00
126,365,5,2027-10-01 16:00:00
357,32,5,2027-10-01 17:00:00
400,425,4,2027-10-01 18:00:00
79,455,5,2027-10-01 19:00:00
389,445,4,2027-10-01 20:00:00
579,63,4,2027-10-01 21:00:00
535,445,1,2027-10-01 22:00:00
701,364,2,2027-10-01 23:00:00
74,108,5,2027-10-02 00:00:00
5,14,3,2027-10-02 01:00:00
919,23,3,2027-10-02 02:00:00
463,111,4,2027-10-02 03:00:00
82,321,4,2027-10-02 04:00:00
537,160,2,2027-10-02 05:00:00
776,41,5,2027-10-02 06:00:00
991,282,4,2027-10-02 07:00:00
405,304,5,2027-10-02 08:00:00
514,457,4,2027-10-02 09:00:00
278,144,4,2027-10-02 10:00:00
840,415,3,2027-10-02 11:00:00
855,450,1,2027-10-02 12:00:00
224,288,1,2027-10-02 13:00:00
584,394,2,2027-10-02 14:00:00
68,153,5,2027-10-02 15:00:00
320,82,5,2027-10-02 16:00:00
606,365,4,2027-10-02 17:00:00
19,226,2,2027-10-02 18:00:00
640,477,2,2027-10-02 19:00:00
343,429,3,2027-10-02 20:00:00
594,152,5,2027-10-02 21:00:00
766,259,4,2027-10-02 22:00:00
949,318,5,2027-10-02 23:00:00
733,79,4,2027-10-03 00:00:00
343,195,4,2027-10-03 01:00:00
97,439,4,2027-10-03 02:00:00
52,223,1,2027-10-03 03:00:00
175,266,4,2027-10-03 04:00:00
338,230,5,2027-10-03 05:00:00
940,150,4,2027-10-03 07:00:00
353,398,4,2027-10-03 08:00:00
391,457,3,2027-10-03 09:00:00
115,466,4,2027-10-03 10:00:00
348,136,2,2027-10-03 11:00:00
1,123,5,2027-10-03 12:00:00
63,358,1,2027-10-03 13:00:00
760,399,4,2027-10-03 14:00:00
743,110,3,2027-10-03 15:00:00
226,143,1,2027-10-03 16:00:00
423,436,4,2027-10-03 17:00:00
19,70,5,2027-10-03 18:00:00
31,54,5,2027-10-03 19:00:00
845,332,3,2027-10-03 20:00:00
633,426,4,2027-10-03 21:00:00
24,403,1,2027-10-03 22:00:00
837,40,4,2027-10-03 23:00:00
983,197,2,2027-10-04 00:00:00
211,27,5,2027-10-04 01:00:00
161,299,1,2027-10-04 03:00:00
255,180,5,2027-10-04 04:00:00
571,46,5,2027-10-04 05:00:00
114,142,2,2027-10-04 06:00:00
504,320,3,2027-10-04 07:00:00
929,445,5,2027-10-04 08:00:00
672,98,4,2027-10-04 09:00:00
955,126,5,2027-10-04 10:00:00
220,58,3,2027-10-04 11:00:00
357,177,1,2027-10-04 12:00:00
169,207,1,2027-10-04 13:00:00
524,285,4,2027-10-04 14:00:00
969,154,5,2027-10-04 15:00:00
242,27,5,2027-10-04 16:00:00
375,451,5,2027-10-04 17:00:00
139,323,3,2027-10-04 18:00:00
97,163,5,2027-10-04 19:00:00
147,250,5,2027-10-04 20:00:00
182,188,5,2027-10-04 21:00:00
57,445,4,2027-10-04 22:00:00
42,483,4,2027-10-04 23:00:00
866,370,4,2027-10-05 00:00:00
711,454,4,2027-10-05 01:00:00
543,334,3,2027-10-05 02:00:00
692,90,4,2027-10-05 03:00:00
2,131,5,2027-10-05 04:00:00
979,417,2,2027-10-05 05:00:00
934,298,4,2027-10-05 06:00:00
288,13,4,2027-10-05 07:00:00
138,29,5,2027-10-05 08:00:00
617,265,4,2027-10-05 09:00:00
512,32,4,2027-10-05 10:00:00
904,150,4,2027-10-05 11:00:00
730,86,3,2027-10-05 12:00:00
222,58,3,2027-10-05 13:00:00
331,57,3,2027-10-05 14:00:00
617,482,1,2027-10-05 15:00:00
404,394,4,2027-10-05 16:00:00
508,25,5,2027-10-05 17:00:00
916,190,3,2027-10-05 18:00:00
127,447,5,2027-10-05 19:00:00
265,76,4,2027-10-05 20:00:00
764,387,1,2027-10-05 22:00:00
15,339,5,2027-10-05 23:00:00
226,225,4,2027-10-06 00:00:00
984,431,3,2027-10-06 01:00:00
865,183,3,2027-10-06 02:00:00
105,154,5,2027-10-06 03:00:00
745,269,2,2027-10-06 04:00:00
493,391,5,2027-10-06 05:00:00
319,418,2,2027-10-06 06:00:00
1000,278,4,2027-10-06 07:00:00
219,340,4,2027-10-06 08:00:00
277,363,4,2027-10-06 09:00:00
773,23,3,2027-10-06 10:00:00
893,432,3,2027-10-06 11:00:00
931,14,5,2027-10-06 12:00:00
341,94,3,2027-10-06 13:00:00
452,343,4,2027-10-06 14:00:00
369,367,5,2027-10-06 15:00:00
944,52,5,2027-10-06 16:00:00
848,339,2,2027-10-06 17:00:00
991,423,4,2027-10-06 18:00:00
474,41,4,2027-10-06 19:00:00
190,164,3,2027-10-06 20:00:00
884,6,3,2027-10-06 21:00:00
419,407,3,2027-10-06 22:00:00
710,138,4,2027-10-06 23:00:00
865,99,5,2027-10-07 00:00:00
789,341,5,2027-10-07 01:00:00
848,224,5,2027-10-07 02:00:00
495,316,4,2027-10-07 03:00:00
39,30,5,2027-10-07 04:00:00
162,225,4,2027-10-07 05:00:00
121,326,4,2027-10-07 06:00:00
892,261,5,2027-10-07 07:00:00
399,247,2,2027-10-07 08:00:00
262,79,2,2027-10-07 09:00:00
962,185,5,2027-10-07 10:00:00
728,299,5,2027-10-07 11:00:00
824,180,1,2027-10-07 12:00:00
561,473,5,2027-10-07 13:00:00
604,77,4,2027-10-07 14:00:00
129,262,5,2027-10-07 15:00:00
833,229,2,2027-10-07 16:00:00
540,2,5,2027-10-07 17:00:00
356,17,5,2027-10-07 18:00:00
660,344,4,2027-10-07 19:00:00
432,12,5,2027-10-07 20:00:00
840,428,5,2027-10-07 21:00:00
65,182,4,2027-10-07 22:00:00
218,334,5,2027-10-07 23:00:00
563,7,5,2027-10-08 00:00:00
427,246,3,2027-10-08 01:00:00
817,474,1,2027-10-08 02:00:00
921,416,3,2027-10-08 03:00:00
460,174,2,2027-10-08 05:00:00
425,487,2,2027-10-08 06:00:00
711,329,5,2027-10-08 07:00:00
192,334,5,2027-10-08 08:00:00
189,181,5,2027-10-08 09:00:00
12,465,5,2027-10-08 10:00:00
239,497,3,2027-10-08 11:00:00
872,281,4,2027-10-08 12:00:00
593,309,2,2027-10-08 13:00:00
453,478,4,2027-10-08 14:00:00
383,237,3,2027-10-08 15:00:00
782,157,2,2027-10-08 16:00:00
802,251,2,2027-10-08 17:00:00
48,221,4,2027-10-08 18:00:00
317,338,5,2027-10-08 19:00:00
209,223,2,2027-10-08 20:00:00
547,211,4,2027-10-08 21:00:00
119,337,4,2027-10-08 22:00:00
577,134,4,2027-10-08 23:00:00
315,332,5,2027-10-09 00:00:00
754,422,2,2027-10-09 01:00:00
36,259,1,2027-10-09 02:00:00
463,495,3,2027-10-09 03:00:00
764,35,4,2027-10-09 04:00:00
915,183,3,2027-10-09 05:00:00
755,303,2,2027-10-09 06:00:00
554,161,5,2027-10-09 07:00:00
581,93,2,2027-10-09 08:00:00
403,387,4,2027-10-09 09:00:00
107,197,5,2027-10-09 10:00:00
39,315,4,2027-10-09 11:00:00
581,206,4,2027-10-09 12:00:00
180,484,3,2027-10-09 13:00:00
12,476,4,2027-10-09 14:00:00
339,489,5,2027-10-09 15:00:00
943,352,5,2027-10-09 16:00:00
716,18,4,2027-10-09 17:00:00
548,234,5,2027-10-09 18:00:00
126,488,2,2027-10-09 19:00:00
63,382,1,2027-10-09 20:00:00
844,333,5,2027-10-09 21:00:00
82,66,3,2027-10-09 22:00:00
819,244,5,2027-10-09 23:00:00
299,409,4,2027-10-10 00:00:00
34,276,4,2027-10-10 01:00:00
752,199,5,2027-10-10 02:00:00
609,459,5,2027-10-10 03:00:00
49,453,5,2027-10-10 04:00:00
658,413,4,2027-10-10 05:00:00
637,18,4,2027-10-10 06:00:00
701,72,5,2027-10-10 07:00:00
57,155,5,2027-10-10 08:00:00
861,378,3,2027-10-10 09:00:00
109,170,5,2027-10-10 10:00:00
517,322,5,2027-10-10 11:00:00
985,355,4,2027-10-10 12:00:00
24,282,4,2027-10-10 13:00:00
221,151,4,2027-10-10 14:00:00
960,261,2,2027-10-10 15:00:00
315,80,2,2027-10-10 16:00:00
294,106,5,2027-10-10 17:00:00
929,11,4,2027-10-10 18:00:00
10,403,2,2027-10-10 19:00:00
677,208,4,2027-10-10 20:00:00
481,480,3,2027-10-10 21:00:00
727,396,5,2027-10-10 22:00:00
638,130,4,2027-10-10 23:00:00
267,171,4,2027-10-11 00:00:00
792,406,3,2027-10-11 01:00:00
88,410,5,2027-10-11 02:00:00
455,33,5,2027-10-11 03:00:00
626,24,5,2027-10-11 04:00:00
533,197,4,2027-10-11 05:00:00
148,405,5,2027-10-11 06:00:00
757,46,2,2027-10-11 07:00:00
778,274,2,2027-10-11 08:00:00
729,231,4,2027-10-11 09:00:00
431,133,2,2027-10-11 10:00:00
996,264,3,2027-10-11 11:00:00
752,85,4,2027-10-11 12:00:00
943,367,4,2027-10-11 13:00:00
911,313,5,2027-10-11 14:00:00
744,269,5,2027-10-11 16:00:00
242,221,4,2027-10-11 18:00:00
702,194,2,2027-10-11 19:00:00
902,421,4,2027-10-11 20:00:00
741,346,5,2027-10-11 21:00:00
972,69,3,2027-10-11 23:00:00
378,288,4,2027-10-12 00:00:00
388,358,4,2027-10-12 01:00:00
791,176,2,2027-10-12 02:00:00
781,386,5,2027-10-12 03:00:00
209,325,3,2027-10-12 04:00:00
415,239,4,2027-10-12 05:00:00
16,481,3,2027-10-12 06:00:00
297,179,2,2027-10-12 07:00:00
986,256,5,2027-10-12 08:00:00
220,419,1,2027-10-12 09:00:00
769,211,3,2027-10-12 10:00:00
367,399,5,2027-10-12 11:00:00
780,227,3,2027-10-12 12:00:00
229,72,4,2027-10-12 13:00:00
631,367,4,2027-10-12 14:00:00
440,65,5,2027-10-12 15:00:00
690,166,5,2027-10-12 16:00:00
532,214,5,2027-10-12 17:00:00
450,17,4,2027-10-12 18:00:00
36,336,3,2027-10-12 19:00:00
847,173,3,2027-10-12 20:00:00
422,129,5,2027-10-12 21:00:00
918,3,4,2027-10-12 22:00:00
620,383,3,2027-10-12 23:00:00
189,384,5,2027-10-13 00:00:00
178,248,1,2027-10-13 01:00:00
608,70,4,2027-10-13 02:00:00
315,52,5,2027-10-13 03:00:00
20,437,5,2027-10-13 04:00:00
676,378,3,2027-10-13 05:00:00
382,259,4,2027-10-13 06:00:00
609,239,1,2027-10-13 07:00:00
143,94,4,2027-10-13 08:00:00
62,47,4,2027-10-13 09:00:00
242,75,5,2027-10-13 10:00:00
131,86,5,2027-10-13 12:00:00
605,6,5,2027-10-13 13:00:00
603,230,4,2027-10-13 14:00:00
645,489,3,2027-10-13 15:00:00
123,430,3,2027-10-13 16:00:00
440,351,5,2027-10-13 17:00:00
927,317,5,2027-10-13 18:00:00
342,43,4,2027-10-13 19:00:00
419,312,5,2027-10-13 20:00:00
630,198,4,2027-10-13 21:00:00
455,370,5,2027-10-13 22:00:00
198,404,3,2027-10-13 23:00:00
282,303,5,2027-10-14 00:00:00
886,182,5,2027-10-14 01:00:00
1,169,5,2027-10-14 02:00:00
723,203,5,2027-10-14 03:00:00
775,194,3,2027-10-14 04:00:00
932,31,4,2027-10-14 05:00:00
332,102,3,2027-10-14 06:00:00
212,64,3,2027-10-14 07:00:00
87,346,3,2027-10-14 08:00:00
665,91,3,2027-10-14 09:00:00
862,442,4,2027-10-14 10:00:00
699,250,4,2027-10-14 11:00:00
61,183,3,2027-10-14 12:00:00
797,302,4,2027-10-14 13:00:00
95,366,3,2027-10-14 14:00:00
786,351,3,2027-10-14 15:00:00
553,280,5,2027-10-14 16:00:00
147,205,3,2027-10-14 17:00:00
246,89,4,2027-10-14 18:00:00
644,293,3,2027-10-14 19:00:00
961,425,4,2027-10-14 20:00:00
297,409,3,2027-10-14 21:00:00
123,285,2,2027-10-14 22:00:00
655,159,3,2027-10-14 23:00:00
694,363,5,2027-10-15 00:00:00
704,487,2,2027-10-15 01:00:00
456,130,2,2027-10-15 02:00:00
399,248,1,2027-10-15 03:00:00
719,140,4,2027-10-15 04:00:00
946,389,3,2027-10-15 05:00:00
231,189,3,2027-10-15 06:00:00
534,91,5,2027-10-15 07:00:00
402,56,2,2027-10-15 08:00:00
592,226,4,2027-10-15 09:00:00
130,334,5,2027-10-15 10:00:00
292,327,1,2027-10-15 11:00:00
276,165,4,2027-10-15 12:00:00
912,36,3,2027-10-15 13:00:00
835,330,5,2027-10-15 14:00:00
376,29,5,2027-10-15 15:00:00
926,80,3,2027-10-15 16:00:00
55,422,3,2027-10-15 17:00:00
578,469,4,2027-10-15 18:00:00
739,358,5,2027-10-15 19:00:00
26,169,3,2027-10-15 20:00:00
441,33,5,2027-10-15 21:00:00
765,93,5,2027-10-15 22:00:00
197,112,3,2027-10-15 23:00:00
642,379,5,2027-10-16 00:00:00
243,209,1,2027-10-16 01:00:00
824,397,4,2027-10-16 02:00:00
724,390,3,2027-10-16 03:00:00
190,194,4,2027-10-16 04:00:00
802,264,4,2027-10-16 05:00:00
738,247,4,2027-10-16 06:00:00
758,118,4,2027-10-16 07:00:00
568,448,4,2027-10-16 08:00:00
567,480,5,2027-10-16 09:00:00
276,228,5,2027-10-16 10:00:00
818,9,4,2027-10-16 11:00:00
409,407,3,2027-10-16 12:00:00
340,199,2,2027-10-16 13:00:00
153,479,1,2027-10-16 14:00:00
565,277,4,2027-10-16 15:00:00
398,129,4,2027-10-16 16:00:00
444,302,4,2027-10-16 17:00:00
623,62,5,2027-10-16 18:00:00
427,2,3,2027-10-16 19:00:00
958,360,4,2027-10-16 20:00:00
487,331,5,2027-10-16 21:00:00
204,357,4,2027-10-16 22:00:00
112,466,4,2027-10-16 23:00:00
325,172,5,2027-10-17 00:00:00
959,245,4,2027-10-17 01:00:00
258,88,5,2027-10-17 02:00:00
950,500,5,2027-10-17 03:00:00
528,384,4,2027-10-17 04:00:00
951,83,2,2027-10-17 05:00:00
350,5,5,2027-10-17 06:00:00
939,349,5,2027-10-17 07:00:00
957,39,2,2027-10-17 08:00:00
678,384,4,2027-10-17 09:00:00
813,322,4,2027-10-17 10:00:00
894,465,5,2027-10-17 11:00:00
435,301,3,2027-10-17 12:00:00
426,75,4,2027-10-17 13:00:00
280,101,4,2027-10-17 14:00:00
371,141,4,2027-10-17 15:00:00
670,93,5,2027-10-17 16:00:00
933,119,5,2027-10-17 17:00:00
249,288,2,2027-10-17 18:00:00
891,109,3,2027-10-17 19:00:00
181,488,1,2027-10-17 20:00:00
999,136,4,2027-10-17 22:00:00
651,330,4,2027-10-17 23:00:00
78,217,1,2027-10-18 00:00:00
919,443,2,2027-10-18 01:00:00
885,395,2,2027-10-18 02:00:00
336,156,4,2027-10-18 03:00:00
50,481,4,2027-10-18 04:00:00
85,39,3,2027-10-18 05:00:00
695,282,2,2027-10-18 06:00:00
695,328,5,2027-10-18 07:00:00
4,358,5,2027-10-18 08:00:00
993,26,3,2027-10-18 09:00:00
950,32,4,2027-10-18 10:00:00
317,46,2,2027-10-18 11:00:00
111,156,3,2027-10-18 12:00:00
334,244,5,2027-10-18 13:00:00
851,391,3,2027-10-18 14:00:00
763,35,4,2027-10-18 15:00:00
133,450,5,2027-10-18 16:00:00
612,278,5,2027-10-18 17:00:00
991,242,4,2027-10-18 18:00:00
914,406,3,2027-10-18 19:00:00
684,378,2,2027-10-18 20:00:00
799,259,5,2027-10-18 21:00:00
119,46,2,2027-10-18 22:00:00
350,434,1,2027-10-18 23:00:00
917,237,2,2027-10-19 00:00:00
687,8,3,2027-10-19 01:00:00
542,260,4,2027-10-19 02:00:00
55,271,5,2027-10-19 03:00:00
361,44,5,2027-10-19 04:00:00
708,238,5,2027-10-19 05:00:00
453,500,2,2027-10-19 06:00:00
553,167,3,2027-10-19 07:00:00
685,376,2,2027-10-19 08:00:00
330,76,2,2027-10-19 09:00:00
219,157,4,2027-10-19 10:00:00
208,201,5,2027-10-19 11:00:00
670,234,4,2027-10-19 12:00:00
845,232,5,2027-10-19 13:00:00
740,446,4,2027-10-19 14:00:00
85,212,4,2027-10-19 15:00:00
685,418,5,2027-10-19 16:00:00
245,154,5,2027-10-19 17:00:00
872,368,4,2027-10-19 18:00:00
685,213,3,2027-10-19 19:00:00
335,87,2,2027-10-19 20:00:00
212,18,5,2027-10-19 21:00:00
596,191,2,2027-10-19 22:00:00
685,308,4,2027-10-19 23:00:00
183,54,4,2027-10-20 00:00:00
955,216,5,2027-10-20 01:00:00
133,42,2,2027-10-20 02:00:00
892,349,1,2027-10-20 03:00:00
800,230,5,2027-10-20 04:00:00
774,230,4,2027-10-20 05:00:00
350,182,2,2027-10-20 06:00:00
282,436,5,2027-10-20 07:00:00
293,141,5,2027-10-20 08:00:00
269,288,4,2027-10-20 09:00:00
861,339,5,2027-10-20 10:00:00
197,337,2,2027-10-20 11:00:00
537,322,5,2027-10-20 12:00:00
653,82,5,2027-10-20 13:00:00
984,442,4,2027-10-20 14:00:00
735,167,4,2027-10-20 15:00:00
20,411,5,2027-10-20 16:00:00
759,334,4,2027-10-20 17:00:00
840,54,4,2027-10-20 18:00:00
956,463,4,2027-10-20 19:00:00
713,456,3,2027-10-20 20:00:00
405,73,4,2027-10-20 21:00:00
115,213,4,2027-10-20 22:00:00
895,171,3,2027-10-20 23:00:00
701,483,5,2027-10-21 00:00:00
980,436,4,2027-10-21 01:00:00
975,270,4,2027-10-21 02:00:00
26,219,2,2027-10-21 03:00:00
566,136,4,2027-10-21 04:00:00
682,35,5,2027-10-21 05:00:00
395,146,4,2027-10-21 06:00:00
933,183,4,2027-10-21 07:00:00
381,78,5,2027-10-21 08:00:00
523,308,3,2027-10-21 09:00:00
539,253,3,2027-10-21 10:00:00
862,328,2,2027-10-21 11:00:00
83,433,4,2027-10-21 12:00:00
802,392,5,2027-10-21 13:00:00
445,236,3,2027-10-21 15:00:00
87,322,3,2027-10-21 16:00:00
949,337,2,2027-10-21 17:00:00
833,77,1,2027-10-21 18:00:00
387,374,4,2027-10-21 19:00:00
963,462,2,2027-10-21 20:00:00
668,425,4,2027-10-21 21:00:00
398,489,5,2027-10-21 22:00:00
820,73,1,2027-10-21 23:00:00
286,27,5,2027-10-22 00:00:00
698,404,4,2027-10-22 01:00:00
694,38,5,2027-10-22 02:00:00
965,254,2,2027-10-22 03:00:00
369,396,5,2027-10-22 04:00:00
655,426,5,2027-10-22 05:00:00
422,86,5,2027-10-22 06:00:00
718,357,5,2027-10-22 07:00:00
654,434,2,2027-10-22 08:00:00
697,359,3,2027-10-22 09:00:00
443,31,5,2027-10-22 10:00:00
753,205,3,2027-10-22 11:00:00
520,193,3,2027-10-22 12:00:00
584,230,1,2027-10-22 13:00:00
915,181,4,2027-10-22 14:00:00
288,245,4,2027-10-22 15:00:00
95,40,5,2027-10-22 16:00:00
669,329,5,2027-10-22 17:00:00
41,423,4,2027-10-22 18:00:00
813,157,4,2027-10-22 20:00:00
781,168,2,2027-10-22 21:00:00
155,158,5,2027-10-22 22:00:00
504,130,4,2027-10-22 23:00:00
275,82,4,2027-10-23 00:00:00
666,156,1,2027-10-23 01:00:00
565,175,4,2027-10-23 02:00:00
179,288,3,2027-10-23 03:00:00
933,88,3,2027-10-23 04:00:00
752,102,5,2027-10-23 05:00:00
137,248,2,2027-10-23 06:00:00
767,206,4,2027-10-23 07:00:00
988,89,5,2027-10-23 08:00:00
736,345,5,2027-10-23 09:00:00
180,288,5,2027-10-23 10:00:00
182,411,5,2027-10-23 11:00:00
259,310,2,2027-10-23 12:00:00
243,96,5,2027-10-23 13:00:00
96,440,1,2027-10-23 14:00:00
197,159,3,2027-10-23 15:00:00
904,114,2,2027-10-23 16:00:00
526,24,5,2027-10-23 17:00:00
632,163,4,2027-10-23 18:00:00
387,286,3,2027-10-23 19:00:00
408,353,2,2027-10-23 20:00:00
269,55,2,2027-10-23 21:00:00
171,64,4,2027-10-23 22:00:00
925,33,1,2027-10-23 23:00:00
584,46,4,2027-10-24 00:00:00
170,481,4,2027-10-24 02:00:00
159,289,5,2027-10-24 03:00:00
509,196,3,2027-10-24 04:00:00
447,253,1,2027-10-24 05:00:00
666,448,5,2027-10-24 06:00:00
914,286,5,2027-10-24 07:00:00
82,236,4,2027-10-24 08:00:00
57,79,5,2027-10-24 09:00:00
519,413,4,2027-10-24 10:00:00
112,446,2,2027-10-24 11:00:00
998,92,4,2027-10-24 12:00:00
48,96,3,2027-10-24 13:00:00
592,228,4,2027-10-24 14:00:00
887,286,2,2027-10-24 15:00:00
376,362,2,2027-10-24 16:00:00
828,235,5,2027-10-24 17:00:00
504,252,3,2027-10-24 19:00:00
627,490,5,2027-10-24 20:00:00
896,140,4,2027-10-24 21:00:00
3,323,4,2027-10-24 22:00:00
486,143,5,2027-10-24 23:00:00
516,240,4,2027-10-25 00:00:00
868,266,3,2027-10-25 01:00:00
772,342,4,2027-10-25 02:00:00
42,61,5,2027-10-25 03:00:00
9,23,5,2027-10-25 04:00:00
1000,11,3,2027-10-25 05:00:00
819,16,3,2027-10-25 06:00:00
657,49,3,2027-10-25 07:00:00
913,366,4,2027-10-25 08:00:00
609,336,3,2027-10-25 09:00:00
788,398,5,2027-10-25 10:00:00
142,390,5,2027-10-25 11:00:00
790,170,4,2027-10-25 12:00:00
436,401,5,2027-10-25 13:00:00
27,119,3,2027-10-25 14:00:00
43,479,5,2027-10-25 15:00:00
131,42,4,2027-10-25 16:00:00
216,10,3,2027-10-25 17:00:00
606,430,3,2027-10-25 18:00:00
520,468,4,2027-10-25 19:00:00
598,49,5,2027-10-25 20:00:00
345,265,5,2027-10-25 21:00:00
508,207,4,2027-10-25 22:00:00
650,167,5,2027-10-25 23:00:00
881,2,3,2027-10-26 00:00:00
413,68,5,2027-10-26 01:00:00
936,308,4,2027-10-26 02:00:00
246,472,3,2027-10-26 03:00:00
449,210,5,2027-10-26 04:00:00
21,139,4,2027-10-26 05:00:00
999,37,5,2027-10-26 06:00:00
408,218,4,2027-10-26 07:00:00
457,456,5,2027-10-26 08:00:00
444,278,2,2027-10-26 09:00:00
922,180,4,2027-10-26 10:00:00
265,5,1,2027-10-26 11:00:00
660,130,2,2027-10-26 12:00:00
184,133,3,2027-10-26 13:00:00
227,99,4,2027-10-26 14:00:00
804,160,5,2027-10-26 15:00:00
548,236,4,2027-10-26 16:00:00
246,147,4,2027-10-26 17:00:00
73,359,5,2027-10-26 18:00:00
150,115,5,2027-10-26 19:00:00
513,4,1,2027-10-26 20:00:00
69,87,2,2027-10-26 21:00:00
969,46,1,2027-10-26 22:00:00
805,83,1,2027-10-26 23:00:00
230,154,3,2027-10-27 00:00:00
723,306,5,2027-10-27 01:00:00
72,282,3,2027-10-27 02:00:00
875,327,3,2027-10-27 03:00:00
608,288,3,2027-10-27 04:00:00
397,111,4,2027-10-27 05:00:00
84,117,5,2027-10-27 06:00:00
740,97,5,2027-10-27 07:00:00
299,428,4,2027-10-27 08:00:00
748,282,4,2027-10-27 09:00:00
293,189,4,2027-10-27 10:00:00
734,88,4,2027-10-27 11:00:00
970,307,4,2027-10-27 12:00:00
223,443,5,2027-10-27 13:00:00
793,87,4,2027-10-27 14:00:00
733,422,5,2027-10-27 15:00:00
216,26,1,2027-10-27 16:00:00
231,380,4,2027-10-27 17:00:00
405,429,3,2027-10-27 18:00:00
169,31,5,2027-10-27 19:00:00
329,126,2,2027-10-27 20:00:00
426,198,4,2027-10-27 21:00:00
554,301,4,2027-10-27 22:00:00
770,31,4,2027-10-27 23:00:00
196,367,4,2027-10-28 00:00:00
904,317,4,2027-10-28 01:00:00
608,432,5,2027-10-28 02:00:00
829,232,4,2027-10-28 03:00:00
526,45,5,2027-10-28 04:00:00
625,493,5,2027-10-28 05:00:00
77,316,2,2027-10-28 06:00:00
277,189,4,2027-10-28 07:00:00
920,52,1,2027-10-28 08:00:00
946,52,3,2027-10-28 09:00:00
466,332,4,2027-10-28 10:00:00
941,499,5,2027-10-28 11:00:00
448,465,2,2027-10-28 12:00:00
320,318,4,2027-10-28 13:00:00
1000,410,2,2027-10-28 14:00:00
922,323,5,2027-10-28 15:00:00
160,79,4,2027-10-28 16:00:00
492,49,5,2027-10-28 17:00:00
313,230,4,2027-10-28 18:00:00
631,344,3,2027-10-28 19:00:00
949,371,5,2027-10-28 20:00:00
161,478,4,2027-10-28 21:00:00
308,44,4,2027-10-28 22:00:00
863,292,4,2027-10-28 23:00:00
146,437,5,2027-10-29 00:00:00
675,247,1,2027-10-29 01:00:00
396,428,3,2027-10-29 02:00:00
691,219,5,2027-10-29 03:00:00
89,22,1,2027-10-29 04:00:00
735,130,4,2027-10-29 05:00:00
778,7,4,2027-10-29 06:00:00
751,272,3,2027-10-29 07:00:00
546,350,5,2027-10-29 09:00:00
371,44,4,2027-10-29 10:00:00
451,240,2,2027-10-29 11:00:00
167,366,3,2027-10-29 12:00:00
392,65,5,2027-10-29 13:00:00
637,246,2,2027-10-29 14:00:00
736,475,2,2027-10-29 15:00:00
491,73,5,2027-10-29 16:00:00
925,71,5,2027-10-29 17:00:00
150,197,5,2027-10-29 18:00:00
468,189,2,2027-10-29 19:00:00
966,158,3,2027-10-29 20:00:00
701,426,2,2027-10-29 21:00:00
43,475,4,2027-10-29 22:00:00
945,330,3,2027-10-29 23:00:00
29,25,1,2027-10-30 00:00:00
874,338,3,2027-10-30 01:00:00
632,71,5,2027-10-30 02:00:00
849,313,5,2027-10-30 03:00:00
31,223,4,2027-10-30 04:00:00
693,160,2,2027-10-30 05:00:00
674,306,5,2027-10-30 06:00:00
128,493,4,2027-10-30 07:00:00
767,75,4,2027-10-30 08:00:00
294,138,5,2027-10-30 09:00:00
441,406,1,2027-10-30 10:00:00
869,479,4,2027-10-30 11:00:00
388,41,5,2027-10-30 12:00:00
766,303,1,2027-10-30 13:00:00
642,398,3,2027-10-30 14:00:00
524,387,5,2027-10-30 15:00:00
547,472,3,2027-10-30 16:00:00
710,334,4,2027-10-30 17:00:00
760,309,5,2027-10-30 18:00:00
110,16,3,2027-10-30 19:00:00
328,375,4,2027-10-30 20:00:00
405,189,1,2027-10-30 21:00:00
245,28,2,2027-10-30 22:00:00
762,163,5,2027-10-30 23:00:00
878,488,5,2027-10-31 00:00:00
829,386,3,2027-10-31 01:00:00
163,317,3,2027-10-31 02:00:00
560,440,4,2027-10-31 03:00:00
399,482,3,2027-10-31 04:00:00
399,274,1,2027-10-31 06:00:00
493,455,5,2027-10-31 07:00:00
646,305,3,2027-10-31 08:00:00
239,102,5,2027-10-31 09:00:00
580,263,5,2027-10-31 11:00:00
790,388,5,2027-10-31 12:00:00
32,171,3,2027-10-31 13:00:00
123,208,4,2027-10-31 14:00:00
534,315,4,2027-10-31 15:00:00
667,49,4,2027-10-31 16:00:00
110,60,4,2027-10-31 17:00:00
271,6,3,2027-10-31 18:00:00
380,148,3,2027-10-31 19:00:00
300,287,4,2027-10-31 20:00:00
627,211,1,2027-10-31 21:00:00
982,372,5,2027-10-31 22:00:00
732,150,4,2027-10-31 23:00:00
742,85,4,2027-11-01 00:00:00
764,466,1,2027-11-01 01:00:00
249,160,4,2027-11-01 02:00:00
521,47,1,2027-11-01 03:00:00
34,162,4,2027-11-01 04:00:00
228,499,1,2027-11-01 05:00:00
585,155,4,2027-11-01 06:00:00
399,230,4,2027-11-01 07:00:00
958,300,4,2027-11-01 08:00:00
813,158,2,2027-11-01 09:00:00
724,161,2,2027-11-01 10:00:00
584,411,3,2027-11-01 11:00:00
570,247,4,2027-11-01 12:00:00
220,56,3,2027-11-01 13:00:00
371,151,2,2027-11-01 14:00:00
787,299,3,2027-11-01 15:00:00
761,467,5,2027-11-01 16:00:00
528,54,4,2027-11-01 17:00:00
75,223,5,2027-11-01 18:00:00
618,254,4,2027-11-01 19:00:00
136,68,3,2027-11-01 20:00:00
929,53,4,2027-11-01 21:00:00
74,467,4,2027-11-01 22:00:00
254,245,4,2027-11-01 23:00:00
18,486,5,2027-11-02 00:00:00
931,40,4,2027-11-02 01:00:00
43,444,4,2027-11-02 02:00:00
50,342,5,2027-11-02 03:00:00
515,393,5,2027-11-02 04:00:00
744,351,4,2027-11-02 05:00:00
731,138,1,2027-11-02 06:00:00
571,266,5,2027-11-02 07:00:00
796,414,3,2027-11-02 08:00:00
814,138,3,2027-11-02 09:00:00
576,442,5,2027-11-02 10:00:00
582,292,5,2027-11-02 11:00:00
303,210,3,2027-11-02 12:00:00
142,172,3,2027-11-02 13:00:00
903,185,5,2027-11-02 14:00:00
202,299,3,2027-11-02 15:00:00
207,240,3,2027-11-02 16:00:00
415,211,5,2027-11-02 17:00:00
221,363,4,2027-11-02 18:00:00
362,151,5,2027-11-02 19:00:00
758,388,5,2027-11-02 20:00:00
81,396,5,2027-11-02 21:00:00
763,124,5,2027-11-02 22:00:00
563,49,4,2027-11-02 23:00:00
285,408,5,2027-11-03 00:00:00
369,397,5,2027-11-03 01:00:00
492,124,5,2027-11-03 02:00:00
911,68,5,2027-11-03 03:00:00
896,475,5,2027-11-03 04:00:00
346,358,2,2027-11-03 05:00:00
204,231,2,2027-11-03 06:00:00
25,456,2,2027-11-03 07:00:00
957,346,2,2027-11-03 08:00:00
553,418,2,2027-11-03 09:00:00
69,9,2,2027-11-03 10:00:00
516,266,5,2027-11-03 11:00:00
492,125,3,2027-11-03 12:00:00
240,371,4,2027-11-03 13:00:00
361,321,5,2027-11-03 14:00:00
441,112,2,2027-11-03 15:00:00
31,498,3,2027-11-03 16:00:00
899,328,2,2027-11-03 17:00:00
629,330,1,2027-11-03 18:00:00
707,54,5,2027-11-03 19:00:00
602,427,5,2027-11-03 20:00:00
690,497,5,2027-11-03 21:00:00
657,443,5,2027-11-03 22:00:00
956,89,2,2027-11-03 23:00:00
714,95,5,2027-11-04 00:00:00
322,359,5,2027-11-04 01:00:00
344,250,5,2027-11-04 02:00:00
715,443,3,2027-11-04 03:00:00
536,451,4,2027-11-04 04:00:00
355,317,3,2027-11-04 05:00:00
471,487,3,2027-11-04 06:00:00
928,166,4,2027-11-04 07:00:00
983,227,2,2027-11-04 08:00:00
994,136,4,2027-11-04 09:00:00
105,384,4,2027-11-04 10:00:00
787,65,2,2027-11-04 11:00:00
322,5,3,2027-11-04 12:00:00
572,120,5,2027-11-04 13:00:00
883,371,5,2027-11-04 14:00:00
962,219,4,2027-11-04 15:00:00
527,365,5,2027-11-04 16:00:00
504,474,1,2027-11-04 17:00:00
85,43,1,2027-11-04 18:00:00
931,188,2,2027-11-04 19:00:00
709,26,4,2027-11-04 20:00:00
235,267,4,2027-11-04 21:00:00
923,162,2,2027-11-04 22:00:00
856,233,1,2027-11-04 23:00:00
263,130,5,2027-11-05 00:00:00
6,21,4,2027-11-05 01:00:00
494,371,5,2027-11-05 02:00:00
893,410,3,2027-11-05 03:00:00
289,128,4,2027-11-05 04:00:00
570,76,5,2027-11-05 05:00:00
945,73,5,2027-11-05 06:00:00
657,233,3,2027-11-05 07:00:00
878,343,2,2027-11-05 08:00:00
554,106,3,2027-11-05 09:00:00
350,389,4,2027-11-05 10:00:00
200,9,4,2027-11-05 11:00:00
936,119,4,2027-11-05 12:00:00
686,50,1,2027-11-05 13:00:00
967,10,3,2027-11-05 14:00:00
966,113,3,2027-11-05 15:00:00
964,442,5,2027-11-05 16:00:00
897,266,5,2027-11-05 17:00:00
335,78,4,2027-11-05 18:00:00
607,36,4,2027-11-05 19:00:00
217,202,1,2027-11-05 20:00:00
623,312,4,2027-11-05 21:00:00
353,118,2,2027-11-05 22:00:00
692,190,5,2027-11-05 23:00:00
675,242,4,2027-11-06 00:00:00
631,293,3,2027-11-06 01:00:00
325,169,3,2027-11-06 02:00:00
901,230,2,2027-11-06 03:00:00
228,48,3,2027-11-06 04:00:00
145,150,5,2027-11-06 05:00:00
949,343,4,2027-11-06 06:00:00
308,208,4,2027-11-06 07:00:00
654,61,4,2027-11-06 08:00:00
634,331,4,2027-11-06 09:00:00
285,117,3,2027-11-06 10:00:00
392,239,2,2027-11-06 11:00:00
738,371,4,2027-11-06 12:00:00
360,355,5,2027-11-06 13:00:00
769,48,5,2027-11-06 14:00:00
797,448,1,2027-11-06 15:00:00
932,245,1,2027-11-06 16:00:00
947,468,5,2027-11-06 17:00:00
165,293,4,2027-11-06 18:00:00
733,425,5,2027-11-06 19:00:00
581,5,4,2027-11-06 20:00:00
821,100,4,2027-11-06 21:00:00
224,205,3,2027-11-06 22:00:00
124,180,2,2027-11-06 23:00:00
948,17,3,2027-11-07 00:00:00
344,90,1,2027-11-07 01:00:00
851,500,4,2027-11-07 02:00:00
524,108,5,2027-11-07 03:00:00
52,190,3,2027-11-07 04:00:00
129,180,2,2027-11-07 05:00:00
135,249,5,2027-11-07 06:00:00
657,251,2,2027-11-07 07:00:00
127,20,4,2027-11-07 08:00:00
738,359,5,2027-11-07 09:00:00
939,97,3,2027-11-07 10:00:00
71,222,5,2027-11-07 11:00:00
273,144,4,2027-11-07 12:00:00
187,7,3,2027-11-07 13:00:00
3,350,5,2027-11-07 14:00:00
285,322,4,2027-11-07 15:00:00
22,268,4,2027-11-07 16:00:00
166,427,4,2027-11-07 17:00:00
310,296,3,2027-11-07 18:00:00
875,1,3,2027-11-07 19:00:00
477,58,2,2027-11-07 20:00:00
498,387,3,2027-11-07 21:00:00
434,264,3,2027-11-07 22:00:00
758,90,1,2027-11-07 23:00:00
234,488,2,2027-11-08 00:00:00
837,75,3,2027-11-08 01:00:00
670,445,4,2027-11-08 02:00:00
663,341,2,2027-11-08 03:00:00
725,261,4,2027-11-08 04:00:00
376,488,4,2027-11-08 05:00:00
730,282,5,2027-11-08 06:00:00
246,341,4,2027-11-08 07:00:00
303,329,5,2027-11-08 08:00:00
405,401,4,2027-11-08 09:00:00
788,357,1,2027-11-08 10:00:00
663,243,3,2027-11-08 11:00:00
708,499,4,2027-11-08 12:00:00
917,322,4,2027-11-08 13:00:00
21,435,4,2027-11-08 14:00:00
257,119,4,2027-11-08 15:00:00
399,47,3,2027-11-08 16:00:00
529,168,5,2027-11-08 17:00:00
51,348,4,2027-11-08 18:00:00
447,27,4,2027-11-08 19:00:00
270,296,5,2027-11-08 20:00:00
827,1,5,2027-11-08 21:00:00
595,174,4,2027-11-08 22:00:00
818,395,5,2027-11-08 23:00:00
636,167,4,2027-11-09 00:00:00
802,18,4,2027-11-09 01:00:00
262,91,5,2027-11-09 02:00:00
365,303,1,2027-11-09 03:00:00
49,202,4,2027-11-09 04:00:00
518,484,3,2027-11-09 05:00:00
629,21,5,2027-11-09 06:00:00
118,156,1,2027-11-09 07:00:00
453,385,4,2027-11-09 08:00:00
775,14,3,2027-11-09 09:00:00
865,20,2,2027-11-09 10:00:00
973,244,5,2027-11-09 11:00:00
947,377,3,2027-11-09 12:00:00
886,457,3,2027-11-09 13:00:00
641,173,3,2027-11-09 14:00:00
397,445,4,2027-11-09 15:00:00
683,411,5,2027-11-09 16:00:00
27,122,5,2027-11-09 17:00:00
711,497,3,2027-11-09 18:00:00
372,184,4,2027-11-09 19:00:00
899,308,4,2027-11-09 20:00:00
826,68,4,2027-11-09 21:00:00
857,293,5,2027-11-09 22:00:00
97,338,5,2027-11-09 23:00:00
1000,159,2,2027-11-10 00:00:00
529,49,2,2027-11-10 01:00:00
685,181,5,2027-11-10 02:00:00
974,295,4,2027-11-10 03:00:00
613,394,4,2027-11-10 04:00:00
186,393,4,2027-11-10 05:00:00
696,348,3,2027-11-10 06:00:00
950,476,4,2027-11-10 07:00:00
215,141,3,2027-11-10 08:00:00
251,18,4,2027-11-10 09:00:00
216,140,3,2027-11-10 10:00:00
29,72,5,2027-11-10 11:00:00
102,471,5,2027-11-10 12:00:00
123,242,4,2027-11-10 13:00:00
54,261,3,2027-11-10 14:00:00
283,263,1,2027-11-10 15:00:00
614,143,2,2027-11-10 16:00:00
117,195,1,2027-11-10 17:00:00
616,146,1,2027-11-10 18:00:00
557,294,5,2027-11-10 19:00:00
114,26,5,2027-11-10 20:00:00
855,422,1,2027-11-10 21:00:00
543,59,2,2027-11-10 22:00:00
676,52,5,2027-11-10 23:00:00
977,417,4,2027-11-11 00:00:00
701,149,4,2027-11-11 01:00:00
293,401,5,2027-11-11 02:00:00
195,107,4,2027-11-11 03:00:00
292,318,4,2027-11-11 04:00:00
887,59,4,2027-11-11 05:00:00
261,258,3,2027-11-11 06:00:00
942,448,4,2027-11-11 07:00:00
207,281,3,2027-11-11 08:00:00
564,425,4,2027-11-11 09:00:00
49,19,1,2027-11-11 10:00:00
6,166,3,2027-11-11 11:00:00
379,25,3,2027-11-11 12:00:00
394,423,3,2027-11-11 13:00:00
886,4,1,2027-11-11 14:00:00
224,3,5,2027-11-11 15:00:00
23,418,4,2027-11-11 16:00:00
657,362,5,2027-11-11 17:00:00
110,394,5,2027-11-11 18:00:00
724,369,3,2027-11-11 19:00:00
812,27,4,2027-11-11 20:00:00
553,368,5,2027-11-11 21:00:00
399,346,4,2027-11-11 22:00:00
172,219,5,2027-11-11 23:00:00
698,385,4,2027-11-12 00:00:00
726,44,4,2027-11-12 01:00:00
306,212,5,2027-11-12 02:00:00
564,52,2,2027-11-12 03:00:00
582,153,4,2027-11-12 04:00:00
708,202,2,2027-11-12 05:00:00
959,321,3,2027-11-12 06:00:00
954,464,3,2027-11-12 07:00:00
151,11,4,2027-11-12 08:00:00
428,68,5,2027-11-12 09:00:00
621,227,2,2027-11-12 10:00:00
467,121,5,2027-11-12 11:00:00
630,333,2,2027-11-12 12:00:00
877,469,2,2027-11-12 13:00:00
607,15,5,2027-11-12 14:00:00
768,57,1,2027-11-12 15:00:00
556,330,2,2027-11-12 16:00:00
948,64,3,2027-11-12 17:00:00
67,230,3,2027-11-12 18:00:00
156,11,3,2027-11-12 19:00:00
206,224,4,2027-11-12 21:00:00
786,225,3,2027-11-12 22:00:00
155,125,4,2027-11-12 23:00:00
691,148,5,2027-11-13 00:00:00
509,228,3,2027-11-13 01:00:00
572,30,4,2027-11-13 02:00:00
74,10,3,2027-11-13 03:00:00
49,54,1,2027-11-13 04:00:00
783,186,5,2027-11-13 05:00:00
467,207,4,2027-11-13 06:00:00
585,255,1,2027-11-13 07:00:00
708,157,3,2027-11-13 08:00:00
911,129,3,2027-11-13 09:00:00
179,58,5,2027-11-13 10:00:00
48,405,5,2027-11-13 11:00:00
72,399,3,2027-11-13 12:00:00
113,195,2,2027-11-13 13:00:00
757,417,3,2027-11-13 14:00:00
897,422,5,2027-11-13 15:00:00
903,403,4,2027-11-13 16:00:00
821,388,2,2027-11-13 17:00:00
159,76,1,2027-11-13 18:00:00
786,89,3,2027-11-13 19:00:00
780,354,2,2027-11-13 20:00:00
816,81,5,2027-11-13 21:00:00
30,186,3,2027-11-13 22:00:00
97,326,5,2027-11-13 23:00:00
251,268,4,2027-11-14 00:00:00
519,383,3,2027-11-14 01:00:00
92,79,4,2027-11-14 02:00:00
113,145,3,2027-11-14 03:00:00
259,129,2,2027-11-14 04:00:00
107,14,5,2027-11-14 05:00:00
575,119,4,2027-11-14 06:00:00
390,2,1,2027-11-14 07:00:00
991,4,3,2027-11-14 08:00:00
358,244,2,2027-11-14 09:00:00
783,66,3,2027-11-14 10:00:00
199,246,1,2027-11-14 11:00:00
427,90,3,2027-11-14 12:00:00
478,430,4,2027-11-14 13:00:00
859,178,5,2027-11-14 14:00:00
849,60,3,2027-11-14 15:00:00
503,232,4,2027-11-14 16:00:00
658,436,1,2027-11-14 17:00:00
918,353,2,2027-11-14 18:00:00
573,176,4,2027-11-14 19:00:00
120,167,5,2027-11-14 20:00:00
573,383,2,2027-11-14 21:00:00
309,198,4,2027-11-14 22:00:00
538,60,5,2027-11-14 23:00:00
627,414,5,2027-11-15 00:00:00
475,470,2,2027-11-15 01:00:00
552,411,3,2027-11-15 02:00:00
344,83,5,2027-11-15 03:00:00
628,74,3,2027-11-15 04:00:00
136,311,4,2027-11-15 05:00:00
277,454,3,2027-11-15 06:00:00
989,26,4,2027-11-15 07:00:00
811,426,3,2027-11-15 08:00:00
533,377,4,2027-11-15 09:00:00
899,243,3,2027-11-15 10:00:00
31,323,4,2027-11-15 11:00:00
247,116,3,2027-11-15 12:00:00
411,323,3,2027-11-15 13:00:00
27,180,4,2027-11-15 14:00:00
73,262,5,2027-11-15 15:00:00
953,497,5,2027-11-15 16:00:00
97,114,2,2027-11-15 17:00:00
673,266,4,2027-11-15 18:00:00
346,38,4,2027-11-15 19:00:00
476,380,4,2027-11-15 20:00:00
300,77,5,2027-11-15 21:00:00
299,102,5,2027-11-15 22:00:00
287,12,3,2027-11-15 23:00:00
885,302,5,2027-11-16 00:00:00
449,49,2,2027-11-16 01:00:00
212,254,5,2027-11-16 02:00:00
76,347,5,2027-11-16 03:00:00
401,380,4,2027-11-16 04:00:00
34,72,4,2027-11-16 06:00:00
498,447,4,2027-11-16 07:00:00
848,197,5,2027-11-16 08:00:00
516,253,2,2027-11-16 09:00:00
328,484,5,2027-11-16 10:00:00
98,358,2,2027-11-16 11:00:00
366,299,4,2027-11-16 12:00:00
729,222,3,2027-11-16 13:00:00
463,60,3,2027-11-16 14:00:00
28,357,4,2027-11-16 15:00:00
713,157,1,2027-11-16 16:00:00
386,342,5,2027-11-16 17:00:00
273,462,3,2027-11-16 18:00:00
826,382,3,2027-11-16 19:00:00
127,202,5,2027-11-16 20:00:00
202,267,5,2027-11-16 21:00:00
521,35,4,2027-11-16 22:00:00
287,255,2,2027-11-16 23:00:00
450,23,5,2027-11-17 00:00:00
88,456,3,2027-11-17 01:00:00
318,405,5,2027-11-17 02:00:00
19,165,4,2027-11-17 03:00:00
593,28,5,2027-11-17 04:00:00
107,372,5,2027-11-17 05:00:00
458,351,4,2027-11-17 06:00:00
311,314,5,2027-11-17 07:00:00
412,53,4,2027-11-17 08:00:00
742,284,1,2027-11-17 09:00:00
624,298,3,2027-11-17 10:00:00
732,475,3,2027-11-17 11:00:00
635,488,5,2027-11-17 12:00:00
498,85,4,2027-11-17 13:00:00
244,457,4,2027-11-17 14:00:00
690,349,5,2027-11-17 15:00:00
577,124,4,2027-11-17 16:00:00
380,445,3,2027-11-17 17:00:00
515,207,1,2027-11-17 18:00:00
207,417,2,2027-11-17 19:00:00
948,439,1,2027-11-17 20:00:00
394,165,3,2027-11-17 21:00:00
21,47,4,2027-11-17 22:00:00
805,420,2,2027-11-17 23:00:00
527,371,2,2027-11-18 00:00:00
343,156,5,2027-11-18 01:00:00
718,266,5,2027-11-18 02:00:00
975,279,4,2027-11-18 03:00:00
202,476,2,2027-11-18 04:00:00
120,482,5,2027-11-18 05:00:00
649,5,4,2027-11-18 06:00:00
812,82,2,2027-11-18 07:00:00
807,119,4,2027-11-18 08:00:00
389,262,1,2027-11-18 09:00:00
537,125,5,2027-11-18 10:00:00
824,426,5,2027-11-18 11:00:00
234,303,3,2027-11-18 12:00:00
633,215,4,2027-11-18 13:00:00
602,28,3,2027-11-18 14:00:00
320,489,5,2027-11-18 15:00:00
712,269,3,2027-11-18 16:00:00
982,498,1,2027-11-18 17:00:00
180,25,3,2027-11-18 18:00:00
857,7,3,2027-11-18 19:00:00
368,194,5,2027-11-18 20:00:00
76,80,5,2027-11-18 21:00:00
649,442,3,2027-11-18 22:00:00
650,322,1,2027-11-18 23:00:00
496,36,4,2027-11-19 00:00:00
522,258,5,2027-11-19 01:00:00
201,113,3,2027-11-19 02:00:00
830,294,4,2027-11-19 03:00:00
346,202,2,2027-11-19 04:00:00
483,14,3,2027-11-19 05:00:00
219,155,5,2027-11-19 06:00:00
60,399,4,2027-11-19 07:00:00
991,85,4,2027-11-19 08:00:00
659,140,5,2027-11-19 09:00:00
619,371,5,2027-11-19 10:00:00
550,427,2,2027-11-19 11:00:00
646,97,4,2027-11-19 12:00:00
911,185,5,2027-11-19 13:00:00
221,488,4,2027-11-19 14:00:00
815,342,4,2027-11-19 15:00:00
941,358,3,2027-11-19 16:00:00
502,492,1,2027-11-19 17:00:00
133,500,2,2027-11-19 18:00:00
846,432,4,2027-11-19 19:00:00
53,189,3,2027-11-19 20:00:00
450,82,5,2027-11-19 21:00:00
62,300,4,2027-11-19 22:00:00
23,180,4,2027-11-19 23:00:00
44,446,4,2027-11-20 00:00:00
820,386,4,2027-11-20 01:00:00
659,455,5,2027-11-20 03:00:00
728,415,3,2027-11-20 04:00:00
852,105,2,2027-11-20 05:00:00
47,381,5,2027-11-20 06:00:00
859,210,4,2027-11-20 07:00:00
820,329,5,2027-11-20 08:00:00
24,249,5,2027-11-20 09:00:00
657,72,4,2027-11-20 10:00:00
89,161,4,2027-11-20 11:00:00
174,133,5,2027-11-20 12:00:00
576,240,5,2027-11-20 13:00:00
119,78,5,2027-11-20 14:00:00
735,58,4,2027-11-20 15:00:00
668,461,5,2027-11-20 16:00:00
178,125,5,2027-11-20 17:00:00
832,11,5,2027-11-20 18:00:00
924,468,2,2027-11-20 19:00:00
342,407,4,2027-11-20 20:00:00
568,429,3,2027-11-20 21:00:00
59,27,4,2027-11-20 22:00:00
901,207,4,2027-11-20 23:00:00
438,222,2,2027-11-21 00:00:00
428,312,4,2027-11-21 01:00:00
426,382,4,2027-11-21 02:00:00
968,250,5,2027-11-21 03:00:00
381,315,4,2027-11-21 04:00:00
486,208,4,2027-11-21 05:00:00
732,109,5,2027-11-21 06:00:00
185,296,4,2027-11-21 07:00:00
559,402,5,2027-11-21 08:00:00
460,435,3,2027-11-21 09:00:00
889,61,4,2027-11-21 10:00:00
921,122,2,2027-11-21 11:00:00
102,239,5,2027-11-21 12:00:00
556,106,5,2027-11-21 13:00:00
15,279,5,2027-11-21 14:00:00
748,36,2,2027-11-21 15:00:00
873,38,5,2027-11-21 16:00:00
51,72,5,2027-11-21 17:00:00
309,56,3,2027-11-21 18:00:00
34,167,4,2027-11-21 19:00:00
636,221,5,2027-11-21 20:00:00
589,76,4,2027-11-21 21:00:00
904,210,4,2027-11-21 22:00:00
635,498,4,2027-11-21 23:00:00
205,211,4,2027-11-22 00:00:00
740,228,4,2027-11-22 01:00:00
70,225,4,2027-11-22 02:00:00
230,453,4,2027-11-22 03:00:00
480,254,5,2027-11-22 04:00:00
533,487,5,2027-11-22 05:00:00
108,156,5,2027-11-22 06:00:00
876,474,4,2027-11-22 07:00:00
241,363,5,2027-11-22 08:00:00
251,149,3,2027-11-22 09:00:00
135,318,4,2027-11-22 10:00:00
90,279,4,2027-11-22 11:00:00
591,405,3,2027-11-22 12:00:00
440,459,4,2027-11-22 13:00:00
689,490,5,2027-11-22 14:00:00
298,376,5,2027-11-22 15:00:00
407,231,3,2027-11-22 16:00:00
308,400,4,2027-11-22 17:00:00
102,190,4,2027-11-22 18:00:00
361,225,4,2027-11-22 19:00:00
847,475,5,2027-11-22 20:00:00
624,65,4,2027-11-22 21:00:00
693,108,5,2027-11-22 22:00:00
616,80,4,2027-11-22 23:00:00
528,133,2,2027-11-23 00:00:00
608,174,4,2027-11-23 01:00:00
293,64,4,2027-11-23 02:00:00
146,210,5,2027-11-23 03:00:00
404,297,1,2027-11-23 04:00:00
814,98,3,2027-11-23 05:00:00
2,172,5,2027-11-23 06:00:00
119,89,3,2027-11-23 07:00:00
855,362,5,2027-11-23 08:00:00
606,226,4,2027-11-23 09:00:00
191,143,1,2027-11-23 10:00:00
3,196,4,2027-11-23 11:00:00
942,179,4,2027-11-23 12:00:00
487,54,3,2027-11-23 13:00:00
623,196,1,2027-11-23 14:00:00
177,217,2,2027-11-23 15:00:00
257,489,2,2027-11-23 16:00:00
873,333,4,2027-11-23 17:00:00
534,298,5,2027-11-23 18:00:00
477,430,3,2027-11-23 19:00:00
398,25,4,2027-11-23 20:00:00
496,67,5,2027-11-23 21:00:00
220,163,4,2027-11-23 22:00:00
981,500,5,2027-11-23 23:00:00
173,112,3,2027-11-24 00:00:00
736,329,1,2027-11-24 01:00:00
390,206,3,2027-11-24 02:00:00
502,406,5,2027-11-24 03:00:00
577,368,4,2027-11-24 04:00:00
789,137,5,2027-11-24 05:00:00
761,408,4,2027-11-24 06:00:00
260,279,4,2027-11-24 07:00:00
131,445,5,2027-11-24 08:00:00
113,165,2,2027-11-24 09:00:00
798,429,5,2027-11-24 10:00:00
799,271,3,2027-11-24 11:00:00
930,441,2,2027-11-24 12:00:00
723,228,2,2027-11-24 13:00:00
20,127,5,2027-11-24 14:00:00
215,270,4,2027-11-24 15:00:00
310,308,2,2027-11-24 16:00:00
251,248,3,2027-11-24 17:00:00
488,340,3,2027-11-24 18:00:00
382,487,1,2027-11-24 19:00:00
409,36,2,2027-11-24 20:00:00
271,155,5,2027-11-24 21:00:00
934,145,5,2027-11-24 22:00:00
407,474,5,2027-11-24 23:00:00
692,425,1,2027-11-25 00:00:00
194,260,5,2027-11-25 01:00:00
441,387,3,2027-11-25 02:00:00
313,19,3,2027-11-25 03:00:00
79,425,2,2027-11-25 04:00:00
180,424,5,2027-11-25 05:00:00
675,58,5,2027-11-25 06:00:00
714,423,5,2027-11-25 07:00:00
14,263,2,2027-11-25 08:00:00
859,36,5,2027-11-25 09:00:00
246,211,4,2027-11-25 10:00:00
14,332,2,2027-11-25 11:00:00
99,148,3,2027-11-25 12:00:00
33,102,4,2027-11-25 13:00:00
436,76,5,2027-11-25 14:00:00
257,413,5,2027-11-25 15:00:00
34,478,4,2027-11-25 16:00:00
19,468,4,2027-11-25 17:00:00
664,68,4,2027-11-25 18:00:00
260,66,5,2027-11-25 19:00:00
676,303,2,2027-11-25 20:00:00
589,222,5,2027-11-25 21:00:00
826,151,3,2027-11-25 22:00:00
416,390,3,2027-11-25 23:00:00
137,274,1,2027-11-26 00:00:00
359,437,4,2027-11-26 01:00:00
720,278,2,2027-11-26 02:00:00
754,485,5,2027-11-26 03:00:00
579,68,4,2027-11-26 04:00:00
116,235,5,2027-11-26 05:00:00
404,203,3,2027-11-26 06:00:00
202,233,4,2027-11-26 07:00:00
376,163,5,2027-11-26 08:00:00
250,459,3,2027-11-26 09:00:00
446,98,2,2027-11-26 10:00:00
954,9,4,2027-11-26 11:00:00
278,415,3,2027-11-26 12:00:00
112,249,3,2027-11-26 13:00:00
963,490,5,2027-11-26 14:00:00
843,480,5,2027-11-26 15:00:00
473,427,4,2027-11-26 16:00:00
746,227,1,2027-11-26 17:00:00
688,241,2,2027-11-26 18:00:00
392,75,3,2027-11-26 19:00:00
969,17,4,2027-11-26 20:00:00
143,51,4,2027-11-26 21:00:00
32,228,1,2027-11-26 22:00:00
579,280,4,2027-11-27 00:00:00
516,238,1,2027-11-27 01:00:00
798,381,5,2027-11-27 02:00:00
269,271,1,2027-11-27 03:00:00
236,412,5,2027-11-27 04:00:00
277,387,5,2027-11-27 05:00:00
553,157,5,2027-11-27 06:00:00
633,254,3,2027-11-27 07:00:00
275,308,2,2027-11-27 08:00:00
743,310,2,2027-11-27 09:00:00
816,314,1,2027-11-27 10:00:00
86,301,5,2027-11-27 11:00:00
63,118,5,2027-11-27 12:00:00
404,333,5,2027-11-27 13:00:00
192,50,3,2027-11-27 14:00:00
293,278,5,2027-11-27 15:00:00
31,52,2,2027-11-27 16:00:00
330,181,5,2027-11-27 17:00:00
658,31,1,2027-11-27 18:00:00
107,327,5,2027-11-27 19:00:00
871,496,3,2027-11-27 20:00:00
622,432,2,2027-11-27 21:00:00
276,246,5,2027-11-27 22:00:00
722,90,5,2027-11-27 23:00:00
651,31,5,2027-11-28 00:00:00
598,102,3,2027-11-28 01:00:00
556,230,3,2027-11-28 02:00:00
82,388,2,2027-11-28 03:00:00
64,419,5,2027-11-28 04:00:00
890,97,2,2027-11-28 05:00:00
930,67,5,2027-11-28 06:00:00
855,192,4,2027-11-28 07:00:00
833,211,4,2027-11-28 08:00:00
567,137,5,2027-11-28 09:00:00
586,430,4,2027-11-28 10:00:00
885,339,3,2027-11-28 11:00:00
129,184,3,2027-11-28 12:00:00
256,56,2,2027-11-28 13:00:00
934,467,4,2027-11-28 14:00:00
231,250,2,2027-11-28 15:00:00
497,282,4,2027-11-28 16:00:00
137,60,2,2027-11-28 17:00:00
863,128,5,2027-11-28 18:00:00
455,205,5,2027-11-28 19:00:00
913,214,5,2027-11-28 20:00:00
355,127,2,2027-11-28 21:00:00
624,496,5,2027-11-28 22:00:00
485,72,5,2027-11-28 23:00:00
820,216,1,2027-11-29 00:00:00
146,90,5,2027-11-29 01:00:00
959,432,3,2027-11-29 02:00:00
33,314,3,2027-11-29 03:00:00
260,233,4,2027-11-29 04:00:00
87,233,1,2027-11-29 05:00:00
948,376,3,2027-11-29 07:00:00
265,247,4,2027-11-29 08:00:00
832,442,4,2027-11-29 09:00:00
542,387,5,2027-11-29 10:00:00
392,135,3,2027-11-29 11:00:00
232,436,5,2027-11-29 12:00:00
901,370,2,2027-11-29 13:00:00
588,446,5,2027-11-29 14:00:00
447,2,5,2027-11-29 15:00:00
129,161,2,2027-11-29 16:00:00
271,140,2,2027-11-29 17:00:00
89,304,4,2027-11-29 18:00:00
466,460,1,2027-11-29 19:00:00
934,309,2,2027-11-29 20:00:00
170,202,2,2027-11-29 21:00:00
128,125,4,2027-11-29 22:00:00
174,425,3,2027-11-29 23:00:00
949,373,4,2027-11-30 00:00:00
26,347,4,2027-11-30 01:00:00
573,82,5,2027-11-30 02:00:00
511,442,5,2027-11-30 03:00:00
488,324,4,2027-11-30 04:00:00
891,488,3,2027-11-30 05:00:00
579,407,3,2027-11-30 06:00:00
950,469,4,2027-11-30 07:00:00
406,164,5,2027-11-30 08:00:00
26,350,5,2027-11-30 09:00:00
83,240,3,2027-11-30 10:00:00
364,213,5,2027-11-30 11:00:00
367,471,5,2027-11-30 12:00:00
60,149,2,2027-11-30 13:00:00
551,72,5,2027-11-30 14:00:00
635,103,3,2027-11-30 15:00:00
292,183,4,2027-11-30 16:00:00
789,184,3,2027-11-30 17:00:00
937,13,2,2027-11-30 18:00:00
886,380,5,2027-11-30 19:00:00
816,232,5,2027-11-30 20:00:00
794,150,3,2027-11-30 21:00:00
191,263,3,2027-11-30 22:00:00
461,24,4,2027-11-30 23:00:00
804,189,5,2027-12-01 00:00:00
664,133,1,2027-12-01 01:00:00
896,50,5,2027-12-01 02:00:00
233,446,5,2027-12-01 03:00:00
474,183,4,2027-12-01 04:00:00
405,26,1,2027-12-01 05:00:00
658,499,3,2027-12-01 06:00:00
271,138,2,2027-12-01 07:00:00
847,11,3,2027-12-01 08:00:00
134,296,5,2027-12-01 09:00:00
171,102,1,2027-12-01 10:00:00
415,11,3,2027-12-01 11:00:00
28,112,4,2027-12-01 12:00:00
136,94,5,2027-12-01 13:00:00
925,260,3,2027-12-01 14:00:00
405,258,5,2027-12-01 15:00:00
977,461,4,2027-12-01 16:00:00
888,167,4,2027-12-01 17:00:00
505,209,5,2027-12-01 18:00:00
241,407,1,2027-12-01 19:00:00
856,45,4,2027-12-01 20:00:00
954,330,5,2027-12-01 21:00:00
444,205,5,2027-12-01 22:00:00
434,426,2,2027-12-01 23:00:00
228,359,3,2027-12-02 00:00:00
509,42,1,2027-12-02 01:00:00
799,285,5,2027-12-02 02:00:00
303,400,5,2027-12-02 03:00:00
34,451,4,2027-12-02 04:00:00
2,100,1,2027-12-02 05:00:00
362,444,2,2027-12-02 06:00:00
195,388,4,2027-12-02 07:00:00
606,356,5,2027-12-02 08:00:00
840,272,5,2027-12-02 09:00:00
308,425,5,2027-12-02 10:00:00
716,42,5,2027-12-02 12:00:00
147,441,3,2027-12-02 14:00:00
346,412,5,2027-12-02 15:00:00
348,356,4,2027-12-02 16:00:00
254,407,4,2027-12-02 17:00:00
399,253,5,2027-12-02 18:00:00
334,76,3,2027-12-02 19:00:00
176,42,5,2027-12-02 20:00:00
125,351,4,2027-12-02 21:00:00
763,268,5,2027-12-02 22:00:00
398,380,2,2027-12-02 23:00:00
131,480,5,2027-12-03 00:00:00
562,217,1,2027-12-03 01:00:00
605,64,3,2027-12-03 02:00:00
892,442,3,2027-12-03 03:00:00
822,179,4,2027-12-03 04:00:00
902,29,5,2027-12-03 05:00:00
945,275,1,2027-12-03 06:00:00
407,470,2,2027-12-03 07:00:00
732,216,3,2027-12-03 08:00:00
846,353,4,2027-12-03 09:00:00
334,484,1,2027-12-03 10:00:00
20,301,5,2027-12-03 11:00:00
205,488,4,2027-12-03 12:00:00
603,54,5,2027-12-03 13:00:00
956,366,5,2027-12-03 14:00:00
355,80,4,2027-12-03 15:00:00
173,194,5,2027-12-03 16:00:00
189,200,5,2027-12-03 17:00:00
824,13,2,2027-12-03 18:00:00
2,222,5,2027-12-03 19:00:00
873,193,4,2027-12-03 20:00:00
941,396,3,2027-12-03 21:00:00
168,369,4,2027-12-03 22:00:00
368,327,3,2027-12-03 23:00:00
536,240,4,2027-12-04 00:00:00
925,270,5,2027-12-04 01:00:00
963,298,1,2027-12-04 02:00:00
877,99,2,2027-12-04 03:00:00
580,220,5,2027-12-04 04:00:00
370,332,4,2027-12-04 05:00:00
706,104,3,2027-12-04 06:00:00
596,432,5,2027-12-04 07:00:00
950,377,5,2027-12-04 08:00:00
437,408,1,2027-12-04 09:00:00
207,65,3,2027-12-04 10:00:00
49,145,5,2027-12-04 11:00:00
544,38,2,2027-12-04 12:00:00
829,28,4,2027-12-04 13:00:00
682,289,3,2027-12-04 14:00:00
129,408,5,2027-12-04 15:00:00
447,367,2,2027-12-04 16:00:00
614,237,4,2027-12-04 17:00:00
35,126,1,2027-12-04 18:00:00
819,384,3,2027-12-04 19:00:00
199,326,2,2027-12-04 20:00:00
813,85,3,2027-12-04 21:00:00
77,237,5,2027-12-04 22:00:00
369,246,5,2027-12-04 23:00:00
833,388,5,2027-12-05 00:00:00
526,417,4,2027-12-05 01:00:00
349,375,3,2027-12-05 02:00:00
506,266,3,2027-12-05 03:00:00
643,249,3,2027-12-05 04:00:00
238,292,5,2027-12-05 05:00:00
280,205,3,2027-12-05 06:00:00
577,228,5,2027-12-05 07:00:00
432,240,5,2027-12-05 08:00:00
138,73,5,2027-12-05 09:00:00
269,159,4,2027-12-05 10:00:00
740,388,4,2027-12-05 11:00:00
201,378,3,2027-12-05 12:00:00
142,212,4,2027-12-05 13:00:00
612,136,5,2027-12-05 14:00:00
650,283,1,2027-12-05 15:00:00
680,164,3,2027-12-05 16:00:00
919,137,3,2027-12-05 17:00:00
611,171,5,2027-12-05 18:00:00
823,152,2,2027-12-05 19:00:00
831,165,5,2027-12-05 20:00:00
839,297,3,2027-12-05 21:00:00
938,104,5,2027-12-05 22:00:00
355,222,4,2027-12-05 23:00:00
578,282,3,2027-12-06 00:00:00
847,388,5,2027-12-06 01:00:00
329,372,5,2027-12-06 02:00:00
559,129,4,2027-12-06 03:00:00
849,404,5,2027-12-06 04:00:00
894,220,2,2027-12-06 05:00:00
231,173,5,2027-12-06 06:00:00
308,472,2,2027-12-06 07:00:00
658,348,3,2027-12-06 08:00:00
719,476,3,2027-12-06 09:00:00
146,453,2,2027-12-06 10:00:00
152,96,4,2027-12-06 11:00:00
791,52,4,2027-12-06 12:00:00
140,94,4,2027-12-06 13:00:00
663,64,1,2027-12-06 14:00:00
21,21,3,2027-12-06 15:00:00
254,106,5,2027-12-06 16:00:00
64,336,5,2027-12-06 17:00:00
218,200,3,2027-12-06 18:00:00
72,332,4,2027-12-06 19:00:00
990,352,2,2027-12-06 20:00:00
162,281,5,2027-12-06 21:00:00
130,451,5,2027-12-06 22:00:00
581,282,3,2027-12-06 23:00:00
927,100,5,2027-12-07 00:00:00
225,337,3,2027-12-07 01:00:00
758,27,1,2027-12-07 02:00:00
580,245,4,2027-12-07 03:00:00
454,436,4,2027-12-07 04:00:00
983,63,5,2027-12-07 05:00:00
915,342,5,2027-12-07 06:00:00
384,374,5,2027-12-07 07:00:00
107,429,4,2027-12-07 08:00:00
621,442,4,2027-12-07 09:00:00
840,38,4,2027-12-07 10:00:00
103,419,3,2027-12-07 11:00:00
141,302,4,2027-12-07 12:00:00
577,127,5,2027-12-07 13:00:00
134,71,2,2027-12-07 14:00:00
199,387,5,2027-12-07 15:00:00
880,134,4,2027-12-07 16:00:00
510,253,5,2027-12-07 17:00:00
667,13,5,2027-12-07 18:00:00
79,174,4,2027-12-07 19:00:00
948,463,1,2027-12-07 20:00:00
894,90,5,2027-12-07 21:00:00
482,368,5,2027-12-07 22:00:00
512,289,2,2027-12-07 23:00:00
250,207,1,2027-12-08 00:00:00
889,62,2,2027-12-08 01:00:00
599,319,3,2027-12-08 02:00:00
816,312,5,2027-12-08 03:00:00
753,39,1,2027-12-08 04:00:00
600,60,5,2027-12-08 05:00:00
975,105,5,2027-12-08 06:00:00
483,239,5,2027-12-08 07:00:00
836,462,2,2027-12-08 08:00:00
172,127,4,2027-12-08 09:00:00
869,83,5,2027-12-08 10:00:00
17,220,2,2027-12-08 11:00:00
735,408,1,2027-12-08 12:00:00
294,434,5,2027-12-08 13:00:00
394,105,4,2027-12-08 14:00:00
822,417,4,2027-12-08 15:00:00
498,460,5,2027-12-08 16:00:00
219,74,5,2027-12-08 17:00:00
234,135,3,2027-12-08 18:00:00
390,430,4,2027-12-08 19:00:00
248,378,2,2027-12-08 20:00:00
902,62,3,2027-12-08 21:00:00
52,1,4,2027-12-08 22:00:00
15,79,3,2027-12-08 23:00:00
324,374,5,2027-12-09 00:00:00
441,65,1,2027-12-09 01:00:00
112,429,4,2027-12-09 02:00:00
696,468,5,2027-12-09 03:00:00
872,183,5,2027-12-09 04:00:00
7,66,4,2027-12-09 05:00:00
563,323,4,2027-12-09 06:00:00
826,356,5,2027-12-09 07:00:00
753,208,3,2027-12-09 08:00:00
245,54,5,2027-12-09 09:00:00
448,221,5,2027-12-09 10:00:00
365,236,2,2027-12-09 11:00:00
367,377,5,2027-12-09 12:00:00
922,100,5,2027-12-09 13:00:00
698,447,4,2027-12-09 14:00:00
287,438,3,2027-12-09 15:00:00
962,492,5,2027-12-09 16:00:00
604,103,1,2027-12-09 17:00:00
106,436,4,2027-12-09 18:00:00
13,182,5,2027-12-09 19:00:00
146,451,5,2027-12-09 20:00:00
478,421,3,2027-12-09 21:00:00
631,108,1,2027-12-09 22:00:00
715,12,5,2027-12-09 23:00:00
653,443,4,2027-12-10 00:00:00
115,404,2,2027-12-10 01:00:00
509,343,2,2027-12-10 02:00:00
152,86,4,2027-12-10 03:00:00
57,288,4,2027-12-10 04:00:00
382,327,5,2027-12-10 05:00:00
157,214,1,2027-12-10 06:00:00
952,44,5,2027-12-10 07:00:00
822,322,5,2027-12-10 08:00:00
133,78,4,2027-12-10 09:00:00
163,55,1,2027-12-10 10:00:00
275,272,5,2027-12-10 11:00:00
695,344,1,2027-12-10 12:00:00
77,71,4,2027-12-10 13:00:00
837,68,4,2027-12-10 14:00:00
44,180,5,2027-12-10 15:00:00
718,380,4,2027-12-10 16:00:00
550,421,4,2027-12-10 17:00:00
318,174,5,2027-12-10 18:00:00
534,169,5,2027-12-10 19:00:00
585,389,4,2027-12-10 20:00:00
753,450,4,2027-12-10 21:00:00
936,261,5,2027-12-10 22:00:00
154,447,5,2027-12-10 23:00:00
237,125,3,2027-12-11 00:00:00
893,131,4,2027-12-11 01:00:00
517,234,2,2027-12-11 02:00:00
221,392,4,2027-12-11 03:00:00
310,154,5,2027-12-11 04:00:00
598,330,2,2027-12-11 05:00:00
177,125,3,2027-12-11 06:00:00
771,354,4,2027-12-11 07:00:00
220,494,5,2027-12-11 08:00:00
38,379,5,2027-12-11 09:00:00
654,100,3,2027-12-11 10:00:00
431,53,3,2027-12-11 11:00:00
910,332,4,2027-12-11 12:00:00
747,468,4,2027-12-11 13:00:00
203,128,4,2027-12-11 14:00:00
841,413,4,2027-12-11 15:00:00
806,14,4,2027-12-11 16:00:00
448,496,4,2027-12-11 17:00:00
495,5,5,2027-12-11 18:00:00
684,250,5,2027-12-11 19:00:00
125,368,2,2027-12-11 20:00:00
838,27,4,2027-12-11 21:00:00
65,125,4,2027-12-11 22:00:00
793,452,3,2027-12-11 23:00:00
784,29,4,2027-12-12 00:00:00
244,3,4,2027-12-12 01:00:00
527,481,5,2027-12-12 02:00:00
226,414,2,2027-12-12 03:00:00
465,228,3,2027-12-12 04:00:00
643,137,1,2027-12-12 05:00:00
707,257,5,2027-12-12 06:00:00
293,240,5,2027-12-12 07:00:00
721,279,4,2027-12-12 08:00:00
951,323,4,2027-12-12 09:00:00
381,160,1,2027-12-12 10:00:00
625,472,4,2027-12-12 11:00:00
756,6,4,2027-12-12 12:00:00
166,461,1,2027-12-12 13:00:00
703,305,5,2027-12-12 14:00:00
769,143,3,2027-12-12 15:00:00
839,442,5,2027-12-12 16:00:00
218,181,4,2027-12-12 17:00:00
871,30,5,2027-12-12 18:00:00
275,460,3,2027-12-12 19:00:00
52,253,1,2027-12-12 20:00:00
374,40,5,2027-12-12 21:00:00
670,187,3,2027-12-12 22:00:00
363,319,4,2027-12-12 23:00:00
567,304,3,2027-12-13 00:00:00
14,227,4,2027-12-13 01:00:00
781,220,4,2027-12-13 02:00:00
340,380,5,2027-12-13 03:00:00
602,324,1,2027-12-13 04:00:00
539,391,5,2027-12-13 05:00:00
905,43,4,2027-12-13 07:00:00
41,144,4,2027-12-13 08:00:00
304,278,5,2027-12-13 09:00:00
268,319,5,2027-12-13 10:00:00
138,174,3,2027-12-13 11:00:00
6,247,5,2027-12-13 12:00:00
242,173,4,2027-12-13 13:00:00
162,41,5,2027-12-13 14:00:00
692,409,1,2027-12-13 15:00:00
809,50,3,2027-12-13 16:00:00
979,323,4,2027-12-13 17:00:00
518,180,5,2027-12-13 18:00:00
898,342,2,2027-12-13 19:00:00
783,159,3,2027-12-13 20:00:00
401,37,5,2027-12-13 21:00:00
784,406,1,2027-12-13 22:00:00
156,27,3,2027-12-13 23:00:00
85,376,5,2027-12-14 00:00:00
712,386,5,2027-12-14 01:00:00
10,256,5,2027-12-14 02:00:00
138,278,4,2027-12-14 03:00:00
754,249,2,2027-12-14 04:00:00
906,181,5,2027-12-14 05:00:00
713,17,2,2027-12-14 06:00:00
156,368,3,2027-12-14 07:00:00
408,125,1,2027-12-14 08:00:00
787,312,5,2027-12-14 09:00:00
225,212,4,2027-12-14 10:00:00
580,472,5,2027-12-14 11:00:00
184,237,2,2027-12-14 12:00:00
195,415,5,2027-12-14 13:00:00
554,500,4,2027-12-14 14:00:00
396,299,3,2027-12-14 15:00:00
914,200,4,2027-12-14 16:00:00
663,377,5,2027-12-14 17:00:00
596,181,4,2027-12-14 18:00:00
134,389,3,2027-12-14 19:00:00
309,130,5,2027-12-14 20:00:00
810,187,5,2027-12-14 22:00:00
962,388,5,2027-12-14 23:00:00
542,227,4,2027-12-15 00:00:00
9,162,1,2027-12-15 01:00:00
987,451,4,2027-12-15 02:00:00
170,112,4,2027-12-15 03:00:00
290,468,3,2027-12-15 04:00:00
344,134,3,2027-12-15 06:00:00
497,186,1,2027-12-15 07:00:00
145,175,3,2027-12-15 08:00:00
413,261,2,2027-12-15 09:00:00
740,317,5,2027-12-15 10:00:00
818,489,4,2027-12-15 11:00:00
588,312,5,2027-12-15 12:00:00
735,358,3,2027-12-15 13:00:00
689,419,5,2027-12-15 14:00:00
457,375,4,2027-12-15 15:00:00
701,479,4,2027-12-15 16:00:00
979,269,4,2027-12-15 17:00:00
302,282,5,2027-12-15 18:00:00
46,470,1,2027-12-15 19:00:00
894,224,2,2027-12-15 20:00:00
17,252,2,2027-12-15 21:00:00
578,64,3,2027-12-15 22:00:00
360,463,4,2027-12-15 23:00:00
261,395,4,2027-12-16 00:00:00
123,318,5,2027-12-16 01:00:00
231,464,3,2027-12-16 02:00:00
950,431,4,2027-12-16 03:00:00
637,124,2,2027-12-16 04:00:00
112,70,1,2027-12-16 05:00:00
784,238,4,2027-12-16 06:00:00
593,75,5,2027-12-16 07:00:00
246,442,4,2027-12-16 08:00:00
859,500,3,2027-12-16 09:00:00
391,10,5,2027-12-16 10:00:00
392,400,5,2027-12-16 11:00:00
328,268,4,2027-12-16 12:00:00
215,455,5,2027-12-16 13:00:00
864,487,3,2027-12-16 14:00:00
747,475,4,2027-12-16 15:00:00
367,88,5,2027-12-16 16:00:00
82,50,4,2027-12-16 17:00:00
806,143,4,2027-12-16 18:00:00
822,59,1,2027-12-16 19:00:00
76,454,3,2027-12-16 20:00:00
527,318,2,2027-12-16 21:00:00
732,211,4,2027-12-16 22:00:00
503,72,3,2027-12-16 23:00:00
742,244,1,2027-12-17 00:00:00
946,239,4,2027-12-17 01:00:00
952,190,4,2027-12-17 02:00:00
479,484,5,2027-12-17 03:00:00
372,50,5,2027-12-17 04:00:00
265,205,4,2027-12-17 05:00:00
264,54,3,2027-12-17 06:00:00
110,310,4,2027-12-17 07:00:00
915,481,1,2027-12-17 08:00:00
307,224,4,2027-12-17 09:00:00
200,156,4,2027-12-17 10:00:00
226,360,4,2027-12-17 11:00:00
185,51,3,2027-12-17 12:00:00
964,241,2,2027-12-17 13:00:00
31,330,4,2027-12-17 14:00:00
614,161,3,2027-12-17 15:00:00
771,129,5,2027-12-17 16:00:00
99,85,5,2027-12-17 17:00:00
339,69,4,2027-12-17 18:00:00
811,385,5,2027-12-17 19:00:00
797,373,5,2027-12-17 20:00:00
266,55,3,2027-12-17 21:00:00
652,85,4,2027-12-17 22:00:00
814,345,3,2027-12-17 23:00:00
798,468,4,2027-12-18 00:00:00
350,429,1,2027-12-18 01:00:00
978,329,5,2027-12-18 02:00:00
728,80,4,2027-12-18 03:00:00
544,220,1,2027-12-18 04:00:00
457,424,5,2027-12-18 05:00:00
815,110,5,2027-12-18 06:00:00
88,253,5,2027-12-18 07:00:00
63,497,5,2027-12-18 08:00:00
922,317,4,2027-12-18 09:00:00
387,164,3,2027-12-18 10:00:00
791,103,2,2027-12-18 11:00:00
459,113,3,2027-12-18 12:00:00
586,252,3,2027-12-18 13:00:00
818,152,3,2027-12-18 14:00:00
932,336,4,2027-12-18 15:00:00
636,398,3,2027-12-18 16:00:00
269,368,2,2027-12-18 17:00:00
894,251,5,2027-12-18 18:00:00
797,354,1,2027-12-18 19:00:00
934,88,2,2027-12-18 20:00:00
973,495,4,2027-12-18 21:00:00
633,459,2,2027-12-18 22:00:00
346,493,5,2027-12-18 23:00:00
724,100,4,2027-12-19 00:00:00
901,120,4,2027-12-19 01:00:00
660,385,2,2027-12-19 02:00:00
78,303,3,2027-12-19 03:00:00
365,204,4,2027-12-19 04:00:00
14,149,5,2027-12-19 05:00:00
136,201,4,2027-12-19 06:00:00
304,295,4,2027-12-19 07:00:00
397,3,2,2027-12-19 08:00:00
792,400,4,2027-12-19 09:00:00
79,68,3,2027-12-19 10:00:00
755,154,2,2027-12-19 11:00:00
705,494,4,2027-12-19 12:00:00
982,182,3,2027-12-19 13:00:00
418,13,5,2027-12-19 14:00:00
242,189,5,2027-12-19 15:00:00
51,20,3,2027-12-19 16:00:00
744,339,3,2027-12-19 17:00:00
771,283,2,2027-12-19 18:00:00
384,386,3,2027-12-19 19:00:00
375,10,4,2027-12-19 20:00:00
730,188,3,2027-12-19 21:00:00
206,345,4,2027-12-19 22:00:00
826,19,4,2027-12-19 23:00:00
489,143,2,2027-12-20 00:00:00
381,103,4,2027-12-20 01:00:00
968,303,5,2027-12-20 02:00:00
881,241,1,2027-12-20 03:00:00
375,272,4,2027-12-20 05:00:00
632,337,5,2027-12-20 06:00:00
592,188,3,2027-12-20 07:00:00
42,464,5,2027-12-20 08:00:00
522,177,4,2027-12-20 10:00:00
825,388,5,2027-12-20 11:00:00
153,194,5,2027-12-20 12:00:00
312,177,5,2027-12-20 13:00:00
294,369,5,2027-12-20 14:00:00
598,415,3,2027-12-20 15:00:00
113,66,2,2027-12-20 16:00:00
701,310,4,2027-12-20 17:00:00
112,2,1,2027-12-20 18:00:00
175,317,4,2027-12-20 19:00:00
822,271,3,2027-12-20 20:00:00
302,60,4,2027-12-20 21:00:00
964,368,4,2027-12-20 22:00:00
516,43,4,2027-12-20 23:00:00
734,93,3,2027-12-21 00:00:00
962,226,5,2027-12-21 01:00:00
221,424,5,2027-12-21 02:00:00
171,480,4,2027-12-21 03:00:00
318,469,4,2027-12-21 04:00:00
996,286,4,2027-12-21 05:00:00
213,63,3,2027-12-21 06:00:00
253,280,2,2027-12-21 07:00:00
124,428,5,2027-12-21 08:00:00
640,14,3,2027-12-21 09:00:00
213,28,4,2027-12-21 10:00:00
624,142,3,2027-12-21 11:00:00
85,440,5,2027-12-21 12:00:00
516,108,2,2027-12-21 13:00:00
65,290,4,2027-12-21 14:00:00
318,78,5,2027-12-21 15:00:00
346,247,4,2027-12-21 16:00:00
632,473,4,2027-12-21 17:00:00
243,12,4,2027-12-21 18:00:00
898,184,4,2027-12-21 19:00:00
137,317,1,2027-12-21 20:00:00
247,361,3,2027-12-21 21:00:00
441,445,5,2027-12-21 22:00:00
45,296,5,2027-12-21 23:00:00
658,404,4,2027-12-22 00:00:00
880,240,5,2027-12-22 01:00:00
688,426,4,2027-12-22 02:00:00
554,263,5,2027-12-22 03:00:00
809,335,5,2027-12-22 04:00:00
971,377,4,2027-12-22 05:00:00
89,73,2,2027-12-22 06:00:00
730,68,3,2027-12-22 07:00:00
954,287,3,2027-12-22 08:00:00
228,471,5,2027-12-22 09:00:00
810,326,4,2027-12-22 10:00:00
291,220,4,2027-12-22 11:00:00
422,460,5,2027-12-22 12:00:00
67,47,5,2027-12-22 13:00:00
251,435,5,2027-12-22 14:00:00
41,58,2,2027-12-22 15:00:00
99,406,1,2027-12-22 16:00:00
306,24,2,2027-12-22 17:00:00
872,290,5,2027-12-22 18:00:00
456,444,2,2027-12-22 20:00:00
591,403,5,2027-12-22 21:00:00
301,24,2,2027-12-22 22:00:00
199,64,4,2027-12-22 23:00:00
659,255,5,2027-12-23 00:00:00
488,148,4,2027-12-23 01:00:00
106,116,5,2027-12-23 02:00:00
401,98,4,2027-12-23 03:00:00
705,239,3,2027-12-23 04:00:00
477,283,3,2027-12-23 05:00:00
122,442,4,2027-12-23 06:00:00
77,300,5,2027-12-23 07:00:00
312,93,5,2027-12-23 08:00:00
112,65,5,2027-12-23 09:00:00
861,375,4,2027-12-23 10:00:00
809,174,4,2027-12-23 11:00:00
682,484,4,2027-12-23 12:00:00
518,310,4,2027-12-23 13:00:00
197,376,2,2027-12-23 14:00:00
98,235,1,2027-12-23 15:00:00
459,167,4,2027-12-23 16:00:00
841,237,2,2027-12-23 17:00:00
230,494,5,2027-12-23 18:00:00
168,7,5,2027-12-23 19:00:00
809,310,4,2027-12-23 20:00:00
777,43,1,2027-12-23 21:00:00
8,276,4,2027-12-23 22:00:00
172,340,4,2027-12-23 23:00:00
954,153,4,2027-12-24 00:00:00
360,43,4,2027-12-24 01:00:00
195,213,5,2027-12-24 02:00:00
269,201,5,2027-12-24 03:00:00
19,383,4,2027-12-24 04:00:00
354,155,3,2027-12-24 05:00:00
864,220,4,2027-12-24 06:00:00
49,153,5,2027-12-24 07:00:00
464,36,5,2027-12-24 08:00:00
356,226,1,2027-12-24 09:00:00
850,322,5,2027-12-24 10:00:00
974,121,2,2027-12-24 11:00:00
158,9,4,2027-12-24 12:00:00
66,339,5,2027-12-24 13:00:00
973,335,4,2027-12-24 14:00:00
859,181,4,2027-12-24 15:00:00
571,21,3,2027-12-24 16:00:00
821,434,3,2027-12-24 17:00:00
308,272,5,2027-12-24 18:00:00
337,194,5,2027-12-24 19:00:00
671,26,5,2027-12-24 20:00:00
783,428,3,2027-12-24 21:00:00
121,285,5,2027-12-24 22:00:00
766,481,1,2027-12-24 23:00:00
404,98,3,2027-12-25 00:00:00
773,430,4,2027-12-25 01:00:00
647,219,4,2027-12-25 02:00:00
786,327,2,2027-12-25 03:00:00
568,433,1,2027-12-25 04:00:00
843,399,4,2027-12-25 05:00:00
96,273,3,2027-12-25 06:00:00
114,393,1,2027-12-25 07:00:00
987,461,4,2027-12-25 08:00:00
986,288,3,2027-12-25 09:00:00
869,66,4,2027-12-25 10:00:00
429,315,5,2027-12-25 11:00:00
540,416,3,2027-12-25 12:00:00
818,111,5,2027-12-25 13:00:00
2,212,2,2027-12-25 14:00:00
212,171,2,2027-12-25 15:00:00
580,339,5,2027-12-25 16:00:00
640,366,5,2027-12-25 17:00:00
333,475,4,2027-12-25 18:00:00
24,484,3,2027-12-25 19:00:00
765,59,5,2027-12-25 20:00:00
368,30,5,2027-12-25 21:00:00
742,267,5,2027-12-25 22:00:00
506,464,4,2027-12-25 23:00:00
1000,375,5,2027-12-26 00:00:00
176,154,5,2027-12-26 01:00:00
429,350,5,2027-12-26 02:00:00
887,2,5,2027-12-26 03:00:00
733,418,5,2027-12-26 04:00:00
442,169,4,2027-12-26 05:00:00
548,214,3,2027-12-26 06:00:00
514,251,4,2027-12-26 07:00:00
895,31,5,2027-12-26 08:00:00
361,319,3,2027-12-26 09:00:00
274,183,1,2027-12-26 10:00:00
177,373,3,2027-12-26 11:00:00
264,189,5,2027-12-26 12:00:00
186,213,5,2027-12-26 13:00:00
527,127,2,2027-12-26 14:00:00
913,292,1,2027-12-26 15:00:00
279,296,4,2027-12-26 16:00:00
706,23,4,2027-12-26 17:00:00
198,410,2,2027-12-26 18:00:00
349,18,5,2027-12-26 19:00:00
923,79,4,2027-12-26 20:00:00
421,34,4,2027-12-26 21:00:00
305,470,5,2027-12-26 22:00:00
64,412,3,2027-12-26 23:00:00
290,107,4,2027-12-27 00:00:00
18,305,4,2027-12-27 01:00:00
64,448,5,2027-12-27 02:00:00
874,199,2,2027-12-27 03:00:00
330,191,5,2027-12-27 04:00:00
870,232,4,2027-12-27 05:00:00
763,62,5,2027-12-27 06:00:00
940,42,5,2027-12-27 07:00:00
17,24,1,2027-12-27 08:00:00
443,163,3,2027-12-27 09:00:00
141,461,2,2027-12-27 10:00:00
308,183,4,2027-12-27 11:00:00
444,433,5,2027-12-27 12:00:00
496,333,1,2027-12-27 13:00:00
426,95,4,2027-12-27 14:00:00
475,443,5,2027-12-27 15:00:00
832,83,5,2027-12-27 16:00:00
245,93,4,2027-12-27 17:00:00
450,278,5,2027-12-27 18:00:00
802,105,3,2027-12-27 19:00:00
351,85,3,2027-12-27 20:00:00
599,61,1,2027-12-27 21:00:00
711,208,4,2027-12-27 22:00:00
870,158,4,2027-12-27 23:00:00
960,69,3,2027-12-28 00:00:00
161,489,2,2027-12-28 01:00:00
140,444,3,2027-12-28 02:00:00
493,489,3,2027-12-28 03:00:00
588,262,5,2027-12-28 04:00:00
531,341,5,2027-12-28 05:00:00
393,234,1,2027-12-28 06:00:00
842,370,2,2027-12-28 07:00:00
401,139,5,2027-12-28 08:00:00
50,280,1,2027-12-28 09:00:00
744,476,5,2027-12-28 10:00:00
295,335,3,2027-12-28 11:00:00
425,231,4,2027-12-28 12:00:00
906,366,5,2027-12-28 13:00:00
12,360,3,2027-12-28 14:00:00
335,51,2,2027-12-28 15:00:00
991,239,5,2027-12-28 16:00:00
15,19,5,2027-12-28 17:00:00
28,178,4,2027-12-28 18:00:00
388,209,5,2027-12-28 19:00:00
292,387,5,2027-12-28 20:00:00
887,131,3,2027-12-28 21:00:00
833,231,3,2027-12-28 22:00:00
250,384,3,2027-12-28 23:00:00
505,92,1,2027-12-29 00:00:00
98,31,5,2027-12-29 01:00:00
815,362,2,2027-12-29 02:00:00
337,249,2,2027-12-29 03:00:00
39,124,3,2027-12-29 04:00:00
38,369,1,2027-12-29 05:00:00
300,431,2,2027-12-29 06:00:00
179,136,1,2027-12-29 07:00:00
609,273,5,2027-12-29 08:00:00
892,355,5,2027-12-29 09:00:00
469,100,5,2027-12-29 10:00:00
282,219,5,2027-12-29 11:00:00
750,104,5,2027-12-29 12:00:00
164,301,2,2027-12-29 13:00:00
453,97,5,2027-12-29 14:00:00
97,316,4,2027-12-29 15:00:00
769,370,2,2027-12-29 16:00:00
309,203,4,2027-12-29 17:00:00
262,21,3,2027-12-29 18:00:00
293,198,1,2027-12-29 19:00:00
770,112,1,2027-12-29 20:00:00
249,149,4,2027-12-29 21:00:00
245,381,5,2027-12-29 22:00:00
251,243,3,2027-12-29 23:00:00
123,442,5,2027-12-30 00:00:00
325,183,1,2027-12-30 01:00:00
986,284,3,2027-12-30 02:00:00
681,337,2,2027-12-30 03:00:00
947,338,5,2027-12-30 04:00:00
501,459,5,2027-12-30 05:00:00
687,302,3,2027-12-30 06:00:00
781,300,5,2027-12-30 07:00:00
716,89,5,2027-12-30 08:00:00
837,222,1,2027-12-30 09:00:00
66,500,4,2027-12-30 10:00:00
827,248,5,2027-12-30 11:00:00
836,409,4,2027-12-30 12:00:00
59,455,4,2027-12-30 13:00:00
731,177,4,2027-12-30 14:00:00
498,485,3,2027-12-30 15:00:00
373,118,1,2027-12-30 16:00:00
266,174,4,2027-12-30 17:00:00
653,219,5,2027-12-30 18:00:00
236,376,5,2027-12-30 19:00:00
898,218,4,2027-12-30 20:00:00
218,319,3,2027-12-30 21:00:00
527,77,1,2027-12-30 22:00:00
814,88,5,2027-12-30 23:00:00
441,396,4,2027-12-31 00:00:00
650,78,4,2027-12-31 01:00:00
406,441,2,2027-12-31 02:00:00
744,201,2,2027-12-31 03:00:00
601,64,2,2027-12-31 04:00:00
975,415,5,2027-12-31 05:00:00
589,4,4,2027-12-31 06:00:00
648,438,4,2027-12-31 07:00:00
917,83,5,2027-12-31 08:00:00
469,193,2,2027-12-31 09:00:00
918,477,2,2027-12-31 10:00:00
110,493,2,2027-12-31 11:00:00
353,6,4,2027-12-31 12:00:00
813,193,5,2027-12-31 13:00:00
91,217,5,2027-12-31 14:00:00
936,347,4,2027-12-31 15:00:00
882,22,4,2027-12-31 16:00:00
918,145,5,2027-12-31 17:00:00
414,443,4,2027-12-31 18:00:00
702,285,3,2027-12-31 19:00:00
73,451,5,2027-12-31 20:00:00
685,145,5,2027-12-31 21:00:00
547,2,4,2027-12-31 22:00:00
722,288,3,2027-12-31 23:00:00
298,406,3,2028-01-01 00:00:00
645,359,4,2028-01-01 01:00:00
283,225,2,2028-01-01 02:00:00
505,442,4,2028-01-01 03:00:00
198,437,2,2028-01-01 04:00:00
958,214,4,2028-01-01 05:00:00
32,431,1,2028-01-01 06:00:00
648,388,5,2028-01-01 07:00:00
871,373,4,2028-01-01 09:00:00
341,141,1,2028-01-01 10:00:00
658,317,2,2028-01-01 11:00:00
334,471,4,2028-01-01 12:00:00
143,64,2,2028-01-01 13:00:00
746,333,4,2028-01-01 14:00:00
410,212,1,2028-01-01 15:00:00
949,289,4,2028-01-01 16:00:00
44,98,5,2028-01-01 17:00:00
32,166,5,2028-01-01 18:00:00
743,126,4,2028-01-01 19:00:00
28,157,5,2028-01-01 20:00:00
423,250,5,2028-01-01 21:00:00
491,61,3,2028-01-01 22:00:00
160,32,5,2028-01-01 23:00:00
845,395,4,2028-01-02 00:00:00
207,274,2,2028-01-02 01:00:00
18,301,5,2028-01-02 02:00:00
103,21,2,2028-01-02 03:00:00
582,12,4,2028-01-02 04:00:00
631,244,4,2028-01-02 05:00:00
651,103,4,2028-01-02 06:00:00
672,276,4,2028-01-02 07:00:00
232,7,3,2028-01-02 08:00:00
660,347,3,2028-01-02 09:00:00
865,455,2,2028-01-02 10:00:00
424,130,2,2028-01-02 11:00:00
904,299,5,2028-01-02 12:00:00
755,97,5,2028-01-02 13:00:00
547,277,4,2028-01-02 14:00:00
837,285,2,2028-01-02 15:00:00
894,288,4,2028-01-02 16:00:00
867,173,3,2028-01-02 17:00:00
239,332,5,2028-01-02 18:00:00
334,205,2,2028-01-02 19:00:00
149,103,4,2028-01-02 20:00:00
623,492,4,2028-01-02 21:00:00
408,113,5,2028-01-02 22:00:00
17,443,2,2028-01-02 23:00:00
914,360,2,2028-01-03 00:00:00
226,131,5,2028-01-03 01:00:00
652,39,4,2028-01-03 02:00:00
656,307,5,2028-01-03 03:00:00
260,372,5,2028-01-03 04:00:00
729,8,3,2028-01-03 05:00:00
674,366,3,2028-01-03 06:00:00
604,46,3,2028-01-03 07:00:00
174,194,5,2028-01-03 08:00:00
843,6,5,2028-01-03 09:00:00
205,368,4,2028-01-03 10:00:00
415,58,4,2028-01-03 11:00:00
508,169,3,2028-01-03 12:00:00
153,122,4,2028-01-03 13:00:00
103,249,5,2028-01-03 14:00:00
714,207,5,2028-01-03 15:00:00
792,115,3,2028-01-03 16:00:00
65,239,3,2028-01-03 17:00:00
117,54,5,2028-01-03 18:00:00
665,76,4,2028-01-03 19:00:00
156,169,4,2028-01-03 20:00:00
82,224,3,2028-01-03 22:00:00
518,70,2,2028-01-03 23:00:00
834,500,2,2028-01-04 00:00:00
67,155,1,2028-01-04 01:00:00
238,47,3,2028-01-04 02:00:00
584,461,2,2028-01-04 03:00:00
607,373,3,2028-01-04 04:00:00
816,279,1,2028-01-04 05:00:00
979,202,3,2028-01-04 06:00:00
326,142,4,2028-01-04 07:00:00
590,317,5,2028-01-04 08:00:00
67,451,3,2028-01-04 09:00:00
176,126,1,2028-01-04 10:00:00
833,332,3,2028-01-04 11:00:00
684,153,5,2028-01-04 12:00:00
478,65,3,2028-01-04 13:00:00
255,96,3,2028-01-04 14:00:00
63,408,5,2028-01-04 15:00:00
814,181,3,2028-01-04 16:00:00
403,496,5,2028-01-04 17:00:00
758,362,5,2028-01-04 18:00:00
192,457,4,2028-01-04 19:00:00
979,178,4,2028-01-04 20:00:00
329,129,3,2028-01-04 21:00:00
71,490,5,2028-01-04 22:00:00
878,39,3,2028-01-04 23:00:00
741,458,4,2028-01-05 00:00:00
946,300,2,2028-01-05 01:00:00
63,491,3,2028-01-05 02:00:00
297,361,4,2028-01-05 03:00:00
245,350,4,2028-01-05 04:00:00
519,133,3,2028-01-05 05:00:00
393,379,4,2028-01-05 06:00:00
772,452,5,2028-01-05 07:00:00
601,500,4,2028-01-05 08:00:00
177,380,4,2028-01-05 09:00:00
204,109,5,2028-01-05 10:00:00
646,72,5,2028-01-05 11:00:00
594,208,4,2028-01-05 12:00:00
1000,65,5,2028-01-05 13:00:00
533,241,3,2028-01-05 14:00:00
911,79,3,2028-01-05 15:00:00
128,88,4,2028-01-05 16:00:00
195,399,2,2028-01-05 17:00:00
194,178,5,2028-01-05 18:00:00
184,262,3,2028-01-05 19:00:00
247,66,4,2028-01-05 20:00:00
873,325,4,2028-01-05 21:00:00
872,371,1,2028-01-05 22:00:00
324,423,5,2028-01-05 23:00:00
160,105,5,2028-01-06 00:00:00
706,98,5,2028-01-06 01:00:00
622,487,4,2028-01-06 02:00:00
925,96,4,2028-01-06 03:00:00
66,413,5,2028-01-06 04:00:00
930,477,3,2028-01-06 05:00:00
254,472,2,2028-01-06 06:00:00
283,46,2,2028-01-06 07:00:00
60,378,5,2028-01-06 08:00:00
118,31,3,2028-01-06 09:00:00
423,408,5,2028-01-06 10:00:00
556,375,4,2028-01-06 11:00:00
998,382,3,2028-01-06 12:00:00
722,399,5,2028-01-06 13:00:00
36,204,4,2028-01-06 14:00:00
531,148,4,2028-01-06 15:00:00
91,132,3,2028-01-06 16:00:00
301,186,3,2028-01-06 17:00:00
724,461,5,2028-01-06 18:00:00
917,189,3,2028-01-06 19:00:00
919,489,4,2028-01-06 20:00:00
734,127,2,2028-01-06 21:00:00
217,364,5,2028-01-06 22:00:00
735,394,5,2028-01-06 23:00:00
923,297,5,2028-01-07 00:00:00
98,309,2,2028-01-07 01:00:00
456,87,4,2028-01-07 02:00:00
531,455,1,2028-01-07 03:00:00
809,121,3,2028-01-07 04:00:00
538,332,3,2028-01-07 05:00:00
28,304,5,2028-01-07 06:00:00
576,399,5,2028-01-07 07:00:00
324,135,4,2028-01-07 08:00:00
223,328,4,2028-01-07 09:00:00
80,199,4,2028-01-07 10:00:00
563,171,1,2028-01-07 11:00:00
458,260,5,2028-01-07 12:00:00
614,124,4,2028-01-07 13:00:00
176,242,4,2028-01-07 14:00:00
522,435,5,2028-01-07 15:00:00
749,71,5,2028-01-07 16:00:00
457,382,3,2028-01-07 17:00:00
423,59,4,2028-01-07 18:00:00
100,109,5,2028-01-07 19:00:00
890,41,4,2028-01-07 20:00:00
740,445,5,2028-01-07 21:00:00
403,286,3,2028-01-07 22:00:00
576,379,3,2028-01-07 23:00:00
380,146,3,2028-01-08 00:00:00
531,286,3,2028-01-08 01:00:00
332,391,5,2028-01-08 02:00:00
318,52,4,2028-01-08 03:00:00
653,176,5,2028-01-08 04:00:00
537,279,3,2028-01-08 05:00:00
740,380,1,2028-01-08 06:00:00
89,165,2,2028-01-08 07:00:00
604,327,3,2028-01-08 08:00:00
511,486,4,2028-01-08 09:00:00
42,477,2,2028-01-08 10:00:00
885,482,3,2028-01-08 11:00:00
807,252,5,2028-01-08 12:00:00
926,103,2,2028-01-08 13:00:00
389,53,2,2028-01-08 14:00:00
81,255,4,2028-01-08 15:00:00
402,361,4,2028-01-08 16:00:00
107,173,5,2028-01-08 17:00:00
111,251,4,2028-01-08 18:00:00
277,177,5,2028-01-08 19:00:00
214,49,3,2028-01-08 20:00:00
743,111,3,2028-01-08 21:00:00
818,210,5,2028-01-08 22:00:00
506,248,5,2028-01-08 23:00:00
121,175,4,2028-01-09 00:00:00
134,107,4,2028-01-09 01:00:00
818,153,1,2028-01-09 02:00:00
720,347,3,2028-01-09 03:00:00
962,155,2,2028-01-09 04:00:00
371,140,1,2028-01-09 05:00:00
257,151,5,2028-01-09 06:00:00
697,273,2,2028-01-09 07:00:00
798,44,3,2028-01-09 08:00:00
954,71,5,2028-01-09 09:00:00
875,125,4,2028-01-09 10:00:00
180,152,2,2028-01-09 11:00:00
933,455,4,2028-01-09 12:00:00
48,349,5,2028-01-09 13:00:00
599,316,3,2028-01-09 14:00:00
897,309,5,2028-01-09 15:00:00
19,220,3,2028-01-09 16:00:00
46,215,4,2028-01-09 17:00:00
451,330,2,2028-01-09 18:00:00
898,144,4,2028-01-09 19:00:00
56,107,4,2028-01-09 20:00:00
741,496,5,2028-01-09 21:00:00
657,354,4,2028-01-09 22:00:00
92,281,5,2028-01-09 23:00:00
82,322,2,2028-01-10 00:00:00
737,306,4,2028-01-10 01:00:00
79,325,2,2028-01-10 02:00:00
662,334,4,2028-01-10 03:00:00
873,479,4,2028-01-10 04:00:00
283,424,1,2028-01-10 05:00:00
311,390,1,2028-01-10 06:00:00
997,64,5,2028-01-10 07:00:00
160,284,3,2028-01-10 08:00:00
316,265,3,2028-01-10 09:00:00
877,6,4,2028-01-10 10:00:00
668,168,2,2028-01-10 12:00:00
156,355,4,2028-01-10 13:00:00
888,460,1,2028-01-10 14:00:00
714,173,5,2028-01-10 15:00:00
468,338,5,2028-01-10 16:00:00
921,119,4,2028-01-10 17:00:00
853,427,3,2028-01-10 18:00:00
462,226,4,2028-01-10 19:00:00
854,174,2,2028-01-10 20:00:00
117,447,3,2028-01-10 21:00:00
666,129,1,2028-01-10 22:00:00
364,187,5,2028-01-10 23:00:00
843,63,3,2028-01-11 00:00:00
631,463,4,2028-01-11 01:00:00
711,381,1,2028-01-11 02:00:00
913,274,4,2028-01-11 03:00:00
466,86,1,2028-01-11 04:00:00
775,210,5,2028-01-11 05:00:00
184,497,4,2028-01-11 06:00:00
960,193,2,2028-01-11 07:00:00
660,238,3,2028-01-11 08:00:00
166,20,1,2028-01-11 09:00:00
75,440,4,2028-01-11 10:00:00
748,182,2,2028-01-11 11:00:00
826,48,4,2028-01-11 12:00:00
272,228,3,2028-01-11 13:00:00
691,54,5,2028-01-11 14:00:00
503,102,4,2028-01-11 15:00:00
795,89,5,2028-01-11 16:00:00
563,144,5,2028-01-11 17:00:00
587,148,5,2028-01-11 18:00:00
656,230,3,2028-01-11 19:00:00
343,303,5,2028-01-11 20:00:00
700,250,4,2028-01-11 21:00:00
635,225,4,2028-01-11 22:00:00
844,391,5,2028-01-11 23:00:00
251,407,2,2028-01-12 00:00:00
808,459,4,2028-01-12 01:00:00
835,161,4,2028-01-12 02:00:00
130,168,1,2028-01-12 03:00:00
764,110,5,2028-01-12 04:00:00
358,261,3,2028-01-12 05:00:00
944,173,4,2028-01-12 06:00:00
692,367,5,2028-01-12 07:00:00
408,297,5,2028-01-12 08:00:00
861,392,5,2028-01-12 09:00:00
495,243,1,2028-01-12 10:00:00
622,209,4,2028-01-12 11:00:00
482,243,4,2028-01-12 12:00:00
980,254,4,2028-01-12 13:00:00
850,82,2,2028-01-12 14:00:00
78,434,4,2028-01-12 15:00:00
978,475,2,2028-01-12 16:00:00
514,31,1,2028-01-12 17:00:00
321,4,4,2028-01-12 18:00:00
788,194,4,2028-01-12 19:00:00
290,56,5,2028-01-12 20:00:00
297,261,4,2028-01-12 21:00:00
681,81,4,2028-01-12 22:00:00
752,54,3,2028-01-12 23:00:00
971,380,2,2028-01-13 00:00:00
475,487,4,2028-01-13 01:00:00
23,96,3,2028-01-13 02:00:00
806,349,5,2028-01-13 03:00:00
172,336,2,2028-01-13 04:00:00
835,257,3,2028-01-13 05:00:00
318,204,5,2028-01-13 06:00:00
908,211,5,2028-01-13 07:00:00
798,329,3,2028-01-13 08:00:00
991,496,3,2028-01-13 09:00:00
855,317,5,2028-01-13 10:00:00
193,126,5,2028-01-13 11:00:00
681,7,5,2028-01-13 12:00:00
916,414,3,2028-01-13 13:00:00
118,125,4,2028-01-13 14:00:00
6,271,1,2028-01-13 15:00:00
843,108,2,2028-01-13 16:00:00
483,260,3,2028-01-13 17:00:00
132,319,3,2028-01-13 18:00:00
93,70,5,2028-01-13 19:00:00
763,38,4,2028-01-13 20:00:00
522,175,4,2028-01-13 21:00:00
563,188,5,2028-01-13 22:00:00
861,227,3,2028-01-13 23:00:00
294,258,2,2028-01-14 00:00:00
641,197,3,2028-01-14 01:00:00
1000,8,5,2028-01-14 02:00:00
392,51,4,2028-01-14 03:00:00
249,373,4,2028-01-14 04:00:00
614,222,5,2028-01-14 05:00:00
849,368,3,2028-01-14 06:00:00
595,19,3,2028-01-14 07:00:00
703,350,4,2028-01-14 08:00:00
417,247,5,2028-01-14 09:00:00
143,31,3,2028-01-14 10:00:00
237,80,3,2028-01-14 11:00:00
287,358,4,2028-01-14 12:00:00
277,22,2,2028-01-14 13:00:00
387,289,5,2028-01-14 14:00:00
382,242,4,2028-01-14 15:00:00
450,214,4,2028-01-14 16:00:00
291,200,5,2028-01-14 17:00:00
169,165,5,2028-01-14 18:00:00
443,140,2,2028-01-14 19:00:00
656,370,4,2028-01-14 20:00:00
184,453,3,2028-01-14 21:00:00
45,320,5,2028-01-14 22:00:00
755,409,5,2028-01-14 23:00:00
827,438,4,2028-01-15 00:00:00
946,285,5,2028-01-15 01:00:00
981,13,4,2028-01-15 02:00:00
268,26,5,2028-01-15 03:00:00
476,22,1,2028-01-15 04:00:00
253,349,2,2028-01-15 05:00:00
396,76,5,2028-01-15 06:00:00
289,496,2,2028-01-15 07:00:00
212,366,4,2028-01-15 08:00:00
1000,491,5,2028-01-15 09:00:00
689,92,4,2028-01-15 10:00:00
21,329,5,2028-01-15 11:00:00
316,375,4,2028-01-15 12:00:00
564,266,5,2028-01-15 13:00:00
438,48,4,2028-01-15 14:00:00
423,499,4,2028-01-15 15:00:00
233,170,4,2028-01-15 16:00:00
945,346,5,2028-01-15 17:00:00
123,245,3,2028-01-15 18:00:00
874,228,4,2028-01-15 19:00:00
960,187,3,2028-01-15 20:00:00
612,437,2,2028-01-15 21:00:00
214,168,5,2028-01-15 22:00:00
922,203,2,2028-01-15 23:00:00
839,446,4,2028-01-16 00:00:00
647,6,4,2028-01-16 01:00:00
968,132,5,2028-01-16 02:00:00
830,245,5,2028-01-16 03:00:00
730,91,2,2028-01-16 04:00:00
600,311,4,2028-01-16 05:00:00
792,126,1,2028-01-16 06:00:00
40,472,4,2028-01-16 07:00:00
752,453,5,2028-01-16 08:00:00
332,242,3,2028-01-16 09:00:00
943,249,5,2028-01-16 10:00:00
648,387,1,2028-01-16 11:00:00
182,7,1,2028-01-16 12:00:00
265,88,1,2028-01-16 13:00:00
771,86,3,2028-01-16 14:00:00
694,396,4,2028-01-16 15:00:00
533,355,2,2028-01-16 16:00:00
863,145,5,2028-01-16 17:00:00
432,451,5,2028-01-16 18:00:00
943,331,4,2028-01-16 19:00:00
984,198,4,2028-01-16 20:00:00
196,363,5,2028-01-16 21:00:00
724,164,5,2028-01-16 22:00:00
509,145,2,2028-01-16 23:00:00
447,342,5,2028-01-17 00:00:00
528,1,3,2028-01-17 01:00:00
202,492,4,2028-01-17 02:00:00
875,120,4,2028-01-17 03:00:00
730,67,5,2028-01-17 04:00:00
605,464,2,2028-01-17 05:00:00
133,355,1,2028-01-17 06:00:00
139,462,5,2028-01-17 07:00:00
669,49,5,2028-01-17 08:00:00
493,307,4,2028-01-17 09:00:00
847,327,4,2028-01-17 10:00:00
70,474,5,2028-01-17 11:00:00
816,376,4,2028-01-17 12:00:00
15,427,3,2028-01-17 13:00:00
747,368,4,2028-01-17 14:00:00
212,287,5,2028-01-17 15:00:00
802,24,5,2028-01-17 16:00:00
60,211,4,2028-01-17 17:00:00
252,293,3,2028-01-17 18:00:00
446,449,5,2028-01-17 19:00:00
2,473,4,2028-01-17 20:00:00
748,63,4,2028-01-17 21:00:00
336,56,2,2028-01-17 22:00:00
19,458,5,2028-01-17 23:00:00
994,18,3,2028-01-18 00:00:00
561,362,4,2028-01-18 01:00:00
78,449,4,2028-01-18 02:00:00
472,413,4,2028-01-18 03:00:00
28,77,4,2028-01-18 04:00:00
560,260,4,2028-01-18 05:00:00
608,121,2,2028-01-18 06:00:00
165,396,4,2028-01-18 07:00:00
458,184,2,2028-01-18 08:00:00
945,48,3,2028-01-18 09:00:00
877,147,4,2028-01-18 10:00:00
176,282,4,2028-01-18 11:00:00
585,364,5,2028-01-18 12:00:00
984,294,5,2028-01-18 13:00:00
868,80,2,2028-01-18 14:00:00
29,236,3,2028-01-18 15:00:00
956,409,3,2028-01-18 16:00:00
669,440,3,2028-01-18 17:00:00
826,458,4,2028-01-18 18:00:00
816,229,2,2028-01-18 19:00:00
279,284,4,2028-01-18 20:00:00
283,61,5,2028-01-18 21:00:00
479,220,5,2028-01-18 22:00:00
519,345,5,2028-01-18 23:00:00
305,89,5,2028-01-19 00:00:00
694,435,3,2028-01-19 01:00:00
109,396,5,2028-01-19 02:00:00
324,264,1,2028-01-19 03:00:00
206,228,1,2028-01-19 04:00:00
234,378,3,2028-01-19 05:00:00
938,103,2,2028-01-19 06:00:00
458,442,4,2028-01-19 07:00:00
187,88,2,2028-01-19 08:00:00
940,23,5,2028-01-19 09:00:00
482,293,5,2028-01-19 10:00:00
922,267,5,2028-01-19 11:00:00
407,17,5,2028-01-19 12:00:00
841,476,5,2028-01-19 13:00:00
509,440,3,2028-01-19 14:00:00
869,437,4,2028-01-19 15:00:00
520,451,3,2028-01-19 16:00:00
53,386,4,2028-01-19 17:00:00
398,499,5,2028-01-19 18:00:00
199,285,4,2028-01-19 19:00:00
391,313,3,2028-01-19 20:00:00
649,162,4,2028-01-19 21:00:00
771,78,1,2028-01-19 22:00:00
846,122,5,2028-01-19 23:00:00
498,112,5,2028-01-20 01:00:00
172,239,5,2028-01-20 02:00:00
86,210,2,2028-01-20 03:00:00
558,349,5,2028-01-20 04:00:00
858,2,5,2028-01-20 05:00:00
186,380,4,2028-01-20 06:00:00
156,203,5,2028-01-20 07:00:00
493,287,1,2028-01-20 08:00:00
910,117,5,2028-01-20 09:00:00
521,369,4,2028-01-20 10:00:00
627,461,5,2028-01-20 11:00:00
666,300,3,2028-01-20 12:00:00
130,383,5,2028-01-20 13:00:00
843,346,4,2028-01-20 14:00:00
81,440,3,2028-01-20 15:00:00
384,482,5,2028-01-20 16:00:00
802,438,4,2028-01-20 17:00:00
659,437,5,2028-01-20 18:00:00
295,114,4,2028-01-20 19:00:00
978,74,5,2028-01-20 20:00:00
269,460,5,2028-01-20 21:00:00
645,241,1,2028-01-20 22:00:00
562,470,5,2028-01-20 23:00:00
535,302,1,2028-01-21 00:00:00
378,54,5,2028-01-21 01:00:00
376,159,3,2028-01-21 02:00:00
88,467,4,2028-01-21 03:00:00
925,109,5,2028-01-21 04:00:00
624,280,4,2028-01-21 05:00:00
111,153,4,2028-01-21 06:00:00
584,163,5,2028-01-21 07:00:00
154,57,3,2028-01-21 08:00:00
463,328,4,2028-01-21 09:00:00
569,325,2,2028-01-21 10:00:00
769,214,4,2028-01-21 11:00:00
156,28,2,2028-01-21 12:00:00
625,204,4,2028-01-21 13:00:00
318,33,3,2028-01-21 14:00:00
559,309,5,2028-01-21 15:00:00
238,122,3,2028-01-21 16:00:00
334,16,3,2028-01-21 17:00:00
106,154,4,2028-01-21 18:00:00
482,396,2,2028-01-21 19:00:00
699,343,3,2028-01-21 20:00:00
671,497,5,2028-01-21 21:00:00
710,218,4,2028-01-21 22:00:00
382,105,3,2028-01-21 23:00:00
689,77,1,2028-01-22 00:00:00
261,87,4,2028-01-22 01:00:00
799,31,5,2028-01-22 02:00:00
293,100,3,2028-01-22 03:00:00
335,155,3,2028-01-22 04:00:00
655,292,3,2028-01-22 05:00:00
820,315,5,2028-01-22 06:00:00
709,495,4,2028-01-22 07:00:00
476,106,3,2028-01-22 08:00:00
225,471,4,2028-01-22 09:00:00
907,230,5,2028-01-22 10:00:00
555,3,1,2028-01-22 11:00:00
454,222,4,2028-01-22 12:00:00
663,121,5,2028-01-22 13:00:00
296,160,3,2028-01-22 14:00:00
575,271,5,2028-01-22 15:00:00
642,486,4,2028-01-22 16:00:00
767,331,4,2028-01-22 17:00:00
463,194,5,2028-01-22 18:00:00
855,218,2,2028-01-22 19:00:00
214,191,5,2028-01-22 20:00:00
585,252,5,2028-01-22 21:00:00
943,226,4,2028-01-22 22:00:00
616,1,1,2028-01-22 23:00:00
158,459,4,2028-01-23 00:00:00
272,133,2,2028-01-23 01:00:00
827,90,4,2028-01-23 02:00:00
238,6,5,2028-01-23 03:00:00
303,483,4,2028-01-23 04:00:00
884,244,4,2028-01-23 05:00:00
670,133,2,2028-01-23 06:00:00
621,116,2,2028-01-23 07:00:00
521,73,5,2028-01-23 08:00:00
321,156,1,2028-01-23 09:00:00
59,211,3,2028-01-23 10:00:00
358,69,5,2028-01-23 11:00:00
704,471,4,2028-01-23 12:00:00
648,492,4,2028-01-23 13:00:00
251,300,3,2028-01-23 14:00:00
891,144,3,2028-01-23 15:00:00
436,199,4,2028-01-23 16:00:00
146,206,4,2028-01-23 17:00:00
859,406,5,2028-01-23 18:00:00
978,201,4,2028-01-23 19:00:00
352,239,2,2028-01-23 20:00:00
570,407,3,2028-01-23 21:00:00
689,427,3,2028-01-23 22:00:00
800,68,3,2028-01-23 23:00:00
245,171,4,2028-01-24 00:00:00
560,410,3,2028-01-24 01:00:00
301,297,3,2028-01-24 02:00:00
438,70,5,2028-01-24 03:00:00
868,287,4,2028-01-24 04:00:00
100,17,3,2028-01-24 05:00:00
725,137,3,2028-01-24 06:00:00
814,219,5,2028-01-24 07:00:00
480,311,5,2028-01-24 08:00:00
415,6,4,2028-01-24 09:00:00
165,198,4,2028-01-24 10:00:00
912,448,5,2028-01-24 11:00:00
942,132,5,2028-01-24 12:00:00
638,500,2,2028-01-24 13:00:00
302,363,5,2028-01-24 14:00:00
974,451,5,2028-01-24 15:00:00
121,344,3,2028-01-24 16:00:00
88,184,3,2028-01-24 17:00:00
217,18,4,2028-01-24 18:00:00
573,416,3,2028-01-24 19:00:00
814,496,2,2028-01-24 20:00:00
179,213,5,2028-01-24 21:00:00
702,48,4,2028-01-24 22:00:00
163,29,4,2028-01-24 23:00:00
593,416,2,2028-01-25 00:00:00
170,153,4,2028-01-25 01:00:00
301,332,5,2028-01-25 02:00:00
374,238,3,2028-01-25 03:00:00
708,319,3,2028-01-25 04:00:00
203,265,2,2028-01-25 05:00:00
47,199,3,2028-01-25 06:00:00
463,14,5,2028-01-25 07:00:00
670,276,3,2028-01-25 08:00:00
408,468,1,2028-01-25 09:00:00
194,10,4,2028-01-25 10:00:00
427,139,4,2028-01-25 11:00:00
930,167,3,2028-01-25 12:00:00
791,147,4,2028-01-25 13:00:00
317,403,1,2028-01-25 14:00:00
479,245,3,2028-01-25 15:00:00
421,427,2,2028-01-25 16:00:00
269,445,3,2028-01-25 17:00:00
481,70,3,2028-01-25 18:00:00
711,328,4,2028-01-25 19:00:00
736,321,2,2028-01-25 20:00:00
263,407,2,2028-01-25 21:00:00
426,104,4,2028-01-25 22:00:00
166,229,4,2028-01-25 23:00:00
692,316,2,2028-01-26 00:00:00
428,138,3,2028-01-26 01:00:00
704,319,5,2028-01-26 02:00:00
397,386,1,2028-01-26 03:00:00
216,36,4,2028-01-26 04:00:00
796,118,3,2028-01-26 05:00:00
864,255,5,2028-01-26 06:00:00
107,313,5,2028-01-26 07:00:00
978,450,4,2028-01-26 08:00:00
98,335,3,2028-01-26 09:00:00
880,20,4,2028-01-26 10:00:00
482,298,4,2028-01-26 11:00:00
499,21,3,2028-01-26 12:00:00
230,478,5,2028-01-26 13:00:00
257,256,5,2028-01-26 14:00:00
43,248,3,2028-01-26 15:00:00
242,472,5,2028-01-26 16:00:00
554,450,4,2028-01-26 17:00:00
95,166,4,2028-01-26 18:00:00
946,470,3,2028-01-26 19:00:00
766,349,3,2028-01-26 20:00:00
188,255,5,2028-01-26 21:00:00
385,78,5,2028-01-26 22:00:00
819,453,4,2028-01-26 23:00:00
400,280,5,2028-01-27 00:00:00
506,282,5,2028-01-27 01:00:00
167,386,3,2028-01-27 02:00:00
783,430,2,2028-01-27 03:00:00
125,365,5,2028-01-27 04:00:00
673,34,5,2028-01-27 05:00:00
87,446,5,2028-01-27 06:00:00
821,471,1,2028-01-27 07:00:00
489,425,4,2028-01-27 08:00:00
226,99,5,2028-01-27 09:00:00
657,143,4,2028-01-27 10:00:00
345,55,5,2028-01-27 11:00:00
760,3,2,2028-01-27 12:00:00
874,332,1,2028-01-27 13:00:00
518,422,2,2028-01-27 14:00:00
31,435,3,2028-01-27 15:00:00
709,401,3,2028-01-27 16:00:00
744,486,5,2028-01-27 17:00:00
296,219,2,2028-01-27 18:00:00
414,211,4,2028-01-27 19:00:00
837,305,5,2028-01-27 20:00:00
972,496,4,2028-01-27 21:00:00
135,149,2,2028-01-27 22:00:00
525,232,3,2028-01-27 23:00:00
4,88,4,2028-01-28 00:00:00
178,408,1,2028-01-28 01:00:00
746,211,5,2028-01-28 02:00:00
259,223,4,2028-01-28 03:00:00
652,296,5,2028-01-28 04:00:00
65,148,4,2028-01-28 05:00:00
795,207,5,2028-01-28 06:00:00
363,360,4,2028-01-28 07:00:00
818,419,4,2028-01-28 08:00:00
717,432,5,2028-01-28 09:00:00
17,227,5,2028-01-28 10:00:00
200,417,1,2028-01-28 11:00:00
544,360,3,2028-01-28 12:00:00
212,184,3,2028-01-28 13:00:00
435,41,1,2028-01-28 14:00:00
273,182,5,2028-01-28 15:00:00
290,44,3,2028-01-28 16:00:00
803,210,3,2028-01-28 17:00:00
483,337,2,2028-01-28 18:00:00
998,456,5,2028-01-28 19:00:00
234,250,5,2028-01-28 20:00:00
408,84,4,2028-01-28 21:00:00
694,139,5,2028-01-28 22:00:00
146,478,5,2028-01-28 23:00:00
562,475,4,2028-01-29 00:00:00
430,231,2,2028-01-29 01:00:00
432,398,5,2028-01-29 02:00:00
615,426,4,2028-01-29 03:00:00
545,463,5,2028-01-29 04:00:00
497,12,4,2028-01-29 05:00:00
983,468,5,2028-01-29 06:00:00
89,273,4,2028-01-29 07:00:00
997,488,4,2028-01-29 08:00:00
411,90,5,2028-01-29 09:00:00
897,462,3,2028-01-29 10:00:00
853,25,3,2028-01-29 11:00:00
827,26,4,2028-01-29 12:00:00
241,431,4,2028-01-29 13:00:00
778,153,3,2028-01-29 14:00:00
223,473,4,2028-01-29 15:00:00
748,60,5,2028-01-29 16:00:00
665,60,4,2028-01-29 17:00:00
468,283,4,2028-01-29 18:00:00
569,171,3,2028-01-29 19:00:00
322,76,5,2028-01-29 20:00:00
375,276,5,2028-01-29 21:00:00
112,447,4,2028-01-29 22:00:00
527,208,4,2028-01-29 23:00:00
412,409,3,2028-01-30 00:00:00
269,155,1,2028-01-30 01:00:00
626,180,3,2028-01-30 02:00:00
252,82,1,2028-01-30 03:00:00
374,10,4,2028-01-30 04:00:00
654,243,4,2028-01-30 05:00:00
626,178,3,2028-01-30 06:00:00
450,286,4,2028-01-30 07:00:00
802,257,2,2028-01-30 08:00:00
995,310,5,2028-01-30 09:00:00
869,4,1,2028-01-30 10:00:00
537,215,4,2028-01-30 11:00:00
368,391,4,2028-01-30 12:00:00
822,30,2,2028-01-30 13:00:00
255,346,4,2028-01-30 14:00:00
463,65,5,2028-01-30 15:00:00
268,124,4,2028-01-30 16:00:00
126,285,3,2028-01-30 17:00:00
393,153,2,2028-01-30 18:00:00
762,40,4,2028-01-30 19:00:00
799,26,5,2028-01-30 20:00:00
334,273,4,2028-01-30 21:00:00
989,159,2,2028-01-30 22:00:00
565,189,4,2028-01-30 23:00:00
368,264,1,2028-01-31 00:00:00
555,69,5,2028-01-31 01:00:00
678,1,5,2028-01-31 02:00:00
554,79,4,2028-01-31 03:00:00
892,228,5,2028-01-31 04:00:00
456,327,2,2028-01-31 05:00:00
688,46,3,2028-01-31 06:00:00
67,108,3,2028-01-31 07:00:00
66,475,5,2028-01-31 08:00:00
912,355,4,2028-01-31 09:00:00
595,124,3,2028-01-31 10:00:00
862,475,2,2028-01-31 11:00:00
617,148,5,2028-01-31 12:00:00
400,466,1,2028-01-31 13:00:00
287,424,3,2028-01-31 14:00:00
886,252,3,2028-01-31 15:00:00
186,2,2,2028-01-31 16:00:00
284,222,2,2028-01-31 17:00:00
516,189,4,2028-01-31 18:00:00
650,486,4,2028-01-31 19:00:00
691,478,4,2028-01-31 20:00:00
237,71,5,2028-01-31 21:00:00
18,359,5,2028-01-31 22:00:00
815,333,2,2028-01-31 23:00:00
928,97,2,2028-02-01 00:00:00
414,232,3,2028-02-01 01:00:00
932,30,4,2028-02-01 02:00:00
9,30,2,2028-02-01 03:00:00
420,215,5,2028-02-01 04:00:00
29,173,4,2028-02-01 05:00:00
656,280,5,2028-02-01 06:00:00
348,468,3,2028-02-01 07:00:00
661,476,4,2028-02-01 08:00:00
576,440,5,2028-02-01 09:00:00
879,211,3,2028-02-01 10:00:00
450,317,3,2028-02-01 11:00:00
380,497,1,2028-02-01 12:00:00
699,397,4,2028-02-01 13:00:00
366,125,5,2028-02-01 14:00:00
227,80,1,2028-02-01 15:00:00
118,184,4,2028-02-01 16:00:00
412,15,5,2028-02-01 17:00:00
951,11,4,2028-02-01 18:00:00
356,396,3,2028-02-01 19:00:00
254,342,5,2028-02-01 20:00:00
543,89,1,2028-02-01 21:00:00
673,3,3,2028-02-01 22:00:00
727,24,5,2028-02-01 23:00:00
444,89,3,2028-02-02 00:00:00
681,9,5,2028-02-02 01:00:00
81,476,3,2028-02-02 02:00:00
46,46,5,2028-02-02 03:00:00
49,94,4,2028-02-02 04:00:00
449,71,4,2028-02-02 05:00:00
810,188,4,2028-02-02 06:00:00
407,139,2,2028-02-02 07:00:00
880,10,2,2028-02-02 08:00:00
283,3,5,2028-02-02 09:00:00
473,19,5,2028-02-02 10:00:00
416,130,5,2028-02-02 11:00:00
979,401,5,2028-02-02 12:00:00
600,221,5,2028-02-02 13:00:00
121,130,5,2028-02-02 14:00:00
3,437,5,2028-02-02 15:00:00
316,400,2,2028-02-02 16:00:00
460,113,5,2028-02-02 17:00:00
227,138,5,2028-02-02 18:00:00
79,452,2,2028-02-02 19:00:00
657,43,5,2028-02-02 20:00:00
754,218,1,2028-02-02 21:00:00
544,58,4,2028-02-02 22:00:00
775,113,1,2028-02-02 23:00:00
723,188,4,2028-02-03 00:00:00
71,122,4,2028-02-03 01:00:00
896,408,4,2028-02-03 02:00:00
197,460,5,2028-02-03 03:00:00
58,85,5,2028-02-03 04:00:00
424,106,5,2028-02-03 05:00:00
469,400,2,2028-02-03 06:00:00
624,356,4,2028-02-03 07:00:00
48,99,5,2028-02-03 08:00:00
435,9,4,2028-02-03 09:00:00
185,6,4,2028-02-03 10:00:00
879,108,3,2028-02-03 11:00:00
839,449,3,2028-02-03 12:00:00
165,462,5,2028-02-03 13:00:00
727,152,5,2028-02-03 14:00:00
331,394,2,2028-02-03 15:00:00
330,338,4,2028-02-03 16:00:00
121,237,4,2028-02-03 17:00:00
213,457,4,2028-02-03 18:00:00
823,27,4,2028-02-03 19:00:00
507,119,4,2028-02-03 20:00:00
553,211,5,2028-02-03 21:00:00
865,100,5,2028-02-03 22:00:00
916,3,5,2028-02-03 23:00:00
801,294,5,2028-02-04 00:00:00
168,457,1,2028-02-04 01:00:00
995,330,4,2028-02-04 02:00:00
546,329,4,2028-02-04 03:00:00
830,17,5,2028-02-04 04:00:00
996,106,5,2028-02-04 05:00:00
987,230,4,2028-02-04 06:00:00
787,304,3,2028-02-04 07:00:00
427,177,3,2028-02-04 08:00:00
709,427,4,2028-02-04 09:00:00
703,84,3,2028-02-04 10:00:00
221,263,5,2028-02-04 11:00:00
10,196,4,2028-02-04 12:00:00
120,249,5,2028-02-04 13:00:00
635,382,2,2028-02-04 14:00:00
247,458,2,2028-02-04 15:00:00
360,149,4,2028-02-04 16:00:00
909,206,5,2028-02-04 17:00:00
221,409,3,2028-02-04 18:00:00
773,81,5,2028-02-04 19:00:00
506,189,4,2028-02-04 20:00:00
58,412,5,2028-02-04 21:00:00
827,206,3,2028-02-04 22:00:00
460,308,4,2028-02-04 23:00:00
128,269,3,2028-02-05 00:00:00
699,290,3,2028-02-05 01:00:00
717,383,4,2028-02-05 02:00:00
104,451,5,2028-02-05 04:00:00
143,388,5,2028-02-05 05:00:00
205,300,3,2028-02-05 06:00:00
641,382,5,2028-02-05 07:00:00
758,255,5,2028-02-05 08:00:00
38,399,5,2028-02-05 09:00:00
363,468,4,2028-02-05 10:00:00
621,8,4,2028-02-05 11:00:00
309,114,3,2028-02-05 12:00:00
52,5,1,2028-02-05 13:00:00
1,450,4,2028-02-05 14:00:00
11,476,4,2028-02-05 15:00:00
826,342,4,2028-02-05 16:00:00
747,73,4,2028-02-05 17:00:00
640,348,2,2028-02-05 18:00:00
936,121,4,2028-02-05 19:00:00
214,302,3,2028-02-05 20:00:00
995,449,4,2028-02-05 21:00:00
956,372,3,2028-02-05 22:00:00
755,484,1,2028-02-05 23:00:00
556,369,5,2028-02-06 00:00:00
518,234,2,2028-02-06 01:00:00
668,66,4,2028-02-06 02:00:00
415,230,5,2028-02-06 03:00:00
8,410,3,2028-02-06 04:00:00
5,31,4,2028-02-06 05:00:00
362,307,3,2028-02-06 06:00:00
694,297,2,2028-02-06 07:00:00
112,51,4,2028-02-06 08:00:00
273,147,4,2028-02-06 09:00:00
422,95,1,2028-02-06 10:00:00
265,329,4,2028-02-06 11:00:00
458,387,2,2028-02-06 12:00:00
212,38,5,2028-02-06 13:00:00
78,198,4,2028-02-06 14:00:00
782,241,1,2028-02-06 15:00:00
666,173,5,2028-02-06 16:00:00
221,493,3,2028-02-06 17:00:00
369,256,3,2028-02-06 18:00:00
958,455,3,2028-02-06 19:00:00
347,41,4,2028-02-06 20:00:00
25,409,2,2028-02-06 21:00:00
976,473,1,2028-02-06 22:00:00
420,434,4,2028-02-06 23:00:00
354,129,5,2028-02-07 00:00:00
720,54,4,2028-02-07 01:00:00
417,86,4,2028-02-07 02:00:00
515,212,5,2028-02-07 03:00:00
215,269,3,2028-02-07 04:00:00
907,296,3,2028-02-07 05:00:00
112,21,5,2028-02-07 06:00:00
954,215,4,2028-02-07 07:00:00
704,425,1,2028-02-07 08:00:00
914,189,4,2028-02-07 09:00:00
559,161,5,2028-02-07 10:00:00
428,201,3,2028-02-07 11:00:00
733,29,3,2028-02-07 12:00:00
699,381,2,2028-02-07 13:00:00
562,244,4,2028-02-07 14:00:00
709,183,4,2028-02-07 15:00:00
216,32,1,2028-02-07 16:00:00
413,267,4,2028-02-07 17:00:00
733,436,4,2028-02-07 18:00:00
380,36,1,2028-02-07 19:00:00
602,93,4,2028-02-07 20:00:00
232,368,4,2028-02-07 21:00:00
835,159,4,2028-02-07 22:00:00
258,398,5,2028-02-07 23:00:00
665,447,3,2028-02-08 00:00:00
256,180,1,2028-02-08 01:00:00
403,438,4,2028-02-08 02:00:00
424,373,4,2028-02-08 03:00:00
770,306,5,2028-02-08 04:00:00
979,473,3,2028-02-08 05:00:00
65,379,3,2028-02-08 06:00:00
190,438,4,2028-02-08 07:00:00
603,218,5,2028-02-08 08:00:00
950,470,4,2028-02-08 09:00:00
173,329,5,2028-02-08 10:00:00
759,353,2,2028-02-08 11:00:00
768,343,4,2028-02-08 12:00:00
628,227,2,2028-02-08 13:00:00
561,212,5,2028-02-08 14:00:00
227,353,2,2028-02-08 15:00:00
581,163,4,2028-02-08 16:00:00
934,366,2,2028-02-08 17:00:00
388,158,5,2028-02-08 18:00:00
401,110,4,2028-02-08 19:00:00
638,55,5,2028-02-08 20:00:00
949,350,1,2028-02-08 21:00:00
213,214,2,2028-02-08 22:00:00
53,365,3,2028-02-08 23:00:00
624,385,4,2028-02-09 00:00:00
671,15,3,2028-02-09 01:00:00
752,153,5,2028-02-09 02:00:00
662,20,2,2028-02-09 03:00:00
139,455,4,2028-02-09 04:00:00
418,400,3,2028-02-09 05:00:00
625,52,4,2028-02-09 06:00:00
143,343,4,2028-02-09 07:00:00
882,469,1,2028-02-09 08:00:00
509,321,5,2028-02-09 09:00:00
650,367,5,2028-02-09 10:00:00
486,84,4,2028-02-09 11:00:00
992,367,4,2028-02-09 12:00:00
437,467,1,2028-02-09 13:00:00
816,326,4,2028-02-09 14:00:00
543,486,4,2028-02-09 15:00:00
293,224,3,2028-02-09 16:00:00
620,129,5,2028-02-09 17:00:00
284,350,2,2028-02-09 18:00:00
671,382,2,2028-02-09 19:00:00
838,16,4,2028-02-09 20:00:00
14,411,4,2028-02-09 21:00:00
634,274,1,2028-02-09 22:00:00
727,77,4,2028-02-09 23:00:00
272,300,3,2028-02-10 00:00:00
25,306,5,2028-02-10 01:00:00
935,92,4,2028-02-10 02:00:00
322,458,5,2028-02-10 03:00:00
806,270,3,2028-02-10 04:00:00
681,52,5,2028-02-10 05:00:00
103,349,5,2028-02-10 06:00:00
866,121,5,2028-02-10 07:00:00
883,459,5,2028-02-10 08:00:00
40,50,4,2028-02-10 09:00:00
235,379,3,2028-02-10 10:00:00
832,475,5,2028-02-10 11:00:00
89,492,3,2028-02-10 12:00:00
100,273,2,2028-02-10 13:00:00
144,380,5,2028-02-10 14:00:00
82,120,3,2028-02-10 15:00:00
589,387,2,2028-02-10 16:00:00
571,446,4,2028-02-10 17:00:00
229,95,5,2028-02-10 18:00:00
603,149,5,2028-02-10 19:00:00
866,289,4,2028-02-10 20:00:00
395,257,2,2028-02-10 21:00:00
513,454,4,2028-02-10 22:00:00
781,371,4,2028-02-10 23:00:00
798,184,3,2028-02-11 00:00:00
197,260,5,2028-02-11 01:00:00
274,150,2,2028-02-11 02:00:00
590,205,3,2028-02-11 03:00:00
653,442,2,2028-02-11 04:00:00
800,172,5,2028-02-11 05:00:00
583,313,1,2028-02-11 06:00:00
968,222,4,2028-02-11 07:00:00
562,168,5,2028-02-11 08:00:00
967,244,3,2028-02-11 09:00:00
372,218,2,2028-02-11 10:00:00
881,56,2,2028-02-11 11:00:00
80,63,4,2028-02-11 12:00:00
235,103,4,2028-02-11 13:00:00
287,373,5,2028-02-11 14:00:00
819,167,3,2028-02-11 15:00:00
667,7,5,2028-02-11 16:00:00
572,142,5,2028-02-11 17:00:00
545,125,5,2028-02-11 18:00:00
437,90,4,2028-02-11 19:00:00
127,402,5,2028-02-11 20:00:00
733,311,5,2028-02-11 21:00:00
712,371,4,2028-02-11 22:00:00
417,440,3,2028-02-11 23:00:00
638,216,5,2028-02-12 00:00:00
41,441,5,2028-02-12 01:00:00
787,123,2,2028-02-12 02:00:00
469,372,5,2028-02-12 03:00:00
297,186,3,2028-02-12 04:00:00
597,371,3,2028-02-12 05:00:00
601,153,3,2028-02-12 06:00:00
42,249,3,2028-02-12 07:00:00
632,114,4,2028-02-12 08:00:00
279,96,4,2028-02-12 09:00:00
459,198,4,2028-02-12 10:00:00
33,336,4,2028-02-12 11:00:00
276,3,5,2028-02-12 12:00:00
665,149,1,2028-02-12 13:00:00
90,416,5,2028-02-12 14:00:00
616,386,5,2028-02-12 15:00:00
948,111,5,2028-02-12 16:00:00
524,20,4,2028-02-12 17:00:00
929,371,1,2028-02-12 19:00:00
458,402,1,2028-02-12 20:00:00
708,182,5,2028-02-12 21:00:00
399,331,5,2028-02-12 22:00:00
819,227,3,2028-02-12 23:00:00
774,292,4,2028-02-13 00:00:00
91,358,4,2028-02-13 01:00:00
709,76,4,2028-02-13 02:00:00
581,317,4,2028-02-13 03:00:00
466,316,5,2028-02-13 04:00:00
220,223,5,2028-02-13 05:00:00
419,373,5,2028-02-13 06:00:00
379,36,4,2028-02-13 07:00:00
726,478,3,2028-02-13 08:00:00
930,428,4,2028-02-13 09:00:00
447,324,4,2028-02-13 10:00:00
964,450,3,2028-02-13 11:00:00
146,300,4,2028-02-13 12:00:00
233,333,4,2028-02-13 13:00:00
371,90,5,2028-02-13 14:00:00
922,29,3,2028-02-13 15:00:00
234,176,4,2028-02-13 16:00:00
726,420,4,2028-02-13 17:00:00
481,136,3,2028-02-13 19:00:00
573,389,1,2028-02-13 20:00:00
363,352,3,2028-02-13 21:00:00
590,478,1,2028-02-13 22:00:00
511,462,5,2028-02-13 23:00:00
95,175,2,2028-02-14 00:00:00
842,126,5,2028-02-14 01:00:00
216,171,5,2028-02-14 02:00:00
725,394,4,2028-02-14 03:00:00
816,266,1,2028-02-14 04:00:00
712,134,4,2028-02-14 05:00:00
864,272,3,2028-02-14 06:00:00
543,444,2,2028-02-14 07:00:00
802,26,4,2028-02-14 08:00:00
855,277,3,2028-02-14 09:00:00
985,100,5,2028-02-14 10:00:00
135,442,4,2028-02-14 11:00:00
83,425,5,2028-02-14 12:00:00
391,362,1,2028-02-14 13:00:00
47,30,3,2028-02-14 14:00:00
392,133,4,2028-02-14 15:00:00
718,394,5,2028-02-14 16:00:00
385,496,5,2028-02-14 17:00:00
381,351,4,2028-02-14 18:00:00
77,139,4,2028-02-14 19:00:00
259,486,4,2028-02-14 20:00:00
949,191,3,2028-02-14 21:00:00
604,391,4,2028-02-14 22:00:00
934,187,4,2028-02-14 23:00:00
947,140,3,2028-02-15 00:00:00
399,320,5,2028-02-15 01:00:00
100,379,5,2028-02-15 02:00:00
501,237,1,2028-02-15 03:00:00
383,369,5,2028-02-15 04:00:00
707,297,3,2028-02-15 05:00:00
192,444,3,2028-02-15 06:00:00
580,200,5,2028-02-15 07:00:00
901,284,4,2028-02-15 08:00:00
754,379,5,2028-02-15 09:00:00
602,80,3,2028-02-15 10:00:00
345,447,5,2028-02-15 11:00:00
10,259,5,2028-02-15 12:00:00
264,101,4,2028-02-15 13:00:00
268,32,5,2028-02-15 14:00:00
832,277,5,2028-02-15 15:00:00
630,121,4,2028-02-15 16:00:00
762,55,4,2028-02-15 17:00:00
571,493,5,2028-02-15 18:00:00
195,18,3,2028-02-15 19:00:00
987,309,5,2028-02-15 20:00:00
562,368,1,2028-02-15 21:00:00
407,121,4,2028-02-15 22:00:00
296,110,5,2028-02-15 23:00:00
890,331,4,2028-02-16 00:00:00
97,61,3,2028-02-16 01:00:00
462,434,4,2028-02-16 02:00:00
639,264,5,2028-02-16 03:00:00
758,268,4,2028-02-16 04:00:00
87,435,3,2028-02-16 05:00:00
991,500,4,2028-02-16 06:00:00
77,450,4,2028-02-16 07:00:00
889,297,4,2028-02-16 08:00:00
716,406,3,2028-02-16 09:00:00
483,127,1,2028-02-16 10:00:00
146,137,4,2028-02-16 11:00:00
661,78,4,2028-02-16 12:00:00
111,207,4,2028-02-16 13:00:00
641,395,3,2028-02-16 14:00:00
765,397,3,2028-02-16 15:00:00
678,184,5,2028-02-16 16:00:00
297,412,4,2028-02-16 17:00:00
426,89,2,2028-02-16 18:00:00
649,320,1,2028-02-16 19:00:00
791,229,3,2028-02-16 20:00:00
334,64,4,2028-02-16 21:00:00
523,326,4,2028-02-16 22:00:00
583,55,2,2028-02-16 23:00:00
671,293,4,2028-02-17 00:00:00
728,417,1,2028-02-17 01:00:00
538,281,1,2028-02-17 02:00:00
798,370,5,2028-02-17 03:00:00
162,279,4,2028-02-17 04:00:00
430,188,5,2028-02-17 05:00:00
614,440,2,2028-02-17 06:00:00
69,191,3,2028-02-17 07:00:00
133,392,4,2028-02-17 08:00:00
189,273,4,2028-02-17 09:00:00
723,95,4,2028-02-17 10:00:00
755,90,4,2028-02-17 11:00:00
678,247,2,2028-02-17 12:00:00
924,441,4,2028-02-17 13:00:00
922,75,5,2028-02-17 14:00:00
573,62,4,2028-02-17 15:00:00
874,222,2,2028-02-17 16:00:00
279,267,4,2028-02-17 17:00:00
430,451,5,2028-02-17 18:00:00
625,424,2,2028-02-17 19:00:00
542,424,4,2028-02-17 20:00:00
835,121,5,2028-02-17 21:00:00
988,312,3,2028-02-17 22:00:00
161,309,1,2028-02-17 23:00:00
746,341,4,2028-02-18 00:00:00
899,483,1,2028-02-18 01:00:00
453,28,2,2028-02-18 02:00:00
889,342,1,2028-02-18 03:00:00
851,426,2,2028-02-18 04:00:00
170,371,5,2028-02-18 05:00:00
830,302,5,2028-02-18 06:00:00
698,274,3,2028-02-18 07:00:00
57,23,5,2028-02-18 08:00:00
240,410,4,2028-02-18 09:00:00
769,99,4,2028-02-18 10:00:00
358,285,1,2028-02-18 11:00:00
201,308,5,2028-02-18 12:00:00
444,110,3,2028-02-18 13:00:00
837,203,3,2028-02-18 14:00:00
827,106,3,2028-02-18 15:00:00
302,46,1,2028-02-18 16:00:00
106,257,5,2028-02-18 17:00:00
802,447,2,2028-02-18 18:00:00
101,144,4,2028-02-18 19:00:00
97,25,1,2028-02-18 20:00:00
665,62,4,2028-02-18 21:00:00
938,230,3,2028-02-18 22:00:00
29,82,4,2028-02-18 23:00:00
506,336,2,2028-02-19 00:00:00
665,211,3,2028-02-19 01:00:00
438,400,2,2028-02-19 02:00:00
379,197,4,2028-02-19 03:00:00
73,347,2,2028-02-19 04:00:00
254,492,4,2028-02-19 05:00:00
963,198,2,2028-02-19 06:00:00
911,377,5,2028-02-19 07:00:00
516,162,4,2028-02-19 08:00:00
749,208,2,2028-02-19 09:00:00
550,309,1,2028-02-19 10:00:00
20,407,3,2028-02-19 11:00:00
625,427,5,2028-02-19 12:00:00
535,44,2,2028-02-19 13:00:00
421,288,5,2028-02-19 14:00:00
446,491,4,2028-02-19 15:00:00
879,279,5,2028-02-19 16:00:00
136,404,5,2028-02-19 17:00:00
505,275,5,2028-02-19 18:00:00
933,221,1,2028-02-19 19:00:00
760,456,5,2028-02-19 20:00:00
301,285,1,2028-02-19 21:00:00
609,146,3,2028-02-19 22:00:00
33,69,4,2028-02-19 23:00:00
647,140,4,2028-02-20 00:00:00
767,10,4,2028-02-20 01:00:00
278,111,5,2028-02-20 02:00:00
133,37,5,2028-02-20 03:00:00
750,81,3,2028-02-20 04:00:00
527,96,4,2028-02-20 05:00:00
789,55,1,2028-02-20 06:00:00
126,132,4,2028-02-20 07:00:00
345,223,4,2028-02-20 08:00:00
17,384,5,2028-02-20 09:00:00
824,63,5,2028-02-20 10:00:00
562,474,3,2028-02-20 11:00:00
647,12,5,2028-02-20 12:00:00
630,146,4,2028-02-20 13:00:00
378,264,1,2028-02-20 14:00:00
818,32,3,2028-02-20 15:00:00
60,468,4,2028-02-20 16:00:00
637,49,3,2028-02-20 17:00:00
467,360,2,2028-02-20 18:00:00
628,447,4,2028-02-20 19:00:00
391,461,2,2028-02-20 20:00:00
936,187,5,2028-02-20 21:00:00
685,343,5,2028-02-20 22:00:00
187,451,4,2028-02-20 23:00:00
498,99,1,2028-02-21 00:00:00
600,167,4,2028-02-21 01:00:00
715,306,4,2028-02-21 02:00:00
361,213,5,2028-02-21 03:00:00
823,199,1,2028-02-21 04:00:00
832,246,4,2028-02-21 05:00:00
449,154,4,2028-02-21 06:00:00
694,407,2,2028-02-21 07:00:00
864,96,2,2028-02-21 08:00:00
680,63,4,2028-02-21 09:00:00
181,194,3,2028-02-21 10:00:00
812,423,5,2028-02-21 11:00:00
959,322,5,2028-02-21 12:00:00
130,359,4,2028-02-21 13:00:00
975,302,4,2028-02-21 14:00:00
149,399,2,2028-02-21 15:00:00
472,272,5,2028-02-21 16:00:00
818,376,4,2028-02-21 17:00:00
721,90,4,2028-02-21 18:00:00
623,328,5,2028-02-21 19:00:00
948,272,1,2028-02-21 20:00:00
500,85,4,2028-02-21 21:00:00
649,295,4,2028-02-21 22:00:00
355,395,2,2028-02-21 23:00:00
916,472,1,2028-02-22 00:00:00
211,36,4,2028-02-22 01:00:00
658,18,4,2028-02-22 02:00:00
596,407,3,2028-02-22 03:00:00
30,77,5,2028-02-22 04:00:00
1000,49,3,2028-02-22 05:00:00
577,492,4,2028-02-22 06:00:00
24,498,2,2028-02-22 07:00:00
984,426,1,2028-02-22 08:00:00
943,359,4,2028-02-22 09:00:00
723,236,4,2028-02-22 10:00:00
222,44,5,2028-02-22 11:00:00
602,109,4,2028-02-22 12:00:00
618,129,3,2028-02-22 13:00:00
684,7,4,2028-02-22 14:00:00
742,304,3,2028-02-22 15:00:00
925,112,3,2028-02-22 16:00:00
589,213,5,2028-02-22 17:00:00
580,400,4,2028-02-22 18:00:00
877,304,3,2028-02-22 19:00:00
401,462,4,2028-02-22 20:00:00
865,427,5,2028-02-22 21:00:00
901,307,5,2028-02-22 22:00:00
604,363,4,2028-02-22 23:00:00
512,66,4,2028-02-23 00:00:00
88,31,5,2028-02-23 01:00:00
465,295,5,2028-02-23 02:00:00
50,265,4,2028-02-23 03:00:00
103,297,4,2028-02-23 04:00:00
368,319,2,2028-02-23 05:00:00
936,14,1,2028-02-23 06:00:00
492,58,5,2028-02-23 07:00:00
558,458,5,2028-02-23 08:00:00
691,496,5,2028-02-23 09:00:00
779,344,3,2028-02-23 10:00:00
268,242,2,2028-02-23 11:00:00
397,353,3,2028-02-23 12:00:00
320,248,5,2028-02-23 13:00:00
520,98,3,2028-02-23 14:00:00
449,468,5,2028-02-23 15:00:00
777,448,4,2028-02-23 16:00:00
476,412,4,2028-02-23 17:00:00
898,388,5,2028-02-23 18:00:00
590,162,5,2028-02-23 19:00:00
909,388,5,2028-02-23 20:00:00
240,247,2,2028-02-23 21:00:00
258,326,5,2028-02-23 22:00:00
708,442,3,2028-02-23 23:00:00
972,342,3,2028-02-24 00:00:00
944,4,5,2028-02-24 01:00:00
842,306,3,2028-02-24 02:00:00
643,261,4,2028-02-24 03:00:00
964,331,4,2028-02-24 04:00:00
390,45,4,2028-02-24 05:00:00
343,419,5,2028-02-24 06:00:00
773,211,5,2028-02-24 07:00:00
754,244,3,2028-02-24 08:00:00
387,203,1,2028-02-24 09:00:00
394,203,5,2028-02-24 10:00:00
683,373,4,2028-02-24 11:00:00
659,27,2,2028-02-24 12:00:00
270,386,4,2028-02-24 13:00:00
149,438,1,2028-02-24 14:00:00
380,495,2,2028-02-24 15:00:00
811,118,4,2028-02-24 16:00:00
28,456,4,2028-02-24 17:00:00
149,226,3,2028-02-24 18:00:00
280,468,5,2028-02-24 20:00:00
182,471,4,2028-02-24 21:00:00
166,463,4,2028-02-24 22:00:00
17,432,4,2028-02-24 23:00:00
150,205,4,2028-02-25 00:00:00
339,247,5,2028-02-25 01:00:00
45,479,3,2028-02-25 02:00:00
502,49,2,2028-02-25 03:00:00
842,366,4,2028-02-25 04:00:00
189,253,2,2028-02-25 05:00:00
651,78,4,2028-02-25 06:00:00
61,257,3,2028-02-25 07:00:00
294,120,3,2028-02-25 08:00:00
834,475,4,2028-02-25 09:00:00
33,417,5,2028-02-25 10:00:00
299,35,4,2028-02-25 11:00:00
415,438,2,2028-02-25 12:00:00
624,312,5,2028-02-25 13:00:00
803,143,4,2028-02-25 14:00:00
549,197,3,2028-02-25 15:00:00
431,485,4,2028-02-25 16:00:00
495,260,2,2028-02-25 17:00:00
100,366,3,2028-02-25 18:00:00
23,84,5,2028-02-25 19:00:00
420,192,4,2028-02-25 20:00:00
424,487,4,2028-02-25 21:00:00
487,22,3,2028-02-25 22:00:00
730,24,3,2028-02-25 23:00:00
89,431,5,2028-02-26 00:00:00
209,75,3,2028-02-26 01:00:00
271,366,4,2028-02-26 02:00:00
933,134,4,2028-02-26 03:00:00
749,411,1,2028-02-26 04:00:00
900,394,5,2028-02-26 05:00:00
406,167,2,2028-02-26 06:00:00
721,458,4,2028-02-26 07:00:00
278,110,5,2028-02-26 08:00:00
977,90,5,2028-02-26 09:00:00
206,37,5,2028-02-26 10:00:00
590,310,5,2028-02-26 11:00:00
913,481,4,2028-02-26 12:00:00
328,51,5,2028-02-26 13:00:00
610,60,5,2028-02-26 14:00:00
858,72,4,2028-02-26 15:00:00
877,128,4,2028-02-26 16:00:00
862,307,4,2028-02-26 17:00:00
982,62,3,2028-02-26 18:00:00
336,305,2,2028-02-26 19:00:00
606,179,3,2028-02-26 20:00:00
592,28,5,2028-02-26 21:00:00
38,240,4,2028-02-26 22:00:00
920,420,5,2028-02-26 23:00:00
228,232,5,2028-02-27 00:00:00
483,153,3,2028-02-27 01:00:00
134,420,2,2028-02-27 02:00:00
708,333,4,2028-02-27 03:00:00
978,444,5,2028-02-27 04:00:00
390,7,5,2028-02-27 05:00:00
794,65,5,2028-02-27 06:00:00
613,457,5,2028-02-27 07:00:00
987,123,4,2028-02-27 08:00:00
425,476,2,2028-02-27 09:00:00
587,36,3,2028-02-27 10:00:00
806,238,4,2028-02-27 11:00:00
510,478,3,2028-02-27 12:00:00
720,73,5,2028-02-27 13:00:00
595,30,3,2028-02-27 14:00:00
427,227,2,2028-02-27 15:00:00
949,303,5,2028-02-27 16:00:00
655,347,4,2028-02-27 17:00:00
474,285,3,2028-02-27 18:00:00
568,5,5,2028-02-27 19:00:00
361,65,4,2028-02-27 20:00:00
952,235,4,2028-02-27 21:00:00
799,115,5,2028-02-27 22:00:00
211,453,2,2028-02-27 23:00:00
953,319,5,2028-02-28 00:00:00
179,246,5,2028-02-28 01:00:00
920,349,2,2028-02-28 02:00:00
58,440,4,2028-02-28 03:00:00
73,17,5,2028-02-28 04:00:00
215,383,5,2028-02-28 05:00:00
900,307,5,2028-02-28 06:00:00
778,369,2,2028-02-28 07:00:00
959,37,2,2028-02-28 08:00:00
73,344,4,2028-02-28 09:00:00
467,372,4,2028-02-28 10:00:00
271,381,5,2028-02-28 11:00:00
499,219,4,2028-02-28 12:00:00
354,137,3,2028-02-28 13:00:00
234,246,2,2028-02-28 14:00:00
319,38,1,2028-02-28 15:00:00
19,251,1,2028-02-28 16:00:00
625,53,4,2028-02-28 17:00:00
575,397,2,2028-02-28 18:00:00
372,346,5,2028-02-28 19:00:00
184,309,4,2028-02-28 20:00:00
277,203,5,2028-02-28 21:00:00
674,375,4,2028-02-28 22:00:00
755,472,4,2028-02-28 23:00:00
145,375,4,2028-02-29 00:00:00
658,481,5,2028-02-29 01:00:00
81,49,5,2028-02-29 02:00:00
322,122,4,2028-02-29 03:00:00
435,326,4,2028-02-29 04:00:00
833,419,3,2028-02-29 05:00:00
43,16,5,2028-02-29 06:00:00
313,269,5,2028-02-29 07:00:00
906,236,2,2028-02-29 08:00:00
293,121,4,2028-02-29 09:00:00
688,139,4,2028-02-29 10:00:00
888,87,5,2028-02-29 11:00:00
69,130,1,2028-02-29 12:00:00
56,252,2,2028-02-29 13:00:00
631,350,1,2028-02-29 14:00:00
204,275,2,2028-02-29 15:00:00
420,360,5,2028-02-29 16:00:00
927,301,2,2028-02-29 17:00:00
567,430,4,2028-02-29 18:00:00
550,47,5,2028-02-29 19:00:00
243,433,1,2028-02-29 20:00:00
201,79,1,2028-02-29 21:00:00
748,298,5,2028-02-29 22:00:00
474,417,4,2028-02-29 23:00:00
527,364,2,2028-03-01 00:00:00
656,425,3,2028-03-01 01:00:00
77,375,5,2028-03-01 02:00:00
985,453,3,2028-03-01 03:00:00
478,342,5,2028-03-01 04:00:00
821,219,3,2028-03-01 05:00:00
440,111,3,2028-03-01 06:00:00
263,227,5,2028-03-01 07:00:00
185,275,1,2028-03-01 08:00:00
55,256,3,2028-03-01 09:00:00
308,39,4,2028-03-01 10:00:00
516,135,4,2028-03-01 11:00:00
299,295,1,2028-03-01 12:00:00
552,98,4,2028-03-01 13:00:00
230,34,3,2028-03-01 14:00:00
377,475,1,2028-03-01 15:00:00
286,428,3,2028-03-01 16:00:00
138,453,5,2028-03-01 17:00:00
478,68,3,2028-03-01 18:00:00
615,191,4,2028-03-01 19:00:00
7,199,3,2028-03-01 20:00:00
676,48,2,2028-03-01 21:00:00
419,259,3,2028-03-01 22:00:00
472,213,4,2028-03-01 23:00:00
935,162,3,2028-03-02 00:00:00
420,113,4,2028-03-02 01:00:00
877,137,5,2028-03-02 02:00:00
276,317,1,2028-03-02 03:00:00
561,404,5,2028-03-02 04:00:00
608,424,1,2028-03-02 05:00:00
571,381,1,2028-03-02 06:00:00
743,12,2,2028-03-02 07:00:00
689,359,4,2028-03-02 08:00:00
90,238,1,2028-03-02 09:00:00
282,284,5,2028-03-02 10:00:00
548,176,1,2028-03-02 11:00:00
171,225,4,2028-03-02 12:00:00
638,458,4,2028-03-02 13:00:00
995,75,3,2028-03-02 14:00:00
811,135,4,2028-03-02 15:00:00
355,82,3,2028-03-02 16:00:00
204,83,3,2028-03-02 17:00:00
289,142,5,2028-03-02 18:00:00
868,209,3,2028-03-02 19:00:00
462,215,5,2028-03-02 20:00:00
609,403,3,2028-03-02 21:00:00
750,310,3,2028-03-02 22:00:00
173,255,2,2028-03-02 23:00:00
301,188,4,2028-03-03 00:00:00
600,493,3,2028-03-03 01:00:00
911,247,1,2028-03-03 02:00:00
863,255,4,2028-03-03 03:00:00
529,323,1,2028-03-03 04:00:00
140,162,5,2028-03-03 05:00:00
766,345,4,2028-03-03 06:00:00
278,425,4,2028-03-03 07:00:00
663,415,5,2028-03-03 08:00:00
511,167,1,2028-03-03 09:00:00
346,78,3,2028-03-03 10:00:00
846,485,1,2028-03-03 11:00:00
140,436,1,2028-03-03 12:00:00
114,175,1,2028-03-03 13:00:00
580,20,4,2028-03-03 14:00:00
507,96,4,2028-03-03 15:00:00
366,481,1,2028-03-03 16:00:00
691,180,3,2028-03-03 17:00:00
637,95,3,2028-03-03 18:00:00
397,71,3,2028-03-03 19:00:00
825,190,4,2028-03-03 20:00:00
823,389,4,2028-03-03 21:00:00
850,441,3,2028-03-03 22:00:00
875,132,5,2028-03-03 23:00:00
924,139,4,2028-03-04 00:00:00
870,275,4,2028-03-04 01:00:00
745,102,2,2028-03-04 02:00:00
940,468,3,2028-03-04 03:00:00
659,283,5,2028-03-04 04:00:00
942,29,5,2028-03-04 05:00:00
111,18,5,2028-03-04 06:00:00
875,421,1,2028-03-04 07:00:00
358,445,2,2028-03-04 08:00:00
238,244,4,2028-03-04 09:00:00
3,175,5,2028-03-04 10:00:00
723,89,2,2028-03-04 11:00:00
404,20,5,2028-03-04 12:00:00
25,326,4,2028-03-04 13:00:00
843,356,5,2028-03-04 14:00:00
509,433,4,2028-03-04 15:00:00
696,399,4,2028-03-04 16:00:00
465,18,3,2028-03-04 17:00:00
61,38,5,2028-03-04 18:00:00
508,376,5,2028-03-04 19:00:00
123,89,5,2028-03-04 20:00:00
497,340,1,2028-03-04 21:00:00
55,150,4,2028-03-04 22:00:00
163,499,5,2028-03-04 23:00:00
974,204,4,2028-03-05 00:00:00
699,233,2,2028-03-05 01:00:00
39,104,5,2028-03-05 02:00:00
697,444,3,2028-03-05 03:00:00
83,111,1,2028-03-05 04:00:00
707,225,4,2028-03-05 05:00:00
546,221,2,2028-03-05 06:00:00
113,450,2,2028-03-05 07:00:00
425,26,4,2028-03-05 08:00:00
918,64,4,2028-03-05 09:00:00
230,254,5,2028-03-05 10:00:00
283,249,5,2028-03-05 11:00:00
917,224,5,2028-03-05 12:00:00
937,314,4,2028-03-05 13:00:00
287,131,3,2028-03-05 14:00:00
155,30,4,2028-03-05 15:00:00
165,275,4,2028-03-05 16:00:00
962,10,4,2028-03-05 17:00:00
182,89,3,2028-03-05 18:00:00
239,430,3,2028-03-05 19:00:00
649,147,4,2028-03-05 20:00:00
339,127,1,2028-03-05 21:00:00
938,186,5,2028-03-05 22:00:00
512,124,4,2028-03-05 23:00:00
932,107,5,2028-03-06 00:00:00
266,341,2,2028-03-06 01:00:00
187,6,4,2028-03-06 02:00:00
40,51,5,2028-03-06 03:00:00
822,398,3,2028-03-06 04:00:00
493,314,3,2028-03-06 05:00:00
679,136,3,2028-03-06 06:00:00
391,2,3,2028-03-06 07:00:00
260,18,4,2028-03-06 08:00:00
655,249,3,2028-03-06 09:00:00
716,470,4,2028-03-06 10:00:00
176,185,4,2028-03-06 11:00:00
774,222,2,2028-03-06 12:00:00
764,228,5,2028-03-06 13:00:00
329,348,3,2028-03-06 14:00:00
931,419,4,2028-03-06 15:00:00
200,194,1,2028-03-06 16:00:00
711,312,5,2028-03-06 17:00:00
196,484,5,2028-03-06 18:00:00
826,210,3,2028-03-06 19:00:00
589,299,2,2028-03-06 20:00:00
531,329,5,2028-03-06 21:00:00
62,476,3,2028-03-06 22:00:00
327,72,5,2028-03-06 23:00:00
906,117,5,2028-03-07 00:00:00
281,264,4,2028-03-07 01:00:00
940,5,5,2028-03-07 02:00:00
762,269,3,2028-03-07 03:00:00
227,7,5,2028-03-07 04:00:00
639,21,3,2028-03-07 05:00:00
58,477,3,2028-03-07 06:00:00
921,37,5,2028-03-07 07:00:00
477,173,4,2028-03-07 08:00:00
376,436,5,2028-03-07 09:00:00
716,432,5,2028-03-07 10:00:00
243,62,4,2028-03-07 11:00:00
367,206,2,2028-03-07 12:00:00
936,101,4,2028-03-07 13:00:00
844,119,1,2028-03-07 14:00:00
500,179,3,2028-03-07 15:00:00
838,132,4,2028-03-07 16:00:00
252,376,5,2028-03-07 17:00:00
906,342,5,2028-03-07 18:00:00
322,440,3,2028-03-07 19:00:00
376,75,5,2028-03-07 20:00:00
409,290,5,2028-03-07 21:00:00
711,45,3,2028-03-07 22:00:00
488,144,2,2028-03-07 23:00:00
343,137,2,2028-03-08 00:00:00
240,208,4,2028-03-08 01:00:00
139,231,1,2028-03-08 02:00:00
122,272,4,2028-03-08 03:00:00
420,95,5,2028-03-08 04:00:00
561,415,4,2028-03-08 05:00:00
304,397,5,2028-03-08 06:00:00
115,384,4,2028-03-08 07:00:00
343,261,1,2028-03-08 08:00:00
251,379,4,2028-03-08 09:00:00
7,127,5,2028-03-08 10:00:00
731,431,2,2028-03-08 11:00:00
589,167,3,2028-03-08 12:00:00
179,18,5,2028-03-08 13:00:00
145,148,3,2028-03-08 14:00:00
416,247,5,2028-03-08 15:00:00
666,130,4,2028-03-08 16:00:00
121,296,5,2028-03-08 17:00:00
124,414,4,2028-03-08 18:00:00
150,266,2,2028-03-08 19:00:00
397,320,3,2028-03-08 20:00:00
381,42,3,2028-03-08 21:00:00
780,203,5,2028-03-08 22:00:00
839,181,4,2028-03-08 23:00:00
1,349,5,2028-03-09 00:00:00
673,181,3,2028-03-09 01:00:00
244,296,4,2028-03-09 02:00:00
887,144,1,2028-03-09 03:00:00
398,432,1,2028-03-09 04:00:00
251,381,3,2028-03-09 05:00:00
879,61,5,2028-03-09 06:00:00
576,476,4,2028-03-09 07:00:00
299,209,4,2028-03-09 08:00:00
760,166,5,2028-03-09 09:00:00
954,370,4,2028-03-09 10:00:00
297,497,4,2028-03-09 11:00:00
977,300,5,2028-03-09 12:00:00
964,143,4,2028-03-09 13:00:00
500,351,5,2028-03-09 14:00:00
115,61,4,2028-03-09 15:00:00
807,263,1,2028-03-09 16:00:00
1,124,5,2028-03-09 17:00:00
553,238,5,2028-03-09 18:00:00
685,30,4,2028-03-09 19:00:00
600,420,4,2028-03-09 20:00:00
482,255,4,2028-03-09 21:00:00
610,369,5,2028-03-09 22:00:00
600,90,5,2028-03-09 23:00:00
763,139,1,2028-03-10 00:00:00
510,379,5,2028-03-10 01:00:00
335,454,4,2028-03-10 02:00:00
465,362,1,2028-03-10 03:00:00
141,413,4,2028-03-10 04:00:00
583,348,2,2028-03-10 05:00:00
137,207,5,2028-03-10 06:00:00
959,93,1,2028-03-10 07:00:00
611,134,5,2028-03-10 08:00:00
663,368,5,2028-03-10 09:00:00
950,204,1,2028-03-10 10:00:00
687,307,5,2028-03-10 11:00:00
167,336,4,2028-03-10 12:00:00
343,110,5,2028-03-10 13:00:00
410,38,5,2028-03-10 14:00:00
769,457,4,2028-03-10 15:00:00
910,22,5,2028-03-10 16:00:00
736,225,2,2028-03-10 17:00:00
880,346,3,2028-03-10 18:00:00
842,438,5,2028-03-10 19:00:00
65,168,2,2028-03-10 20:00:00
581,135,5,2028-03-10 21:00:00
67,110,5,2028-03-10 22:00:00
433,224,4,2028-03-10 23:00:00
50,168,3,2028-03-11 00:00:00
314,107,2,2028-03-11 01:00:00
603,24,4,2028-03-11 03:00:00
115,297,5,2028-03-11 04:00:00
886,307,4,2028-03-11 05:00:00
569,423,4,2028-03-11 06:00:00
342,358,3,2028-03-11 07:00:00
530,370,2,2028-03-11 08:00:00
784,485,5,2028-03-11 09:00:00
642,211,1,2028-03-11 10:00:00
495,171,3,2028-03-11 11:00:00
269,69,5,2028-03-11 12:00:00
941,222,4,2028-03-11 13:00:00
80,443,3,2028-03-11 14:00:00
456,153,5,2028-03-11 15:00:00
299,350,4,2028-03-11 16:00:00
968,376,3,2028-03-11 17:00:00
822,281,5,2028-03-11 18:00:00
202,201,2,2028-03-11 19:00:00
503,219,4,2028-03-11 20:00:00
737,408,5,2028-03-11 21:00:00
671,446,5,2028-03-11 22:00:00
716,104,3,2028-03-11 23:00:00
649,299,2,2028-03-12 00:00:00
485,315,4,2028-03-12 01:00:00
585,310,5,2028-03-12 02:00:00
560,486,4,2028-03-12 03:00:00
18,335,4,2028-03-12 04:00:00
478,230,3,2028-03-12 05:00:00
992,410,4,2028-03-12 06:00:00
488,54,5,2028-03-12 07:00:00
983,189,3,2028-03-12 08:00:00
779,222,3,2028-03-12 09:00:00
446,75,4,2028-03-12 10:00:00
340,349,3,2028-03-12 11:00:00
531,463,4,2028-03-12 12:00:00
612,172,2,2028-03-12 13:00:00
116,393,3,2028-03-12 14:00:00
858,42,5,2028-03-12 15:00:00
74,157,4,2028-03-12 16:00:00
792,335,5,2028-03-12 17:00:00
269,81,5,2028-03-12 18:00:00
637,208,3,2028-03-12 19:00:00
116,314,3,2028-03-12 20:00:00
686,86,4,2028-03-12 21:00:00
693,232,3,2028-03-12 22:00:00
738,447,5,2028-03-12 23:00:00
669,177,2,2028-03-13 00:00:00
164,107,1,2028-03-13 01:00:00
583,139,3,2028-03-13 02:00:00
222,102,4,2028-03-13 03:00:00
126,473,5,2028-03-13 04:00:00
657,310,2,2028-03-13 05:00:00
176,30,4,2028-03-13 06:00:00
973,194,2,2028-03-13 07:00:00
664,321,4,2028-03-13 08:00:00
694,244,1,2028-03-13 09:00:00
375,486,4,2028-03-13 10:00:00
991,314,4,2028-03-13 11:00:00
859,185,1,2028-03-13 12:00:00
498,293,4,2028-03-13 13:00:00
85,247,4,2028-03-13 14:00:00
876,118,4,2028-03-13 15:00:00
383,438,4,2028-03-13 16:00:00
633,73,5,2028-03-13 17:00:00
641,69,4,2028-03-13 18:00:00
463,242,5,2028-03-13 19:00:00
451,152,5,2028-03-13 20:00:00
518,319,5,2028-03-13 21:00:00
846,475,5,2028-03-13 22:00:00
695,94,5,2028-03-13 23:00:00
550,435,3,2028-03-14 00:00:00
929,271,5,2028-03-14 01:00:00
116,431,3,2028-03-14 02:00:00
614,457,1,2028-03-14 03:00:00
8,430,5,2028-03-14 04:00:00
218,229,3,2028-03-14 05:00:00
719,30,4,2028-03-14 06:00:00
590,113,5,2028-03-14 07:00:00
880,335,1,2028-03-14 08:00:00
404,148,3,2028-03-14 09:00:00
567,57,4,2028-03-14 10:00:00
304,177,5,2028-03-14 11:00:00
467,312,5,2028-03-14 12:00:00
952,56,5,2028-03-14 13:00:00
993,409,2,2028-03-14 14:00:00
740,265,3,2028-03-14 15:00:00
88,237,5,2028-03-14 16:00:00
10,278,5,2028-03-14 17:00:00
308,77,3,2028-03-14 18:00:00
434,421,3,2028-03-14 19:00:00
802,124,3,2028-03-14 20:00:00
164,28,5,2028-03-14 21:00:00
239,142,5,2028-03-14 22:00:00
317,158,1,2028-03-14 23:00:00
996,167,3,2028-03-15 00:00:00
656,185,3,2028-03-15 01:00:00
335,389,5,2028-03-15 02:00:00
18,12,5,2028-03-15 03:00:00
71,419,4,2028-03-15 04:00:00
175,169,1,2028-03-15 05:00:00
854,319,2,2028-03-15 06:00:00
800,426,4,2028-03-15 07:00:00
811,381,5,2028-03-15 08:00:00
339,449,2,2028-03-15 09:00:00
936,494,5,2028-03-15 10:00:00
248,449,2,2028-03-15 11:00:00
193,106,4,2028-03-15 12:00:00
419,254,5,2028-03-15 13:00:00
325,427,4,2028-03-15 14:00:00
306,444,5,2028-03-15 15:00:00
780,404,5,2028-03-15 16:00:00
204,98,3,2028-03-15 17:00:00
853,119,3,2028-03-15 18:00:00
123,226,5,2028-03-15 19:00:00
570,447,1,2028-03-15 20:00:00
851,375,4,2028-03-15 21:00:00
447,152,5,2028-03-15 22:00:00
713,476,5,2028-03-15 23:00:00
491,203,5,2028-03-16 00:00:00
433,456,1,2028-03-16 01:00:00
624,163,5,2028-03-16 02:00:00
128,297,5,2028-03-16 03:00:00
548,122,4,2028-03-16 04:00:00
746,16,3,2028-03-16 05:00:00
822,378,4,2028-03-16 06:00:00
47,336,5,2028-03-16 07:00:00
505,106,5,2028-03-16 08:00:00
115,262,3,2028-03-16 09:00:00
416,20,3,2028-03-16 10:00:00
767,440,5,2028-03-16 11:00:00
995,244,4,2028-03-16 12:00:00
223,244,4,2028-03-16 13:00:00
636,459,4,2028-03-16 14:00:00
949,392,4,2028-03-16 15:00:00
503,212,1,2028-03-16 16:00:00
672,224,1,2028-03-16 17:00:00
958,353,4,2028-03-16 18:00:00
933,262,3,2028-03-16 19:00:00
96,220,5,2028-03-16 20:00:00
107,8,5,2028-03-16 21:00:00
632,446,5,2028-03-16 22:00:00
613,14,5,2028-03-16 23:00:00
615,387,2,2028-03-17 00:00:00
678,130,3,2028-03-17 01:00:00
926,22,3,2028-03-17 02:00:00
698,225,5,2028-03-17 03:00:00
493,341,3,2028-03-17 05:00:00
66,454,2,2028-03-17 06:00:00
179,488,5,2028-03-17 07:00:00
779,199,4,2028-03-17 08:00:00
443,134,4,2028-03-17 09:00:00
916,178,5,2028-03-17 10:00:00
549,44,5,2028-03-17 11:00:00
201,8,2,2028-03-17 12:00:00
870,280,4,2028-03-17 13:00:00
49,27,4,2028-03-17 14:00:00
787,437,5,2028-03-17 15:00:00
951,51,2,2028-03-17 16:00:00
680,412,4,2028-03-17 17:00:00
263,443,4,2028-03-17 18:00:00
133,69,5,2028-03-17 19:00:00
810,467,5,2028-03-17 20:00:00
344,457,4,2028-03-17 21:00:00
176,281,4,2028-03-17 22:00:00
391,44,5,2028-03-17 23:00:00
11,175,5,2028-03-18 00:00:00
201,119,5,2028-03-18 01:00:00
945,365,5,2028-03-18 02:00:00
926,376,5,2028-03-18 03:00:00
809,269,1,2028-03-18 04:00:00
3,181,3,2028-03-18 05:00:00
214,53,4,2028-03-18 06:00:00
808,293,4,2028-03-18 07:00:00
307,191,3,2028-03-18 08:00:00
980,194,3,2028-03-18 09:00:00
544,371,4,2028-03-18 10:00:00
560,40,5,2028-03-18 11:00:00
327,78,4,2028-03-18 12:00:00
764,189,2,2028-03-18 13:00:00
199,95,1,2028-03-18 14:00:00
916,390,3,2028-03-18 15:00:00
601,25,5,2028-03-18 16:00:00
109,103,5,2028-03-18 17:00:00
291,302,4,2028-03-18 18:00:00
108,159,4,2028-03-18 19:00:00
408,358,5,2028-03-18 20:00:00
552,208,1,2028-03-18 21:00:00
973,447,3,2028-03-18 22:00:00
52,347,4,2028-03-18 23:00:00
112,94,5,2028-03-19 00:00:00
295,324,5,2028-03-19 01:00:00
580,39,3,2028-03-19 02:00:00
189,336,5,2028-03-19 03:00:00
844,164,4,2028-03-19 04:00:00
721,391,5,2028-03-19 05:00:00
65,341,3,2028-03-19 06:00:00
574,322,1,2028-03-19 07:00:00
465,55,2,2028-03-19 08:00:00
258,72,5,2028-03-19 09:00:00
646,42,1,2028-03-19 10:00:00
634,411,4,2028-03-19 11:00:00
331,386,4,2028-03-19 12:00:00
501,326,4,2028-03-19 13:00:00
683,132,4,2028-03-19 14:00:00
210,21,1,2028-03-19 15:00:00
808,1,2,2028-03-19 16:00:00
89,166,1,2028-03-19 17:00:00
679,60,1,2028-03-19 18:00:00
28,76,2,2028-03-19 19:00:00
238,91,4,2028-03-19 20:00:00
336,398,2,2028-03-19 21:00:00
63,207,3,2028-03-19 22:00:00
960,88,4,2028-03-19 23:00:00
767,82,2,2028-03-20 00:00:00
908,17,5,2028-03-20 01:00:00
553,329,4,2028-03-20 02:00:00
500,431,5,2028-03-20 03:00:00
541,210,2,2028-03-20 04:00:00
791,312,1,2028-03-20 05:00:00
469,383,4,2028-03-20 06:00:00
592,53,3,2028-03-20 07:00:00
51,128,4,2028-03-20 08:00:00
112,146,4,2028-03-20 09:00:00
873,453,4,2028-03-20 10:00:00
301,304,5,2028-03-20 11:00:00
90,393,2,2028-03-20 12:00:00
229,310,4,2028-03-20 13:00:00
150,419,4,2028-03-20 14:00:00
755,492,4,2028-03-20 15:00:00
138,248,1,2028-03-20 16:00:00
135,430,4,2028-03-20 17:00:00
457,1,4,2028-03-20 18:00:00
601,41,5,2028-03-20 19:00:00
494,73,5,2028-03-20 20:00:00
527,160,2,2028-03-20 21:00:00
333,212,4,2028-03-20 22:00:00
362,333,5,2028-03-20 23:00:00
174,296,4,2028-03-21 00:00:00
602,139,3,2028-03-21 01:00:00
213,446,3,2028-03-21 02:00:00
343,430,3,2028-03-21 03:00:00
61,304,1,2028-03-21 04:00:00
876,43,5,2028-03-21 05:00:00
732,179,4,2028-03-21 06:00:00
61,189,3,2028-03-21 07:00:00
819,246,4,2028-03-21 08:00:00
678,298,3,2028-03-21 09:00:00
524,154,3,2028-03-21 10:00:00
216,104,5,2028-03-21 11:00:00
589,11,5,2028-03-21 12:00:00
744,25,4,2028-03-21 13:00:00
624,296,5,2028-03-21 14:00:00
578,25,3,2028-03-21 15:00:00
694,84,1,2028-03-21 16:00:00
423,106,4,2028-03-21 17:00:00
716,241,3,2028-03-21 18:00:00
423,119,5,2028-03-21 19:00:00
371,459,3,2028-03-21 20:00:00
206,108,4,2028-03-21 21:00:00
286,330,4,2028-03-21 22:00:00
105,180,5,2028-03-21 23:00:00
754,369,5,2028-03-22 00:00:00
747,131,1,2028-03-22 01:00:00
688,295,3,2028-03-22 02:00:00
723,91,5,2028-03-22 03:00:00
543,419,4,2028-03-22 04:00:00
747,241,4,2028-03-22 05:00:00
242,247,2,2028-03-22 06:00:00
491,168,4,2028-03-22 07:00:00
665,223,3,2028-03-22 08:00:00
708,469,5,2028-03-22 09:00:00
498,278,3,2028-03-22 10:00:00
435,190,3,2028-03-22 11:00:00
781,19,2,2028-03-22 12:00:00
484,14,4,2028-03-22 13:00:00
447,485,5,2028-03-22 14:00:00
384,243,2,2028-03-22 15:00:00
510,109,1,2028-03-22 16:00:00
170,434,4,2028-03-22 17:00:00
950,190,5,2028-03-22 18:00:00
869,471,5,2028-03-22 19:00:00
323,218,1,2028-03-22 20:00:00
848,299,5,2028-03-22 21:00:00
474,311,3,2028-03-22 22:00:00
232,236,2,2028-03-22 23:00:00
696,168,2,2028-03-23 00:00:00
359,268,5,2028-03-23 01:00:00
275,193,5,2028-03-23 02:00:00
942,242,3,2028-03-23 03:00:00
911,162,5,2028-03-23 04:00:00
32,364,2,2028-03-23 05:00:00
177,339,3,2028-03-23 06:00:00
917,279,4,2028-03-23 07:00:00
65,455,5,2028-03-23 08:00:00
710,135,4,2028-03-23 09:00:00
27,193,5,2028-03-23 10:00:00
663,402,5,2028-03-23 11:00:00
815,392,1,2028-03-23 12:00:00
479,89,3,2028-03-23 13:00:00
268,42,2,2028-03-23 14:00:00
597,93,5,2028-03-23 15:00:00
66,215,4,2028-03-23 16:00:00
133,349,2,2028-03-23 17:00:00
905,1,4,2028-03-23 18:00:00
916,335,4,2028-03-23 19:00:00
366,399,4,2028-03-23 20:00:00
82,412,5,2028-03-23 21:00:00
893,164,2,2028-03-23 22:00:00
831,106,4,2028-03-23 23:00:00
982,232,2,2028-03-24 00:00:00
328,480,5,2028-03-24 01:00:00
98,46,4,2028-03-24 02:00:00
585,205,5,2028-03-24 03:00:00
327,21,1,2028-03-24 04:00:00
542,177,4,2028-03-24 05:00:00
125,167,5,2028-03-24 06:00:00
210,294,5,2028-03-24 07:00:00
987,265,5,2028-03-24 08:00:00
784,276,3,2028-03-24 09:00:00
725,340,3,2028-03-24 10:00:00
133,8,4,2028-03-24 11:00:00
503,270,4,2028-03-24 12:00:00
157,318,3,2028-03-24 13:00:00
559,212,3,2028-03-24 14:00:00
869,163,4,2028-03-24 15:00:00
875,311,4,2028-03-24 16:00:00
382,45,2,2028-03-24 17:00:00
22,405,5,2028-03-24 18:00:00
974,233,4,2028-03-24 19:00:00
953,53,4,2028-03-24 20:00:00
595,233,5,2028-03-24 21:00:00
419,438,2,2028-03-24 22:00:00
472,342,4,2028-03-24 23:00:00
234,171,5,2028-03-25 00:00:00
572,6,3,2028-03-25 01:00:00
454,439,5,2028-03-25 02:00:00
700,44,5,2028-03-25 03:00:00
570,91,3,2028-03-25 04:00:00
771,196,3,2028-03-25 05:00:00
162,4,3,2028-03-25 06:00:00
301,121,4,2028-03-25 07:00:00
306,63,2,2028-03-25 08:00:00
2,92,3,2028-03-25 09:00:00
271,247,5,2028-03-25 10:00:00
421,219,4,2028-03-25 11:00:00
143,442,3,2028-03-25 12:00:00
700,438,5,2028-03-25 13:00:00
864,337,5,2028-03-25 14:00:00
853,231,3,2028-03-25 15:00:00
960,294,5,2028-03-25 16:00:00
977,188,4,2028-03-25 17:00:00
994,308,4,2028-03-25 18:00:00
736,413,3,2028-03-25 19:00:00
879,168,3,2028-03-25 20:00:00
692,455,3,2028-03-25 21:00:00
535,264,2,2028-03-25 22:00:00
867,105,4,2028-03-25 23:00:00
37,481,4,2028-03-26 00:00:00
107,224,1,2028-03-26 01:00:00
297,419,5,2028-03-26 02:00:00
741,466,4,2028-03-26 03:00:00
825,115,4,2028-03-26 04:00:00
97,379,5,2028-03-26 05:00:00
281,235,5,2028-03-26 06:00:00
110,272,2,2028-03-26 07:00:00
549,274,4,2028-03-26 08:00:00
552,443,5,2028-03-26 09:00:00
597,230,2,2028-03-26 10:00:00
814,217,2,2028-03-26 11:00:00
188,34,3,2028-03-26 12:00:00
752,388,3,2028-03-26 13:00:00
870,197,5,2028-03-26 14:00:00
488,383,5,2028-03-26 15:00:00
354,462,1,2028-03-26 16:00:00
19,449,5,2028-03-26 17:00:00
859,317,2,2028-03-26 18:00:00
393,214,3,2028-03-26 19:00:00
837,46,3,2028-03-26 20:00:00
261,405,3,2028-03-26 21:00:00
985,333,3,2028-03-26 22:00:00
410,240,5,2028-03-26 23:00:00
403,254,3,2028-03-27 00:00:00
670,228,5,2028-03-27 01:00:00
484,221,2,2028-03-27 02:00:00
304,379,4,2028-03-27 03:00:00
624,166,5,2028-03-27 04:00:00
656,73,1,2028-03-27 05:00:00
768,225,4,2028-03-27 06:00:00
967,86,4,2028-03-27 07:00:00
18,81,3,2028-03-27 08:00:00
184,444,2,2028-03-27 09:00:00
405,215,4,2028-03-27 10:00:00
799,164,3,2028-03-27 11:00:00
897,390,3,2028-03-27 12:00:00
131,240,5,2028-03-27 13:00:00
479,423,5,2028-03-27 14:00:00
793,413,3,2028-03-27 15:00:00
757,411,5,2028-03-27 16:00:00
8,69,5,2028-03-27 17:00:00
705,137,2,2028-03-27 18:00:00
318,152,4,2028-03-27 19:00:00
391,447,1,2028-03-27 20:00:00
519,403,5,2028-03-27 21:00:00
136,97,3,2028-03-27 22:00:00
531,379,3,2028-03-27 23:00:00
913,158,4,2028-03-28 00:00:00
651,186,5,2028-03-28 01:00:00
367,168,3,2028-03-28 02:00:00
489,244,4,2028-03-28 03:00:00
689,119,5,2028-03-28 04:00:00
11,196,5,2028-03-28 05:00:00
998,288,5,2028-03-28 06:00:00
553,369,5,2028-03-28 07:00:00
446,65,5,2028-03-28 08:00:00
114,162,5,2028-03-28 09:00:00
692,85,5,2028-03-28 10:00:00
706,415,5,2028-03-28 11:00:00
196,59,4,2028-03-28 12:00:00
860,462,4,2028-03-28 13:00:00
737,282,1,2028-03-28 14:00:00
843,150,1,2028-03-28 15:00:00
323,418,5,2028-03-28 16:00:00
936,481,4,2028-03-28 17:00:00
773,121,5,2028-03-28 18:00:00
512,269,5,2028-03-28 19:00:00
628,255,4,2028-03-28 20:00:00
981,224,2,2028-03-28 21:00:00
662,55,4,2028-03-28 22:00:00
630,136,2,2028-03-28 23:00:00
165,190,4,2028-03-29 00:00:00
252,406,4,2028-03-29 01:00:00
779,253,5,2028-03-29 02:00:00
44,489,3,2028-03-29 03:00:00
470,312,2,2028-03-29 04:00:00
489,84,3,2028-03-29 05:00:00
181,405,4,2028-03-29 06:00:00
77,354,4,2028-03-29 07:00:00
374,177,4,2028-03-29 08:00:00
628,94,3,2028-03-29 09:00:00
957,390,5,2028-03-29 10:00:00
67,35,5,2028-03-29 11:00:00
525,411,3,2028-03-29 12:00:00
92,212,5,2028-03-29 13:00:00
758,126,2,2028-03-29 14:00:00
779,369,5,2028-03-29 15:00:00
651,230,4,2028-03-29 16:00:00
853,168,4,2028-03-29 17:00:00
244,14,3,2028-03-29 18:00:00
341,74,5,2028-03-29 19:00:00
903,52,2,2028-03-29 20:00:00
785,362,5,2028-03-29 21:00:00
304,207,1,2028-03-29 22:00:00
398,296,3,2028-03-29 23:00:00
703,43,4,2028-03-30 00:00:00
448,368,5,2028-03-30 01:00:00
97,442,4,2028-03-30 02:00:00
331,3,3,2028-03-30 03:00:00
205,399,5,2028-03-30 04:00:00
418,95,3,2028-03-30 06:00:00
649,395,4,2028-03-30 07:00:00
77,238,4,2028-03-30 08:00:00
896,167,4,2028-03-30 09:00:00
549,19,5,2028-03-30 10:00:00
798,207,5,2028-03-30 11:00:00
425,230,5,2028-03-30 12:00:00
429,404,4,2028-03-30 13:00:00
485,214,1,2028-03-30 14:00:00
815,455,5,2028-03-30 15:00:00
135,56,5,2028-03-30 16:00:00
654,334,3,2028-03-30 17:00:00
254,374,4,2028-03-30 18:00:00
560,132,5,2028-03-30 19:00:00
255,9,4,2028-03-30 20:00:00
646,231,5,2028-03-30 21:00:00
802,153,4,2028-03-30 22:00:00
720,431,4,2028-03-30 23:00:00
499,483,1,2028-03-31 00:00:00
613,485,5,2028-03-31 01:00:00
484,305,3,2028-03-31 02:00:00
46,411,5,2028-03-31 03:00:00
443,284,3,2028-03-31 04:00:00
582,472,3,2028-03-31 05:00:00
648,481,4,2028-03-31 06:00:00
792,481,4,2028-03-31 07:00:00
579,190,4,2028-03-31 08:00:00
4,16,3,2028-03-31 09:00:00
736,343,4,2028-03-31 10:00:00
1,430,5,2028-03-31 11:00:00
290,203,5,2028-03-31 12:00:00
109,174,3,2028-03-31 13:00:00
777,168,4,2028-03-31 14:00:00
575,339,5,2028-03-31 15:00:00
460,34,4,2028-03-31 16:00:00
266,471,2,2028-03-31 17:00:00
138,394,4,2028-03-31 18:00:00
434,229,5,2028-03-31 19:00:00
44,495,3,2028-03-31 20:00:00
886,1,3,2028-03-31 21:00:00
510,322,3,2028-03-31 22:00:00
944,115,5,2028-03-31 23:00:00
983,214,5,2028-04-01 00:00:00
262,254,2,2028-04-01 01:00:00
728,145,5,2028-04-01 02:00:00
633,47,3,2028-04-01 03:00:00
152,280,4,2028-04-01 04:00:00
213,178,4,2028-04-01 05:00:00
234,213,4,2028-04-01 06:00:00
863,360,5,2028-04-01 07:00:00
623,285,4,2028-04-01 08:00:00
954,245,3,2028-04-01 09:00:00
361,253,2,2028-04-01 10:00:00
320,206,5,2028-04-01 11:00:00
222,72,2,2028-04-01 12:00:00
952,222,5,2028-04-01 13:00:00
738,342,4,2028-04-01 14:00:00
210,215,2,2028-04-01 15:00:00
396,360,5,2028-04-01 16:00:00
931,499,5,2028-04-01 17:00:00
583,141,2,2028-04-01 18:00:00
489,448,1,2028-04-01 19:00:00
872,156,5,2028-04-01 20:00:00
601,222,4,2028-04-01 21:00:00
774,389,4,2028-04-01 22:00:00
961,330,4,2028-04-01 23:00:00
878,231,4,2028-04-02 00:00:00
464,393,3,2028-04-02 01:00:00
700,142,4,2028-04-02 02:00:00
624,358,2,2028-04-02 03:00:00
452,394,5,2028-04-02 04:00:00
413,417,4,2028-04-02 05:00:00
934,75,5,2028-04-02 06:00:00
751,40,5,2028-04-02 07:00:00
476,390,5,2028-04-02 08:00:00
256,273,4,2028-04-02 09:00:00
150,420,3,2028-04-02 10:00:00
127,70,3,2028-04-02 11:00:00
392,317,4,2028-04-02 12:00:00
831,111,5,2028-04-02 13:00:00
480,458,2,2028-04-02 14:00:00
993,433,5,2028-04-02 15:00:00
397,234,2,2028-04-02 16:00:00
923,197,4,2028-04-02 17:00:00
402,339,4,2028-04-02 18:00:00
274,199,4,2028-04-02 19:00:00
845,24,4,2028-04-02 20:00:00
982,307,1,2028-04-02 21:00:00
958,426,5,2028-04-02 22:00:00
910,147,5,2028-04-02 23:00:00
139,62,4,2028-04-03 00:00:00
103,459,3,2028-04-03 01:00:00
242,67,2,2028-04-03 02:00:00
117,30,1,2028-04-03 03:00:00
214,107,4,2028-04-03 04:00:00
484,166,4,2028-04-03 05:00:00
529,390,4,2028-04-03 06:00:00
691,367,4,2028-04-03 07:00:00
224,483,5,2028-04-03 08:00:00
270,406,1,2028-04-03 09:00:00
825,121,4,2028-04-03 10:00:00
861,11,5,2028-04-03 11:00:00
134,72,5,2028-04-03 12:00:00
114,347,5,2028-04-03 13:00:00
441,253,4,2028-04-03 14:00:00
644,285,5,2028-04-03 15:00:00
651,119,5,2028-04-03 16:00:00
365,375,5,2028-04-03 17:00:00
232,8,2,2028-04-03 18:00:00
458,215,4,2028-04-03 19:00:00
375,221,5,2028-04-03 20:00:00
604,80,4,2028-04-03 21:00:00
779,419,4,2028-04-03 22:00:00
611,72,3,2028-04-03 23:00:00
207,200,4,2028-04-04 00:00:00
520,173,4,2028-04-04 01:00:00
468,289,3,2028-04-04 02:00:00
882,234,5,2028-04-04 03:00:00
443,261,3,2028-04-04 04:00:00
917,446,4,2028-04-04 05:00:00
321,421,5,2028-04-04 06:00:00
93,145,4,2028-04-04 07:00:00
408,22,4,2028-04-04 08:00:00
158,78,1,2028-04-04 09:00:00
872,230,4,2028-04-04 10:00:00
99,160,5,2028-04-04 11:00:00
225,14,5,2028-04-04 12:00:00
852,236,4,2028-04-04 13:00:00
441,148,4,2028-04-04 14:00:00
720,150,3,2028-04-04 15:00:00
585,30,4,2028-04-04 16:00:00
991,438,2,2028-04-04 17:00:00
401,161,5,2028-04-04 18:00:00
571,261,3,2028-04-04 19:00:00
799,18,3,2028-04-04 20:00:00
64,63,3,2028-04-04 21:00:00
768,430,4,2028-04-04 22:00:00
560,135,4,2028-04-04 23:00:00
279,157,3,2028-04-05 00:00:00
710,57,5,2028-04-05 01:00:00
670,431,4,2028-04-05 02:00:00
823,265,3,2028-04-05 03:00:00
519,254,3,2028-04-05 04:00:00
248,495,5,2028-04-05 05:00:00
368,187,1,2028-04-05 06:00:00
744,368,5,2028-04-05 07:00:00
618,361,4,2028-04-05 08:00:00
971,379,5,2028-04-05 09:00:00
98,327,4,2028-04-05 10:00:00
268,199,2,2028-04-05 11:00:00
60,369,5,2028-04-05 12:00:00
500,171,2,2028-04-05 13:00:00
308,315,2,2028-04-05 14:00:00
493,6,4,2028-04-05 15:00:00
411,366,5,2028-04-05 16:00:00
140,256,3,2028-04-05 17:00:00
909,367,4,2028-04-05 18:00:00
328,309,4,2028-04-05 19:00:00
464,320,3,2028-04-05 20:00:00
702,488,4,2028-04-05 21:00:00
637,248,4,2028-04-05 22:00:00
925,219,4,2028-04-05 23:00:00
163,4,3,2028-04-06 00:00:00
60,1,5,2028-04-06 01:00:00
925,326,2,2028-04-06 02:00:00
31,31,4,2028-04-06 03:00:00
333,321,5,2028-04-06 04:00:00
76,117,2,2028-04-06 05:00:00
755,453,1,2028-04-06 06:00:00
317,275,3,2028-04-06 07:00:00
770,197,5,2028-04-06 08:00:00
417,374,5,2028-04-06 09:00:00
968,325,5,2028-04-06 10:00:00
190,177,3,2028-04-06 11:00:00
489,287,5,2028-04-06 12:00:00
889,444,3,2028-04-06 13:00:00
296,455,3,2028-04-06 15:00:00
501,79,3,2028-04-06 16:00:00
177,243,3,2028-04-06 17:00:00
800,311,2,2028-04-06 18:00:00
806,205,2,2028-04-06 19:00:00
860,460,3,2028-04-06 20:00:00
719,383,2,2028-04-06 21:00:00
215,211,4,2028-04-06 22:00:00
856,333,1,2028-04-06 23:00:00
653,91,4,2028-04-07 00:00:00
597,166,5,2028-04-07 01:00:00
694,161,3,2028-04-07 02:00:00
332,6,2,2028-04-07 03:00:00
128,141,3,2028-04-07 04:00:00
269,205,5,2028-04-07 05:00:00
551,461,3,2028-04-07 06:00:00
535,20,3,2028-04-07 07:00:00
754,100,5,2028-04-07 08:00:00
366,165,3,2028-04-07 09:00:00
619,45,4,2028-04-07 10:00:00
348,457,1,2028-04-07 11:00:00
142,337,2,2028-04-07 12:00:00
145,227,3,2028-04-07 13:00:00
792,315,4,2028-04-07 14:00:00
245,52,5,2028-04-07 15:00:00
442,146,3,2028-04-07 16:00:00
703,281,3,2028-04-07 17:00:00
290,123,3,2028-04-07 18:00:00
691,207,3,2028-04-07 19:00:00
112,471,4,2028-04-07 20:00:00
214,385,5,2028-04-07 21:00:00
650,297,1,2028-04-07 22:00:00
886,102,4,2028-04-07 23:00:00
200,274,5,2028-04-08 00:00:00
405,129,4,2028-04-08 01:00:00
421,167,4,2028-04-08 02:00:00
7,202,4,2028-04-08 03:00:00
858,415,3,2028-04-08 04:00:00
525,102,2,2028-04-08 05:00:00
592,71,3,2028-04-08 06:00:00
286,422,1,2028-04-08 07:00:00
671,8,5,2028-04-08 08:00:00
389,162,4,2028-04-08 09:00:00
416,73,5,2028-04-08 10:00:00
784,345,3,2028-04-08 11:00:00
713,27,5,2028-04-08 12:00:00
150,169,3,2028-04-08 13:00:00
960,263,2,2028-04-08 14:00:00
428,288,4,2028-04-08 15:00:00
808,73,5,2028-04-08 16:00:00
293,209,4,2028-04-08 17:00:00
334,99,4,2028-04-08 18:00:00
272,368,4,2028-04-08 19:00:00
43,400,4,2028-04-08 20:00:00
468,386,3,2028-04-08 21:00:00
319,427,4,2028-04-08 22:00:00
492,31,4,2028-04-08 23:00:00
527,336,5,2028-04-09 00:00:00
760,431,2,2028-04-09 01:00:00
172,33,4,2028-04-09 02:00:00
730,213,4,2028-04-09 03:00:00
649,145,3,2028-04-09 04:00:00
321,99,4,2028-04-09 05:00:00
739,310,5,2028-04-09 06:00:00
44,310,4,2028-04-09 07:00:00
532,435,3,2028-04-09 08:00:00
631,180,5,2028-04-09 09:00:00
454,135,5,2028-04-09 10:00:00
746,438,3,2028-04-09 11:00:00
970,477,5,2028-04-09 12:00:00
880,395,4,2028-04-09 13:00:00
891,190,4,2028-04-09 14:00:00
929,30,5,2028-04-09 15:00:00
848,82,5,2028-04-09 16:00:00
868,57,3,2028-04-09 17:00:00
774,174,3,2028-04-09 18:00:00
83,208,5,2028-04-09 19:00:00
543,326,4,2028-04-09 20:00:00
322,322,3,2028-04-09 21:00:00
786,183,5,2028-04-09 22:00:00
234,235,3,2028-04-09 23:00:00
540,107,4,2028-04-10 00:00:00
252,186,4,2028-04-10 01:00:00
836,266,4,2028-04-10 02:00:00
765,132,2,2028-04-10 03:00:00
449,497,3,2028-04-10 04:00:00
239,330,2,2028-04-10 05:00:00
490,329,5,2028-04-10 06:00:00
882,318,4,2028-04-10 07:00:00
464,365,5,2028-04-10 08:00:00
941,171,4,2028-04-10 09:00:00
314,298,2,2028-04-10 10:00:00
175,24,5,2028-04-10 11:00:00
706,261,2,2028-04-10 12:00:00
180,355,3,2028-04-10 13:00:00
932,196,5,2028-04-10 14:00:00
385,99,2,2028-04-10 15:00:00
295,490,2,2028-04-10 16:00:00
215,376,5,2028-04-10 17:00:00
986,333,3,2028-04-10 18:00:00
715,101,4,2028-04-10 19:00:00
762,352,5,2028-04-10 20:00:00
874,429,5,2028-04-10 21:00:00
769,443,3,2028-04-10 22:00:00
75,120,2,2028-04-10 23:00:00
344,321,5,2028-04-11 00:00:00
714,447,2,2028-04-11 01:00:00
142,377,4,2028-04-11 02:00:00
718,203,4,2028-04-11 03:00:00
199,90,4,2028-04-11 04:00:00
919,195,4,2028-04-11 05:00:00
171,177,5,2028-04-11 06:00:00
406,115,3,2028-04-11 07:00:00
828,333,4,2028-04-11 08:00:00
228,32,3,2028-04-11 09:00:00
411,368,3,2028-04-11 10:00:00
952,434,1,2028-04-11 11:00:00
898,215,4,2028-04-11 12:00:00
935,442,5,2028-04-11 13:00:00
691,308,5,2028-04-11 14:00:00
878,279,3,2028-04-11 15:00:00
787,243,5,2028-04-11 16:00:00
62,286,3,2028-04-11 17:00:00
327,70,5,2028-04-11 18:00:00
716,71,5,2028-04-11 19:00:00
963,111,3,2028-04-11 20:00:00
959,158,1,2028-04-11 21:00:00
879,37,3,2028-04-11 22:00:00
133,304,3,2028-04-11 23:00:00
584,416,4,2028-04-12 00:00:00
590,326,3,2028-04-12 01:00:00
189,35,1,2028-04-12 02:00:00
356,480,4,2028-04-12 03:00:00
71,460,5,2028-04-12 04:00:00
263,324,4,2028-04-12 05:00:00
306,416,3,2028-04-12 06:00:00
558,59,2,2028-04-12 07:00:00
224,374,3,2028-04-12 08:00:00
328,419,3,2028-04-12 09:00:00
762,368,5,2028-04-12 10:00:00
588,400,1,2028-04-12 11:00:00
74,375,3,2028-04-12 12:00:00
511,371,1,2028-04-12 13:00:00
142,207,5,2028-04-12 14:00:00
585,361,4,2028-04-12 15:00:00
102,436,5,2028-04-12 16:00:00
606,66,4,2028-04-12 17:00:00
581,262,5,2028-04-12 18:00:00
65,270,1,2028-04-12 19:00:00
193,233,3,2028-04-12 20:00:00
953,157,5,2028-04-12 21:00:00
62,106,4,2028-04-12 22:00:00
532,154,4,2028-04-12 23:00:00
241,18,4,2028-04-13 00:00:00
715,495,4,2028-04-13 01:00:00
410,260,5,2028-04-13 02:00:00
300,485,5,2028-04-13 03:00:00
195,313,1,2028-04-13 04:00:00
454,119,4,2028-04-13 05:00:00
574,309,4,2028-04-13 06:00:00
619,102,3,2028-04-13 07:00:00
637,25,1,2028-04-13 08:00:00
779,180,5,2028-04-13 10:00:00
456,477,1,2028-04-13 11:00:00
989,162,5,2028-04-13 12:00:00
202,400,2,2028-04-13 13:00:00
674,485,4,2028-04-13 14:00:00
856,350,3,2028-04-13 15:00:00
302,215,3,2028-04-13 16:00:00
624,383,5,2028-04-13 17:00:00
337,124,5,2028-04-13 18:00:00
32,292,3,2028-04-13 19:00:00
971,156,4,2028-04-13 20:00:00
98,193,4,2028-04-13 21:00:00
984,328,1,2028-04-13 22:00:00
759,53,1,2028-04-13 23:00:00
773,170,5,2028-04-14 00:00:00
191,335,3,2028-04-14 01:00:00
541,98,3,2028-04-14 02:00:00
48,147,5,2028-04-14 03:00:00
250,300,2,2028-04-14 04:00:00
226,30,3,2028-04-14 05:00:00
272,74,5,2028-04-14 06:00:00
665,172,4,2028-04-14 07:00:00
485,373,4,2028-04-14 08:00:00
328,411,1,2028-04-14 09:00:00
797,84,5,2028-04-14 10:00:00
180,473,2,2028-04-14 11:00:00
814,73,3,2028-04-14 12:00:00
665,232,2,2028-04-14 13:00:00
746,290,4,2028-04-14 14:00:00
23,127,5,2028-04-14 15:00:00
930,85,3,2028-04-14 16:00:00
963,254,2,2028-04-14 17:00:00
606,152,4,2028-04-14 18:00:00
370,312,5,2028-04-14 19:00:00
245,7,1,2028-04-14 20:00:00
802,452,4,2028-04-14 21:00:00
160,307,4,2028-04-14 22:00:00
373,136,5,2028-04-14 23:00:00
285,184,5,2028-04-15 00:00:00
521,461,1,2028-04-15 01:00:00
450,314,4,2028-04-15 02:00:00
697,341,1,2028-04-15 03:00:00
807,227,4,2028-04-15 04:00:00
647,325,1,2028-04-15 05:00:00
622,244,1,2028-04-15 06:00:00
581,264,3,2028-04-15 07:00:00
136,450,5,2028-04-15 08:00:00
96,251,5,2028-04-15 09:00:00
119,408,1,2028-04-15 10:00:00
374,170,3,2028-04-15 11:00:00
274,54,1,2028-04-15 12:00:00
870,400,3,2028-04-15 13:00:00
878,132,4,2028-04-15 14:00:00
850,315,5,2028-04-15 15:00:00
177,94,5,2028-04-15 16:00:00
873,46,5,2028-04-15 17:00:00
749,350,3,2028-04-15 18:00:00
784,99,5,2028-04-15 19:00:00
277,234,5,2028-04-15 20:00:00
138,269,4,2028-04-15 21:00:00
874,37,5,2028-04-15 22:00:00
132,438,5,2028-04-15 23:00:00
44,433,5,2028-04-16 00:00:00
123,497,3,2028-04-16 01:00:00
136,75,3,2028-04-16 02:00:00
367,58,5,2028-04-16 03:00:00
373,19,3,2028-04-16 04:00:00
126,402,5,2028-04-16 05:00:00
439,188,4,2028-04-16 06:00:00
787,401,5,2028-04-16 07:00:00
576,139,1,2028-04-16 08:00:00
808,143,4,2028-04-16 09:00:00
744,456,5,2028-04-16 10:00:00
51,108,4,2028-04-16 11:00:00
137,221,4,2028-04-16 12:00:00
158,145,5,2028-04-16 13:00:00
56,346,2,2028-04-16 14:00:00
593,376,2,2028-04-16 15:00:00
744,5,5,2028-04-16 16:00:00
428,445,1,2028-04-16 17:00:00
443,388,3,2028-04-16 18:00:00
911,56,5,2028-04-16 19:00:00
964,255,4,2028-04-16 20:00:00
326,472,5,2028-04-16 21:00:00
640,459,3,2028-04-16 22:00:00
638,222,4,2028-04-16 23:00:00
829,360,3,2028-04-17 00:00:00
80,48,2,2028-04-17 01:00:00
474,304,5,2028-04-17 02:00:00
377,163,2,2028-04-17 03:00:00
869,236,2,2028-04-17 04:00:00
919,248,5,2028-04-17 05:00:00
333,365,5,2028-04-17 06:00:00
175,417,5,2028-04-17 07:00:00
657,100,1,2028-04-17 08:00:00
441,21,2,2028-04-17 09:00:00
126,102,4,2028-04-17 10:00:00
694,5,4,2028-04-17 11:00:00
219,448,1,2028-04-17 12:00:00
948,197,2,2028-04-17 13:00:00
278,149,5,2028-04-17 14:00:00
485,345,4,2028-04-17 15:00:00
595,330,2,2028-04-17 16:00:00
935,378,5,2028-04-17 17:00:00
995,211,3,2028-04-17 18:00:00
141,160,5,2028-04-17 19:00:00
846,146,5,2028-04-17 20:00:00
607,58,4,2028-04-17 21:00:00
877,354,4,2028-04-17 22:00:00
706,240,3,2028-04-17 23:00:00
110,79,5,2028-04-18 00:00:00
52,152,2,2028-04-18 01:00:00
615,5,4,2028-04-18 02:00:00
613,383,4,2028-04-18 03:00:00
654,181,3,2028-04-18 04:00:00
713,352,5,2028-04-18 05:00:00
970,201,5,2028-04-18 06:00:00
319,439,1,2028-04-18 07:00:00
199,133,4,2028-04-18 08:00:00
796,453,3,2028-04-18 09:00:00
729,122,5,2028-04-18 10:00:00
46,169,3,2028-04-18 11:00:00
505,489,5,2028-04-18 12:00:00
540,354,3,2028-04-18 13:00:00
514,391,3,2028-04-18 14:00:00
895,346,4,2028-04-18 15:00:00
17,385,2,2028-04-18 16:00:00
315,308,5,2028-04-18 17:00:00
436,98,2,2028-04-18 18:00:00
388,282,5,2028-04-18 19:00:00
77,377,5,2028-04-18 20:00:00
978,480,5,2028-04-18 21:00:00
899,447,4,2028-04-18 22:00:00
371,268,4,2028-04-18 23:00:00
165,326,4,2028-04-19 00:00:00
609,340,5,2028-04-19 01:00:00
617,19,1,2028-04-19 02:00:00
24,464,3,2028-04-19 03:00:00
712,132,5,2028-04-19 04:00:00
35,96,3,2028-04-19 05:00:00
514,210,3,2028-04-19 06:00:00
801,5,4,2028-04-19 07:00:00
844,377,5,2028-04-19 08:00:00
854,128,3,2028-04-19 09:00:00
461,54,5,2028-04-19 10:00:00
138,498,3,2028-04-19 11:00:00
849,198,5,2028-04-19 12:00:00
574,441,3,2028-04-19 13:00:00
811,206,1,2028-04-19 14:00:00
709,180,5,2028-04-19 15:00:00
889,241,4,2028-04-19 16:00:00
571,274,3,2028-04-19 17:00:00
265,320,4,2028-04-19 18:00:00
333,138,4,2028-04-19 19:00:00
188,23,3,2028-04-19 20:00:00
63,120,3,2028-04-19 21:00:00
820,115,4,2028-04-19 22:00:00
279,82,1,2028-04-19 23:00:00
542,196,4,2028-04-20 00:00:00
171,180,5,2028-04-20 01:00:00
503,352,5,2028-04-20 02:00:00
964,175,4,2028-04-20 03:00:00
533,198,4,2028-04-20 04:00:00
299,26,1,2028-04-20 05:00:00
201,454,5,2028-04-20 06:00:00
135,99,4,2028-04-20 07:00:00
272,233,3,2028-04-20 08:00:00
535,427,3,2028-04-20 09:00:00
442,453,4,2028-04-20 10:00:00
87,191,4,2028-04-20 11:00:00
31,462,2,2028-04-20 12:00:00
121,66,4,2028-04-20 13:00:00
69,246,4,2028-04-20 14:00:00
646,499,3,2028-04-20 15:00:00
883,104,4,2028-04-20 16:00:00
961,191,3,2028-04-20 17:00:00
827,141,1,2028-04-20 18:00:00
496,179,3,2028-04-20 19:00:00
924,261,5,2028-04-20 20:00:00
146,175,3,2028-04-20 21:00:00
984,420,5,2028-04-20 22:00:00
333,164,4,2028-04-20 23:00:00
481,434,4,2028-04-21 00:00:00
906,440,5,2028-04-21 01:00:00
263,19,5,2028-04-21 02:00:00
293,20,4,2028-04-21 03:00:00
992,406,4,2028-04-21 04:00:00
429,287,3,2028-04-21 05:00:00
86,361,5,2028-04-21 06:00:00
16,239,5,2028-04-21 07:00:00
728,446,5,2028-04-21 08:00:00
628,44,2,2028-04-21 09:00:00
118,196,5,2028-04-21 10:00:00
270,195,3,2028-04-21 11:00:00
395,357,2,2028-04-21 12:00:00
979,345,5,2028-04-21 13:00:00
855,49,5,2028-04-21 14:00:00
162,485,2,2028-04-21 15:00:00
700,59,2,2028-04-21 16:00:00
104,132,3,2028-04-21 17:00:00
653,373,5,2028-04-21 18:00:00
167,167,4,2028-04-21 19:00:00
300,135,4,2028-04-21 20:00:00
28,455,4,2028-04-21 21:00:00
424,433,4,2028-04-21 22:00:00
784,89,3,2028-04-21 23:00:00
562,271,2,2028-04-22 00:00:00
883,263,5,2028-04-22 01:00:00
156,431,4,2028-04-22 02:00:00
324,116,3,2028-04-22 03:00:00
348,196,4,2028-04-22 04:00:00
121,354,3,2028-04-22 05:00:00
956,374,4,2028-04-22 06:00:00
652,429,2,2028-04-22 07:00:00
528,108,5,2028-04-22 08:00:00
821,362,3,2028-04-22 09:00:00
950,403,4,2028-04-22 10:00:00
561,47,5,2028-04-22 11:00:00
164,241,4,2028-04-22 12:00:00
62,309,3,2028-04-22 13:00:00
340,230,1,2028-04-22 14:00:00
666,411,5,2028-04-22 15:00:00
312,389,1,2028-04-22 16:00:00
376,245,5,2028-04-22 17:00:00
346,316,5,2028-04-22 18:00:00
150,250,3,2028-04-22 19:00:00
888,77,1,2028-04-22 20:00:00
585,62,3,2028-04-22 21:00:00
581,59,3,2028-04-22 22:00:00
977,238,4,2028-04-22 23:00:00
177,189,4,2028-04-23 00:00:00
354,56,5,2028-04-23 01:00:00
514,78,5,2028-04-23 02:00:00
309,222,4,2028-04-23 03:00:00
119,47,5,2028-04-23 04:00:00
519,432,2,2028-04-23 05:00:00
767,138,3,2028-04-23 06:00:00
996,416,2,2028-04-23 07:00:00
973,449,4,2028-04-23 08:00:00
916,24,5,2028-04-23 09:00:00
478,29,5,2028-04-23 10:00:00
414,491,3,2028-04-23 11:00:00
587,135,3,2028-04-23 12:00:00
351,351,3,2028-04-23 13:00:00
506,401,3,2028-04-23 14:00:00
195,350,2,2028-04-23 15:00:00
187,281,2,2028-04-23 16:00:00
450,476,3,2028-04-23 17:00:00
496,292,1,2028-04-23 18:00:00
515,189,1,2028-04-23 19:00:00
696,71,4,2028-04-23 20:00:00
847,419,4,2028-04-23 21:00:00
273,376,5,2028-04-23 22:00:00
880,468,4,2028-04-23 23:00:00
52,206,4,2028-04-24 00:00:00
263,242,1,2028-04-24 01:00:00
368,306,2,2028-04-24 02:00:00
133,184,4,2028-04-24 03:00:00
994,478,3,2028-04-24 04:00:00
225,128,5,2028-04-24 05:00:00
310,449,5,2028-04-24 06:00:00
573,230,5,2028-04-24 07:00:00
877,41,4,2028-04-24 08:00:00
16,281,5,2028-04-24 09:00:00
741,162,4,2028-04-24 10:00:00
195,392,4,2028-04-24 11:00:00
763,312,4,2028-04-24 12:00:00
443,340,3,2028-04-24 13:00:00
303,158,3,2028-04-24 14:00:00
48,324,4,2028-04-24 15:00:00
747,21,1,2028-04-24 16:00:00
121,347,5,2028-04-24 17:00:00
499,10,3,2028-04-24 18:00:00
832,87,1,2028-04-24 19:00:00
562,33,4,2028-04-24 20:00:00
469,459,5,2028-04-24 21:00:00
41,361,3,2028-04-24 22:00:00
456,339,3,2028-04-24 23:00:00
534,203,4,2028-04-25 00:00:00
371,4,4,2028-04-25 01:00:00
182,23,5,2028-04-25 02:00:00
517,197,5,2028-04-25 03:00:00
657,309,5,2028-04-25 04:00:00
869,369,1,2028-04-25 05:00:00
590,498,1,2028-04-25 06:00:00
231,389,5,2028-04-25 07:00:00
809,274,3,2028-04-25 08:00:00
348,273,3,2028-04-25 09:00:00
479,442,5,2028-04-25 10:00:00
209,451,4,2028-04-25 11:00:00
675,107,4,2028-04-25 12:00:00
680,369,2,2028-04-25 13:00:00
278,378,2,2028-04-25 14:00:00
749,200,5,2028-04-25 15:00:00
688,440,2,2028-04-25 16:00:00
53,424,4,2028-04-25 17:00:00
861,343,5,2028-04-25 18:00:00
658,2,5,2028-04-25 20:00:00
739,121,5,2028-04-25 21:00:00
748,103,3,2028-04-25 22:00:00
464,149,5,2028-04-25 23:00:00
754,436,4,2028-04-26 00:00:00
817,152,5,2028-04-26 01:00:00
583,53,2,2028-04-26 02:00:00
158,166,1,2028-04-26 03:00:00
19,404,4,2028-04-26 04:00:00
55,306,5,2028-04-26 05:00:00
956,167,4,2028-04-26 06:00:00
727,316,5,2028-04-26 07:00:00
968,370,3,2028-04-26 08:00:00
721,475,1,2028-04-26 09:00:00
21,364,5,2028-04-26 10:00:00
282,295,4,2028-04-26 11:00:00
761,71,4,2028-04-26 12:00:00
540,128,5,2028-04-26 13:00:00
935,33,5,2028-04-26 14:00:00
417,157,3,2028-04-26 15:00:00
808,330,5,2028-04-26 16:00:00
723,266,3,2028-04-26 17:00:00
285,204,4,2028-04-26 18:00:00
532,195,2,2028-04-26 19:00:00
532,387,3,2028-04-26 20:00:00
511,461,4,2028-04-26 21:00:00
842,109,3,2028-04-26 22:00:00
396,159,2,2028-04-26 23:00:00
120,283,4,2028-04-27 00:00:00
97,454,4,2028-04-27 01:00:00
120,27,2,2028-04-27 02:00:00
537,227,2,2028-04-27 03:00:00
153,252,1,2028-04-27 04:00:00
245,367,1,2028-04-27 05:00:00
772,265,3,2028-04-27 06:00:00
516,262,2,2028-04-27 07:00:00
393,134,5,2028-04-27 08:00:00
143,488,2,2028-04-27 09:00:00
504,26,1,2028-04-27 10:00:00
794,43,4,2028-04-27 11:00:00
847,19,2,2028-04-27 12:00:00
858,16,1,2028-04-27 13:00:00
220,105,5,2028-04-27 14:00:00
839,279,4,2028-04-27 15:00:00
160,203,1,2028-04-27 16:00:00
76,208,4,2028-04-27 17:00:00
611,413,1,2028-04-27 18:00:00
692,166,3,2028-04-27 19:00:00
639,59,3,2028-04-27 20:00:00
32,497,5,2028-04-27 21:00:00
777,48,5,2028-04-27 22:00:00
334,148,5,2028-04-27 23:00:00
525,277,2,2028-04-28 00:00:00
440,412,4,2028-04-28 01:00:00
892,178,1,2028-04-28 02:00:00
940,289,5,2028-04-28 03:00:00
993,114,3,2028-04-28 04:00:00
352,296,1,2028-04-28 05:00:00
339,218,3,2028-04-28 06:00:00
926,438,3,2028-04-28 07:00:00
400,266,5,2028-04-28 08:00:00
396,162,2,2028-04-28 09:00:00
202,329,4,2028-04-28 10:00:00
962,36,5,2028-04-28 11:00:00
530,75,5,2028-04-28 12:00:00
909,458,5,2028-04-28 13:00:00
93,494,1,2028-04-28 14:00:00
792,135,3,2028-04-28 15:00:00
358,371,3,2028-04-28 16:00:00
396,486,1,2028-04-28 17:00:00
828,272,5,2028-04-28 18:00:00
60,179,4,2028-04-28 19:00:00
477,474,4,2028-04-28 20:00:00
726,480,4,2028-04-28 21:00:00
612,445,5,2028-04-28 22:00:00
1,159,3,2028-04-28 23:00:00
555,243,3,2028-04-29 00:00:00
311,416,5,2028-04-29 01:00:00
168,301,1,2028-04-29 02:00:00
192,204,5,2028-04-29 03:00:00
34,283,5,2028-04-29 04:00:00
34,278,5,2028-04-29 05:00:00
688,143,2,2028-04-29 06:00:00
417,8,5,2028-04-29 07:00:00
708,452,1,2028-04-29 08:00:00
998,116,3,2028-04-29 09:00:00
158,392,2,2028-04-29 10:00:00
757,343,1,2028-04-29 11:00:00
500,373,5,2028-04-29 12:00:00
366,272,5,2028-04-29 13:00:00
340,176,4,2028-04-29 14:00:00
858,418,2,2028-04-29 15:00:00
335,214,4,2028-04-29 16:00:00
583,369,3,2028-04-29 17:00:00
327,215,3,2028-04-29 18:00:00
114,57,4,2028-04-29 19:00:00
797,389,5,2028-04-29 20:00:00
919,229,4,2028-04-29 21:00:00
418,300,4,2028-04-29 22:00:00
468,327,4,2028-04-29 23:00:00
143,37,2,2028-04-30 00:00:00
609,474,5,2028-04-30 01:00:00
309,380,5,2028-04-30 02:00:00
401,284,4,2028-04-30 03:00:00
320,324,2,2028-04-30 04:00:00
212,369,4,2028-04-30 05:00:00
317,224,2,2028-04-30 06:00:00
185,422,5,2028-04-30 07:00:00
205,302,3,2028-04-30 08:00:00
364,201,3,2028-04-30 09:00:00
216,100,5,2028-04-30 10:00:00
246,282,4,2028-04-30 11:00:00
239,75,5,2028-04-30 12:00:00
805,212,4,2028-04-30 13:00:00
391,437,3,2028-04-30 14:00:00
520,191,2,2028-04-30 15:00:00
983,368,5,2028-04-30 16:00:00
590,63,5,2028-04-30 17:00:00
836,112,2,2028-04-30 18:00:00
277,496,3,2028-04-30 19:00:00
957,422,5,2028-04-30 20:00:00
202,143,5,2028-04-30 21:00:00
214,99,5,2028-04-30 22:00:00
606,265,4,2028-04-30 23:00:00
478,225,5,2028-05-01 00:00:00
508,75,3,2028-05-01 01:00:00
976,278,1,2028-05-01 02:00:00
75,198,3,2028-05-01 03:00:00
982,184,5,2028-05-01 04:00:00
669,293,5,2028-05-01 05:00:00
665,57,1,2028-05-01 06:00:00
954,249,4,2028-05-01 07:00:00
142,444,1,2028-05-01 08:00:00
590,114,5,2028-05-01 09:00:00
322,469,3,2028-05-01 10:00:00
694,140,5,2028-05-01 11:00:00
461,391,1,2028-05-01 12:00:00
707,450,5,2028-05-01 13:00:00
670,359,3,2028-05-01 14:00:00
146,41,3,2028-05-01 15:00:00
54,408,4,2028-05-01 16:00:00
356,474,4,2028-05-01 17:00:00
277,153,3,2028-05-01 18:00:00
821,446,4,2028-05-01 19:00:00
595,468,4,2028-05-01 20:00:00
400,232,1,2028-05-01 21:00:00
668,105,4,2028-05-01 22:00:00
516,106,5,2028-05-01 23:00:00
499,300,1,2028-05-02 00:00:00
311,130,4,2028-05-02 01:00:00
271,426,5,2028-05-02 02:00:00
576,483,5,2028-05-02 03:00:00
449,161,1,2028-05-02 04:00:00
112,401,4,2028-05-02 05:00:00
239,378,5,2028-05-02 06:00:00
144,447,3,2028-05-02 07:00:00
374,406,4,2028-05-02 08:00:00
20,257,3,2028-05-02 09:00:00
576,229,3,2028-05-02 10:00:00
289,350,4,2028-05-02 11:00:00
593,494,2,2028-05-02 12:00:00
197,454,3,2028-05-02 13:00:00
382,489,3,2028-05-02 14:00:00
581,182,3,2028-05-02 15:00:00
698,14,4,2028-05-02 16:00:00
679,100,5,2028-05-02 17:00:00
717,225,3,2028-05-02 18:00:00
492,358,4,2028-05-02 19:00:00
164,231,3,2028-05-02 20:00:00
606,53,2,2028-05-02 21:00:00
249,6,5,2028-05-02 22:00:00
68,90,4,2028-05-02 23:00:00
855,64,2,2028-05-03 00:00:00
21,88,4,2028-05-03 01:00:00
831,33,2,2028-05-03 02:00:00
512,72,5,2028-05-03 03:00:00
597,44,3,2028-05-03 04:00:00
390,253,5,2028-05-03 05:00:00
536,107,2,2028-05-03 06:00:00
111,290,4,2028-05-03 07:00:00
949,418,5,2028-05-03 08:00:00
863,408,3,2028-05-03 09:00:00
595,2,2,2028-05-03 10:00:00
870,136,4,2028-05-03 11:00:00
460,117,2,2028-05-03 12:00:00
78,409,5,2028-05-03 13:00:00
434,121,4,2028-05-03 14:00:00
380,478,3,2028-05-03 15:00:00
652,288,5,2028-05-03 16:00:00
440,312,3,2028-05-03 17:00:00
888,94,5,2028-05-03 18:00:00
783,7,3,2028-05-03 19:00:00
339,432,5,2028-05-03 20:00:00
988,88,3,2028-05-03 21:00:00
424,182,5,2028-05-03 22:00:00
169,191,1,2028-05-03 23:00:00
709,457,3,2028-05-04 00:00:00
965,208,2,2028-05-04 01:00:00
262,386,4,2028-05-04 02:00:00
727,291,4,2028-05-04 03:00:00
579,354,3,2028-05-04 04:00:00
229,278,5,2028-05-04 05:00:00
161,467,3,2028-05-04 06:00:00
427,448,5,2028-05-04 07:00:00
122,315,4,2028-05-04 08:00:00
149,433,3,2028-05-04 09:00:00
852,52,3,2028-05-04 10:00:00
705,405,4,2028-05-04 11:00:00
743,396,3,2028-05-04 12:00:00
111,267,5,2028-05-04 13:00:00
657,244,5,2028-05-04 14:00:00
221,182,3,2028-05-04 15:00:00
904,211,2,2028-05-04 16:00:00
64,378,3,2028-05-04 17:00:00
638,198,4,2028-05-04 18:00:00
730,490,3,2028-05-04 19:00:00
796,270,5,2028-05-04 20:00:00
354,33,5,2028-05-04 21:00:00
474,495,5,2028-05-04 22:00:00
909,102,3,2028-05-04 23:00:00
748,333,3,2028-05-05 00:00:00
485,282,4,2028-05-05 01:00:00
13,398,4,2028-05-05 02:00:00
934,237,5,2028-05-05 03:00:00
153,216,5,2028-05-05 04:00:00
239,432,4,2028-05-05 05:00:00
190,321,3,2028-05-05 06:00:00
663,302,3,2028-05-05 07:00:00
86,127,4,2028-05-05 08:00:00
21,493,4,2028-05-05 09:00:00
694,439,4,2028-05-05 10:00:00
319,94,3,2028-05-05 11:00:00
158,74,5,2028-05-05 12:00:00
971,128,5,2028-05-05 13:00:00
964,74,2,2028-05-05 14:00:00
481,476,3,2028-05-05 15:00:00
879,452,4,2028-05-05 16:00:00
76,462,4,2028-05-05 17:00:00
329,396,3,2028-05-05 18:00:00
416,438,5,2028-05-05 19:00:00
203,256,1,2028-05-05 20:00:00
229,448,4,2028-05-05 21:00:00
152,102,3,2028-05-05 22:00:00
775,47,2,2028-05-05 23:00:00
72,165,4,2028-05-06 00:00:00
225,458,2,2028-05-06 01:00:00
473,256,3,2028-05-06 02:00:00
897,425,4,2028-05-06 03:00:00
643,283,5,2028-05-06 04:00:00
360,426,4,2028-05-06 05:00:00
540,248,3,2028-05-06 06:00:00
811,204,3,2028-05-06 07:00:00
609,86,4,2028-05-06 08:00:00
46,324,2,2028-05-06 09:00:00
1,413,2,2028-05-06 10:00:00
678,164,2,2028-05-06 11:00:00
245,365,4,2028-05-06 12:00:00
219,57,4,2028-05-06 13:00:00
614,206,4,2028-05-06 14:00:00
291,396,5,2028-05-06 15:00:00
458,429,2,2028-05-06 16:00:00
204,148,5,2028-05-06 17:00:00
202,301,4,2028-05-06 18:00:00
566,279,3,2028-05-06 19:00:00
482,446,5,2028-05-06 20:00:00
792,470,4,2028-05-06 21:00:00
511,290,3,2028-05-06 22:00:00
924,21,3,2028-05-06 23:00:00
278,435,3,2028-05-07 00:00:00
16,137,5,2028-05-07 01:00:00
525,458,3,2028-05-07 02:00:00
356,369,5,2028-05-07 03:00:00
356,10,3,2028-05-07 04:00:00
830,308,3,2028-05-07 05:00:00
939,45,2,2028-05-07 06:00:00
599,436,4,2028-05-07 07:00:00
78,249,3,2028-05-07 08:00:00
928,30,4,2028-05-07 09:00:00
67,448,3,2028-05-07 10:00:00
859,225,5,2028-05-07 11:00:00
723,386,5,2028-05-07 12:00:00
214,177,3,2028-05-07 13:00:00
697,96,5,2028-05-07 14:00:00
449,429,5,2028-05-07 15:00:00
965,17,4,2028-05-07 16:00:00
433,28,3,2028-05-07 17:00:00
545,126,4,2028-05-07 18:00:00
115,301,5,2028-05-07 19:00:00
787,273,3,2028-05-07 20:00:00
420,499,3,2028-05-07 21:00:00
499,187,2,2028-05-07 22:00:00
710,142,3,2028-05-07 23:00:00
380,372,2,2028-05-08 00:00:00
143,138,3,2028-05-08 01:00:00
740,482,3,2028-05-08 02:00:00
632,462,3,2028-05-08 03:00:00
865,337,2,2028-05-08 04:00:00
24,229,4,2028-05-08 05:00:00
539,214,5,2028-05-08 06:00:00
945,274,3,2028-05-08 07:00:00
75,291,3,2028-05-08 08:00:00
753,432,3,2028-05-08 09:00:00
535,58,5,2028-05-08 10:00:00
673,371,4,2028-05-08 11:00:00
41,18,2,2028-05-08 12:00:00
750,180,5,2028-05-08 13:00:00
751,158,2,2028-05-08 14:00:00
568,256,1,2028-05-08 15:00:00
413,37,3,2028-05-08 16:00:00
415,296,2,2028-05-08 17:00:00
449,262,4,2028-05-08 18:00:00
610,79,4,2028-05-08 19:00:00
658,419,5,2028-05-08 20:00:00
978,154,4,2028-05-08 21:00:00
774,361,4,2028-05-08 22:00:00
436,347,4,2028-05-08 23:00:00
552,158,4,2028-05-09 00:00:00
705,75,1,2028-05-09 01:00:00
239,372,4,2028-05-09 02:00:00
42,408,5,2028-05-09 03:00:00
734,378,4,2028-05-09 04:00:00
708,55,4,2028-05-09 05:00:00
800,206,1,2028-05-09 06:00:00
10,215,5,2028-05-09 07:00:00
747,9,5,2028-05-09 08:00:00
837,106,5,2028-05-09 09:00:00
265,318,2,2028-05-09 10:00:00
581,367,5,2028-05-09 11:00:00
445,402,1,2028-05-09 12:00:00
139,245,4,2028-05-09 13:00:00
867,307,4,2028-05-09 14:00:00
731,103,5,2028-05-09 15:00:00
196,275,5,2028-05-09 16:00:00
74,325,5,2028-05-09 17:00:00
615,373,5,2028-05-09 18:00:00
225,338,4,2028-05-09 19:00:00
635,379,5,2028-05-09 20:00:00
102,33,1,2028-05-09 21:00:00
264,108,4,2028-05-09 22:00:00
945,422,1,2028-05-09 23:00:00
920,269,5,2028-05-10 00:00:00
999,433,5,2028-05-10 01:00:00
161,73,2,2028-05-10 02:00:00
233,346,4,2028-05-10 03:00:00
491,181,3,2028-05-10 04:00:00
787,385,3,2028-05-10 05:00:00
770,268,4,2028-05-10 06:00:00
311,152,2,2028-05-10 07:00:00
651,385,2,2028-05-10 08:00:00
227,68,4,2028-05-10 09:00:00
273,391,1,2028-05-10 10:00:00
938,372,4,2028-05-10 11:00:00
317,348,3,2028-05-10 12:00:00
899,485,5,2028-05-10 13:00:00
86,500,4,2028-05-10 14:00:00
291,197,5,2028-05-10 15:00:00
469,295,2,2028-05-10 16:00:00
729,32,3,2028-05-10 17:00:00
871,433,5,2028-05-10 18:00:00
578,415,4,2028-05-10 19:00:00
769,108,3,2028-05-10 20:00:00
647,79,5,2028-05-10 21:00:00
404,259,1,2028-05-10 22:00:00
427,497,4,2028-05-10 23:00:00
375,366,3,2028-05-11 00:00:00
902,175,3,2028-05-11 01:00:00
567,367,2,2028-05-11 02:00:00
868,15,1,2028-05-11 03:00:00
755,51,4,2028-05-11 04:00:00
252,107,5,2028-05-11 05:00:00
533,210,5,2028-05-11 06:00:00
307,469,4,2028-05-11 07:00:00
430,202,3,2028-05-11 08:00:00
675,277,5,2028-05-11 09:00:00
868,218,4,2028-05-11 10:00:00
264,41,3,2028-05-11 11:00:00
68,376,2,2028-05-11 12:00:00
107,259,5,2028-05-11 13:00:00
400,385,4,2028-05-11 14:00:00
579,405,5,2028-05-11 15:00:00
199,203,5,2028-05-11 16:00:00
192,336,4,2028-05-11 17:00:00
514,99,5,2028-05-11 18:00:00
769,149,4,2028-05-11 19:00:00
442,105,1,2028-05-11 20:00:00
1,203,4,2028-05-11 21:00:00
358,95,5,2028-05-11 22:00:00
115,177,5,2028-05-11 23:00:00
903,65,4,2028-05-12 00:00:00
600,41,3,2028-05-12 01:00:00
197,224,1,2028-05-12 02:00:00
981,67,3,2028-05-12 03:00:00
604,380,5,2028-05-12 04:00:00
274,255,5,2028-05-12 05:00:00
856,480,5,2028-05-12 06:00:00
160,298,5,2028-05-12 07:00:00
173,69,4,2028-05-12 08:00:00
545,441,4,2028-05-12 09:00:00
458,171,4,2028-05-12 10:00:00
585,101,4,2028-05-12 11:00:00
433,140,5,2028-05-12 12:00:00
929,206,3,2028-05-12 13:00:00
481,320,5,2028-05-12 14:00:00
455,364,5,2028-05-12 15:00:00
196,307,5,2028-05-12 16:00:00
796,73,1,2028-05-12 17:00:00
599,60,2,2028-05-12 18:00:00
309,455,3,2028-05-12 19:00:00
736,336,5,2028-05-12 20:00:00
556,156,5,2028-05-12 21:00:00
848,124,1,2028-05-12 22:00:00
494,455,3,2028-05-12 23:00:00
439,14,5,2028-05-13 00:00:00
650,416,3,2028-05-13 01:00:00
782,264,5,2028-05-13 02:00:00
359,27,4,2028-05-13 03:00:00
36,245,5,2028-05-13 04:00:00
34,50,4,2028-05-13 05:00:00
88,187,3,2028-05-13 06:00:00
658,57,3,2028-05-13 07:00:00
16,259,5,2028-05-13 08:00:00
745,155,3,2028-05-13 09:00:00
421,478,4,2028-05-13 10:00:00
553,34,4,2028-05-13 11:00:00
767,26,5,2028-05-13 12:00:00
793,250,2,2028-05-13 13:00:00
126,485,4,2028-05-13 14:00:00
8,424,2,2028-05-13 15:00:00
472,371,4,2028-05-13 16:00:00
468,86,4,2028-05-13 17:00:00
880,160,1,2028-05-13 18:00:00
862,425,5,2028-05-13 19:00:00
852,386,3,2028-05-13 20:00:00
510,367,4,2028-05-13 21:00:00
402,200,4,2028-05-13 22:00:00
836,106,4,2028-05-13 23:00:00
176,391,1,2028-05-14 00:00:00
740,275,5,2028-05-14 01:00:00
966,289,3,2028-05-14 02:00:00
835,258,5,2028-05-14 03:00:00
914,451,1,2028-05-14 04:00:00
367,220,4,2028-05-14 05:00:00
488,462,5,2028-05-14 06:00:00
18,15,3,2028-05-14 07:00:00
56,21,2,2028-05-14 08:00:00
919,334,2,2028-05-14 09:00:00
35,59,5,2028-05-14 10:00:00
902,360,3,2028-05-14 11:00:00
630,82,5,2028-05-14 12:00:00
794,118,3,2028-05-14 13:00:00
766,113,4,2028-05-14 14:00:00
725,295,4,2028-05-14 15:00:00
573,276,1,2028-05-14 16:00:00
600,257,4,2028-05-14 17:00:00
783,329,4,2028-05-14 18:00:00
347,265,5,2028-05-14 19:00:00
32,235,4,2028-05-14 20:00:00
908,51,5,2028-05-14 21:00:00
133,166,5,2028-05-14 22:00:00
576,231,2,2028-05-14 23:00:00
199,221,4,2028-05-15 00:00:00
256,271,2,2028-05-15 01:00:00
342,84,2,2028-05-15 02:00:00
667,230,5,2028-05-15 03:00:00
975,297,4,2028-05-15 04:00:00
231,222,4,2028-05-15 05:00:00
301,431,5,2028-05-15 06:00:00
547,154,3,2028-05-15 07:00:00
26,54,4,2028-05-15 08:00:00
535,119,4,2028-05-15 09:00:00
653,198,2,2028-05-15 10:00:00
474,423,5,2028-05-15 11:00:00
387,273,3,2028-05-15 12:00:00
285,198,4,2028-05-15 13:00:00
450,128,5,2028-05-15 14:00:00
320,92,4,2028-05-15 15:00:00
156,9,3,2028-05-15 16:00:00
471,475,3,2028-05-15 17:00:00
420,227,1,2028-05-15 18:00:00
113,46,5,2028-05-15 19:00:00
902,134,3,2028-05-15 20:00:00
651,452,2,2028-05-15 21:00:00
422,16,5,2028-05-15 22:00:00
886,215,3,2028-05-15 23:00:00
930,112,4,2028-05-16 00:00:00
721,343,4,2028-05-16 01:00:00
835,157,3,2028-05-16 02:00:00
876,425,4,2028-05-16 03:00:00
942,452,3,2028-05-16 04:00:00
994,318,5,2028-05-16 05:00:00
598,360,1,2028-05-16 06:00:00
285,376,1,2028-05-16 07:00:00
572,424,4,2028-05-16 08:00:00
54,446,2,2028-05-16 09:00:00
605,408,5,2028-05-16 10:00:00
325,390,3,2028-05-16 11:00:00
970,296,3,2028-05-16 12:00:00
458,198,3,2028-05-16 13:00:00
885,58,3,2028-05-16 14:00:00
265,398,3,2028-05-16 15:00:00
382,78,4,2028-05-16 16:00:00
213,242,5,2028-05-16 17:00:00
333,429,3,2028-05-16 18:00:00
10,367,3,2028-05-16 19:00:00
358,99,5,2028-05-16 20:00:00
203,6,1,2028-05-16 21:00:00
708,279,3,2028-05-16 22:00:00
58,318,4,2028-05-16 23:00:00
494,212,4,2028-05-17 00:00:00
510,273,2,2028-05-17 01:00:00
768,84,4,2028-05-17 02:00:00
223,112,4,2028-05-17 03:00:00
369,198,4,2028-05-17 04:00:00
692,360,4,2028-05-17 05:00:00
418,381,4,2028-05-17 06:00:00
874,28,3,2028-05-17 07:00:00
547,141,1,2028-05-17 08:00:00
871,413,1,2028-05-17 09:00:00
103,173,5,2028-05-17 10:00:00
161,20,4,2028-05-17 11:00:00
200,442,5,2028-05-17 12:00:00
160,465,5,2028-05-17 13:00:00
695,117,5,2028-05-17 14:00:00
865,54,4,2028-05-17 15:00:00
136,227,4,2028-05-17 16:00:00
942,109,3,2028-05-17 17:00:00
398,231,5,2028-05-17 18:00:00
738,320,4,2028-05-17 19:00:00
392,308,3,2028-05-17 20:00:00
755,229,3,2028-05-17 21:00:00
106,299,5,2028-05-17 22:00:00
583,87,3,2028-05-17 23:00:00
589,274,1,2028-05-18 00:00:00
54,228,4,2028-05-18 01:00:00
277,340,5,2028-05-18 02:00:00
111,310,4,2028-05-18 03:00:00
224,316,5,2028-05-18 04:00:00
75,379,5,2028-05-18 05:00:00
506,71,5,2028-05-18 06:00:00
14,228,4,2028-05-18 07:00:00
971,490,4,2028-05-18 08:00:00
770,385,3,2028-05-18 09:00:00
482,113,2,2028-05-18 10:00:00
189,293,4,2028-05-18 11:00:00
364,305,1,2028-05-18 12:00:00
239,291,4,2028-05-18 13:00:00
401,105,2,2028-05-18 14:00:00
846,451,2,2028-05-18 15:00:00
985,291,5,2028-05-18 16:00:00
304,477,4,2028-05-18 17:00:00
91,9,4,2028-05-18 18:00:00
392,165,4,2028-05-18 19:00:00
184,60,4,2028-05-18 20:00:00
17,312,3,2028-05-18 21:00:00
965,106,4,2028-05-18 22:00:00
12,111,4,2028-05-18 23:00:00
166,89,2,2028-05-19 00:00:00
146,268,3,2028-05-19 01:00:00
282,230,4,2028-05-19 02:00:00
991,327,3,2028-05-19 03:00:00
549,71,5,2028-05-19 04:00:00
582,119,5,2028-05-19 05:00:00
169,388,3,2028-05-19 06:00:00
847,445,4,2028-05-19 07:00:00
170,429,5,2028-05-19 08:00:00
765,495,5,2028-05-19 09:00:00
346,351,3,2028-05-19 10:00:00
499,434,3,2028-05-19 11:00:00
460,306,2,2028-05-19 12:00:00
297,103,4,2028-05-19 13:00:00
943,202,3,2028-05-19 14:00:00
142,432,4,2028-05-19 15:00:00
897,23,5,2028-05-19 16:00:00
785,90,5,2028-05-19 17:00:00
737,471,3,2028-05-19 18:00:00
695,93,3,2028-05-19 19:00:00
733,264,5,2028-05-19 20:00:00
53,467,3,2028-05-19 21:00:00
118,285,5,2028-05-19 22:00:00
365,171,2,2028-05-19 23:00:00
671,309,5,2028-05-20 00:00:00
958,390,4,2028-05-20 01:00:00
136,221,2,2028-05-20 02:00:00
414,24,4,2028-05-20 03:00:00
77,376,5,2028-05-20 04:00:00
848,202,3,2028-05-20 05:00:00
962,499,2,2028-05-20 06:00:00
557,124,4,2028-05-20 07:00:00
18,142,5,2028-05-20 08:00:00
867,52,2,2028-05-20 09:00:00
941,70,1,2028-05-20 10:00:00
403,260,1,2028-05-20 11:00:00
205,186,3,2028-05-20 12:00:00
499,372,1,2028-05-20 13:00:00
324,207,4,2028-05-20 14:00:00
595,293,4,2028-05-20 15:00:00
562,304,5,2028-05-20 16:00:00
281,378,4,2028-05-20 17:00:00
166,39,3,2028-05-20 18:00:00
243,348,5,2028-05-20 19:00:00
889,66,4,2028-05-20 20:00:00
479,13,5,2028-05-20 21:00:00
164,194,4,2028-05-20 22:00:00
324,316,2,2028-05-20 23:00:00
568,382,4,2028-05-21 00:00:00
551,425,2,2028-05-21 01:00:00
831,288,5,2028-05-21 02:00:00
640,436,5,2028-05-21 03:00:00
903,133,5,2028-05-21 04:00:00
634,195,4,2028-05-21 05:00:00
759,322,2,2028-05-21 06:00:00
698,78,4,2028-05-21 07:00:00
208,250,4,2028-05-21 08:00:00
315,232,3,2028-05-21 09:00:00
304,180,4,2028-05-21 10:00:00
901,382,5,2028-05-21 11:00:00
239,492,3,2028-05-21 12:00:00
727,177,2,2028-05-21 13:00:00
804,29,5,2028-05-21 14:00:00
224,496,1,2028-05-21 15:00:00
88,166,3,2028-05-21 16:00:00
537,326,4,2028-05-21 17:00:00
429,498,4,2028-05-21 18:00:00
220,226,5,2028-05-21 19:00:00
275,136,3,2028-05-21 20:00:00
647,187,5,2028-05-21 21:00:00
954,55,3,2028-05-21 22:00:00
745,366,4,2028-05-21 23:00:00
977,2,2,2028-05-22 00:00:00
66,410,4,2028-05-22 01:00:00
592,319,5,2028-05-22 02:00:00
423,17,3,2028-05-22 03:00:00
255,59,2,2028-05-22 04:00:00
125,88,4,2028-05-22 05:00:00
146,223,4,2028-05-22 06:00:00
615,272,3,2028-05-22 07:00:00
385,58,5,2028-05-22 08:00:00
447,192,4,2028-05-22 09:00:00
387,50,3,2028-05-22 10:00:00
383,213,5,2028-05-22 11:00:00
277,230,2,2028-05-22 12:00:00
382,154,5,2028-05-22 13:00:00
124,273,3,2028-05-22 14:00:00
926,370,3,2028-05-22 15:00:00
267,46,4,2028-05-22 16:00:00
790,362,4,2028-05-22 17:00:00
111,383,4,2028-05-22 18:00:00
381,452,1,2028-05-22 19:00:00
825,306,3,2028-05-22 20:00:00
601,427,4,2028-05-22 21:00:00
899,118,5,2028-05-22 22:00:00
158,176,4,2028-05-22 23:00:00
728,68,3,2028-05-23 00:00:00
896,251,4,2028-05-23 01:00:00
813,403,4,2028-05-23 02:00:00
548,230,2,2028-05-23 03:00:00
599,409,4,2028-05-23 04:00:00
118,200,4,2028-05-23 05:00:00
328,146,3,2028-05-23 06:00:00
960,51,4,2028-05-23 07:00:00
694,402,4,2028-05-23 08:00:00
68,368,5,2028-05-23 09:00:00
434,186,4,2028-05-23 10:00:00
359,320,4,2028-05-23 11:00:00
671,199,2,2028-05-23 12:00:00
797,441,4,2028-05-23 13:00:00
443,145,1,2028-05-23 14:00:00
164,59,2,2028-05-23 15:00:00
973,195,2,2028-05-23 16:00:00
361,470,4,2028-05-23 17:00:00
585,143,4,2028-05-23 18:00:00
119,223,5,2028-05-23 19:00:00
853,100,4,2028-05-23 20:00:00
195,26,4,2028-05-23 21:00:00
601,432,2,2028-05-23 22:00:00
857,14,5,2028-05-23 23:00:00
588,122,1,2028-05-24 00:00:00
733,465,4,2028-05-24 01:00:00
651,265,2,2028-05-24 02:00:00
884,7,5,2028-05-24 03:00:00
907,494,4,2028-05-24 04:00:00
241,219,5,2028-05-24 05:00:00
509,220,2,2028-05-24 06:00:00
666,183,4,2028-05-24 07:00:00
565,396,4,2028-05-24 08:00:00
142,401,1,2028-05-24 09:00:00
832,457,3,2028-05-24 10:00:00
976,108,2,2028-05-24 11:00:00
906,492,4,2028-05-24 12:00:00
31,392,3,2028-05-24 13:00:00
223,347,3,2028-05-24 14:00:00
804,124,1,2028-05-24 15:00:00
266,170,4,2028-05-24 16:00:00
282,460,1,2028-05-24 17:00:00
788,421,5,2028-05-24 18:00:00
381,404,1,2028-05-24 19:00:00
556,257,1,2028-05-24 20:00:00
62,9,4,2028-05-24 21:00:00
713,367,5,2028-05-24 22:00:00
847,280,5,2028-05-24 23:00:00
521,125,2,2028-05-25 00:00:00
71,162,3,2028-05-25 01:00:00
602,36,4,2028-05-25 02:00:00
536,4,1,2028-05-25 03:00:00
140,413,4,2028-05-25 04:00:00
316,87,4,2028-05-25 05:00:00
340,483,4,2028-05-25 06:00:00
888,400,5,2028-05-25 07:00:00
590,264,3,2028-05-25 08:00:00
726,91,4,2028-05-25 09:00:00
528,295,4,2028-05-25 10:00:00
541,58,4,2028-05-25 11:00:00
416,140,4,2028-05-25 12:00:00
467,172,5,2028-05-25 13:00:00
375,260,5,2028-05-25 14:00:00
291,495,4,2028-05-25 15:00:00
43,25,4,2028-05-25 16:00:00
864,198,4,2028-05-25 17:00:00
887,67,5,2028-05-25 18:00:00
53,423,3,2028-05-25 19:00:00
788,118,4,2028-05-25 20:00:00
883,280,4,2028-05-25 21:00:00
232,469,4,2028-05-25 22:00:00
212,6,2,2028-05-25 23:00:00
8,97,4,2028-05-26 00:00:00
634,72,4,2028-05-26 01:00:00
483,417,2,2028-05-26 02:00:00
42,432,4,2028-05-26 03:00:00
333,451,4,2028-05-26 04:00:00
233,380,5,2028-05-26 05:00:00
70,258,2,2028-05-26 06:00:00
879,38,1,2028-05-26 07:00:00
16,296,2,2028-05-26 08:00:00
69,56,5,2028-05-26 09:00:00
53,103,5,2028-05-26 10:00:00
685,103,4,2028-05-26 11:00:00
947,216,2,2028-05-26 12:00:00
994,21,4,2028-05-26 13:00:00
774,115,5,2028-05-26 14:00:00
379,210,5,2028-05-26 15:00:00
801,291,3,2028-05-26 16:00:00
463,203,5,2028-05-26 17:00:00
527,459,2,2028-05-26 18:00:00
782,323,3,2028-05-26 19:00:00
679,188,5,2028-05-26 20:00:00
63,151,4,2028-05-26 21:00:00
261,449,5,2028-05-26 22:00:00
500,191,5,2028-05-26 23:00:00
121,407,4,2028-05-27 00:00:00
858,214,3,2028-05-27 01:00:00
240,379,4,2028-05-27 02:00:00
465,42,4,2028-05-27 03:00:00
107,478,5,2028-05-27 04:00:00
180,448,4,2028-05-27 05:00:00
16,194,5,2028-05-27 06:00:00
355,250,5,2028-05-27 07:00:00
934,81,5,2028-05-27 08:00:00
309,41,5,2028-05-27 09:00:00
727,370,4,2028-05-27 10:00:00
589,20,4,2028-05-27 11:00:00
737,9,5,2028-05-27 12:00:00
605,313,4,2028-05-27 13:00:00
181,124,5,2028-05-27 14:00:00
174,203,4,2028-05-27 15:00:00
354,401,4,2028-05-27 16:00:00
354,78,4,2028-05-27 17:00:00
219,210,5,2028-05-27 18:00:00
655,18,4,2028-05-27 19:00:00
315,236,3,2028-05-27 20:00:00
434,498,3,2028-05-27 21:00:00
905,319,4,2028-05-27 22:00:00
282,200,3,2028-05-27 23:00:00
259,349,4,2028-05-28 00:00:00
868,456,5,2028-05-28 01:00:00
559,282,5,2028-05-28 02:00:00
5,476,4,2028-05-28 03:00:00
574,456,2,2028-05-28 04:00:00
980,252,4,2028-05-28 05:00:00
596,340,4,2028-05-28 06:00:00
645,239,3,2028-05-28 07:00:00
394,456,3,2028-05-28 08:00:00
336,462,3,2028-05-28 09:00:00
63,269,4,2028-05-28 10:00:00
793,119,3,2028-05-28 11:00:00
44,488,3,2028-05-28 12:00:00
153,401,5,2028-05-28 13:00:00
926,371,5,2028-05-28 14:00:00
782,282,1,2028-05-28 15:00:00
854,390,3,2028-05-28 16:00:00
683,337,4,2028-05-28 17:00:00
156,388,1,2028-05-28 18:00:00
478,345,4,2028-05-28 19:00:00
275,7,3,2028-05-28 20:00:00
358,273,3,2028-05-28 21:00:00
426,253,3,2028-05-28 22:00:00
532,342,3,2028-05-28 23:00:00
483,128,5,2028-05-29 00:00:00
214,374,5,2028-05-29 01:00:00
79,92,5,2028-05-29 02:00:00
139,306,4,2028-05-29 03:00:00
950,384,4,2028-05-29 04:00:00
98,6,3,2028-05-29 05:00:00
889,414,4,2028-05-29 06:00:00
664,74,5,2028-05-29 07:00:00
198,498,1,2028-05-29 08:00:00
785,56,4,2028-05-29 09:00:00
156,295,2,2028-05-29 10:00:00
50,398,5,2028-05-29 11:00:00
479,310,4,2028-05-29 12:00:00
228,238,5,2028-05-29 13:00:00
951,490,1,2028-05-29 14:00:00
457,22,5,2028-05-29 15:00:00
522,441,1,2028-05-29 16:00:00
149,41,3,2028-05-29 17:00:00
58,346,2,2028-05-29 18:00:00
162,266,2,2028-05-29 19:00:00
863,258,2,2028-05-29 20:00:00
477,451,4,2028-05-29 21:00:00
107,48,5,2028-05-29 22:00:00
427,298,5,2028-05-29 23:00:00
395,139,4,2028-05-30 00:00:00
801,202,2,2028-05-30 01:00:00
186,140,1,2028-05-30 02:00:00
558,142,4,2028-05-30 03:00:00
957,286,5,2028-05-30 04:00:00
446,233,4,2028-05-30 05:00:00
641,316,4,2028-05-30 06:00:00
917,461,1,2028-05-30 07:00:00
830,158,4,2028-05-30 08:00:00
448,38,4,2028-05-30 09:00:00
87,75,4,2028-05-30 10:00:00
249,321,1,2028-05-30 11:00:00
841,475,2,2028-05-30 12:00:00
440,175,5,2028-05-30 13:00:00
257,39,4,2028-05-30 14:00:00
277,491,5,2028-05-30 15:00:00
790,433,3,2028-05-30 16:00:00
438,485,4,2028-05-30 17:00:00
516,73,3,2028-05-30 18:00:00
577,58,3,2028-05-30 19:00:00
947,496,4,2028-05-30 20:00:00
202,363,4,2028-05-30 21:00:00
575,474,3,2028-05-30 22:00:00
655,89,3,2028-05-30 23:00:00
756,273,4,2028-05-31 00:00:00
804,134,3,2028-05-31 01:00:00
797,143,3,2028-05-31 02:00:00
180,451,5,2028-05-31 03:00:00
686,95,5,2028-05-31 04:00:00
325,156,5,2028-05-31 05:00:00
925,201,4,2028-05-31 06:00:00
623,428,3,2028-05-31 07:00:00
687,499,5,2028-05-31 08:00:00
475,402,3,2028-05-31 09:00:00
665,496,4,2028-05-31 10:00:00
976,488,2,2028-05-31 11:00:00
400,160,4,2028-05-31 12:00:00
868,211,5,2028-05-31 13:00:00
217,453,4,2028-05-31 14:00:00
809,172,4,2028-05-31 15:00:00
961,70,5,2028-05-31 16:00:00
453,319,1,2028-05-31 17:00:00
404,460,3,2028-05-31 18:00:00
965,314,5,2028-05-31 19:00:00
932,431,4,2028-05-31 20:00:00
989,382,4,2028-05-31 21:00:00
240,490,4,2028-05-31 22:00:00
738,145,3,2028-05-31 23:00:00
186,167,1,2028-06-01 00:00:00
48,443,3,2028-06-01 01:00:00
978,391,3,2028-06-01 02:00:00
386,319,4,2028-06-01 03:00:00
208,117,3,2028-06-01 04:00:00
157,185,4,2028-06-01 05:00:00
225,203,2,2028-06-01 06:00:00
144,162,2,2028-06-01 07:00:00
419,309,3,2028-06-01 08:00:00
111,450,4,2028-06-01 09:00:00
830,462,3,2028-06-01 10:00:00
875,338,4,2028-06-01 11:00:00
874,432,3,2028-06-01 12:00:00
465,188,2,2028-06-01 13:00:00
132,43,5,2028-06-01 14:00:00
625,201,3,2028-06-01 15:00:00
836,231,5,2028-06-01 16:00:00
947,4,5,2028-06-01 17:00:00
601,240,4,2028-06-01 18:00:00
673,206,4,2028-06-01 19:00:00
334,331,5,2028-06-01 20:00:00
920,94,5,2028-06-01 21:00:00
75,232,5,2028-06-01 22:00:00
793,363,2,2028-06-01 23:00:00
412,347,1,2028-06-02 00:00:00
519,349,2,2028-06-02 01:00:00
625,436,2,2028-06-02 02:00:00
36,160,2,2028-06-02 03:00:00
778,113,4,2028-06-02 04:00:00
625,252,4,2028-06-02 05:00:00
804,222,5,2028-06-02 06:00:00
223,346,3,2028-06-02 07:00:00
723,94,2,2028-06-02 08:00:00
530,435,4,2028-06-02 09:00:00
241,394,4,2028-06-02 10:00:00
134,396,4,2028-06-02 11:00:00
732,481,3,2028-06-02 12:00:00
391,482,5,2028-06-02 13:00:00
102,466,4,2028-06-02 14:00:00
652,167,4,2028-06-02 15:00:00
681,464,1,2028-06-02 16:00:00
498,493,5,2028-06-02 17:00:00
511,452,3,2028-06-02 18:00:00
703,138,2,2028-06-02 19:00:00
994,348,5,2028-06-02 20:00:00
537,361,4,2028-06-02 21:00:00
977,210,1,2028-06-02 22:00:00
949,256,5,2028-06-02 23:00:00
545,73,4,2028-06-03 00:00:00
343,214,5,2028-06-03 01:00:00
841,266,5,2028-06-03 02:00:00
6,360,2,2028-06-03 03:00:00
958,151,4,2028-06-03 04:00:00
194,235,3,2028-06-03 05:00:00
742,461,4,2028-06-03 06:00:00
137,216,2,2028-06-03 07:00:00
835,397,4,2028-06-03 08:00:00
912,304,5,2028-06-03 09:00:00
473,109,5,2028-06-03 10:00:00
216,345,3,2028-06-03 11:00:00
349,300,2,2028-06-03 12:00:00
876,495,3,2028-06-03 13:00:00
183,349,1,2028-06-03 14:00:00
168,464,4,2028-06-03 15:00:00
794,320,5,2028-06-03 16:00:00
38,296,2,2028-06-03 17:00:00
675,390,4,2028-06-03 18:00:00
471,120,4,2028-06-03 19:00:00
452,328,2,2028-06-03 20:00:00
955,98,3,2028-06-03 21:00:00
490,210,5,2028-06-03 22:00:00
142,427,3,2028-06-03 23:00:00
